0
SECTION
2
HEADER
9
$ANGDIR
70
1
9
$AUNITS
70
0
9
$PROJECTNAME
1
7seg_clock_ver2
9
$TDCREATE
40
2460100.66961069
9
$INSUNITS
70
4
0
ENDSEC
0
SECTION
2
ENTITIES
0
POLYLINE
66
1
8
outline
10
0.0
20
0.0
30
0.0
70
1
0
VERTEX
8
0
10
0
20
0
30
0
0
VERTEX
8
0
10
100
20
0
30
0
0
VERTEX
8
0
10
100
20
76
30
0
0
VERTEX
8
0
10
62.260000000000005
20
76
30
0
0
VERTEX
8
0
10
62.260000000000005
20
79
30
0
0
VERTEX
8
0
10
100
20
79
30
0
0
VERTEX
8
0
10
100
20
82
30
0
0
VERTEX
8
0
10
0
20
82
30
0
0
VERTEX
8
0
10
0
20
79
30
0
0
VERTEX
8
0
10
34
20
79
30
0
0
VERTEX
8
0
10
34
20
76
30
0
0
VERTEX
8
0
10
3
20
76
30
0
0
VERTEX
8
0
10
2.7385312500000003
20
75.988584375
30
0
0
VERTEX
8
0
10
2.47905625
20
75.95442187500001
30
0
0
VERTEX
8
0
10
2.22354375
20
75.897778125
30
0
0
VERTEX
8
0
10
1.973940625
20
75.819078125
30
0
0
VERTEX
8
0
10
1.73214375
20
75.718921875
30
0
0
VERTEX
8
0
10
1.5
20
75.59807500000001
30
0
0
VERTEX
8
0
10
1.279271875
20
75.45745625
30
0
0
VERTEX
8
0
10
1.0716375
20
75.298134375
30
0
0
VERTEX
8
0
10
0.8786781250000001
20
75.121321875
30
0
0
VERTEX
8
0
10
0.701865625
20
74.9283625
30
0
0
VERTEX
8
0
10
0.54254375
20
74.72072812500001
30
0
0
VERTEX
8
0
10
0.40192500000000003
20
74.5
30
0
0
VERTEX
8
0
10
0.281078125
20
74.26785625000001
30
0
0
VERTEX
8
0
10
0.180921875
20
74.026059375
30
0
0
VERTEX
8
0
10
0.102221875
20
73.77645625000001
30
0
0
VERTEX
8
0
10
0.045578125000000004
20
73.52094375
30
0
0
VERTEX
8
0
10
0.011415625
20
73.26146875
30
0
0
VERTEX
8
0
10
0
20
73
30
0
0
VERTEX
8
0
10
0
20
0
30
0
0
SEQEND
0
POLYLINE
66
1
8
holes
10
0.0
20
0.0
30
0.0
70
1
0
VERTEX
8
0
10
39
20
76
30
0
0
VERTEX
8
0
10
57.260000000000005
20
76
30
0
0
VERTEX
8
0
10
57.260000000000005
20
79
30
0
0
VERTEX
8
0
10
39
20
79
30
0
0
VERTEX
8
0
10
39
20
76
30
0
0
SEQEND
0
POLYLINE
66
1
8
holes
10
0.0
20
0.0
30
0.0
70
1
0
VERTEX
8
0
10
4.5
20
66.446428125
30
0
0
VERTEX
8
0
10
4.49235625
20
66.33955625
30
0
0
VERTEX
8
0
10
4.477109375
20
66.2335
30
0
0
VERTEX
8
0
10
4.45433125
20
66.128803125
30
0
0
VERTEX
8
0
10
4.424146875
20
66.026
30
0
0
VERTEX
8
0
10
4.386703125
20
65.92560937500001
30
0
0
VERTEX
8
0
10
4.34219375
20
65.828146875
30
0
0
VERTEX
8
0
10
4.2908437500000005
20
65.73410625
30
0
0
VERTEX
8
0
10
4.232915625
20
65.643971875
30
0
0
VERTEX
8
0
10
4.1687062500000005
20
65.55819687500001
30
0
0
VERTEX
8
0
10
4.098540625
20
65.477221875
30
0
0
VERTEX
8
0
10
4.022778125
20
65.401459375
30
0
0
VERTEX
8
0
10
3.9418031250000003
20
65.33129375
30
0
0
VERTEX
8
0
10
3.8560281250000004
20
65.267084375
30
0
0
VERTEX
8
0
10
3.76589375
20
65.20915625
30
0
0
VERTEX
8
0
10
3.671853125
20
65.15780625000001
30
0
0
VERTEX
8
0
10
3.5743906250000004
20
65.113296875
30
0
0
VERTEX
8
0
10
3.474
20
65.07585312500001
30
0
0
VERTEX
8
0
10
3.3711968750000003
20
65.04566875
30
0
0
VERTEX
8
0
10
3.2665
20
65.022890625
30
0
0
VERTEX
8
0
10
3.16044375
20
65.00764375
30
0
0
VERTEX
8
0
10
3.0535718750000003
20
65
30
0
0
VERTEX
8
0
10
2.946428125
20
65
30
0
0
VERTEX
8
0
10
2.8395562500000002
20
65.00764375
30
0
0
VERTEX
8
0
10
2.7335000000000003
20
65.022890625
30
0
0
VERTEX
8
0
10
2.628803125
20
65.04566875
30
0
0
VERTEX
8
0
10
2.5260000000000002
20
65.07585312500001
30
0
0
VERTEX
8
0
10
2.425609375
20
65.113296875
30
0
0
VERTEX
8
0
10
2.3281468750000003
20
65.15780625000001
30
0
0
VERTEX
8
0
10
2.23410625
20
65.20915625
30
0
0
VERTEX
8
0
10
2.143971875
20
65.267084375
30
0
0
VERTEX
8
0
10
2.058196875
20
65.33129375
30
0
0
VERTEX
8
0
10
1.9772218750000001
20
65.401459375
30
0
0
VERTEX
8
0
10
1.9014593750000002
20
65.477221875
30
0
0
VERTEX
8
0
10
1.8312937500000002
20
65.55819687500001
30
0
0
VERTEX
8
0
10
1.767084375
20
65.643971875
30
0
0
VERTEX
8
0
10
1.7091562500000002
20
65.73410625
30
0
0
VERTEX
8
0
10
1.6578062500000001
20
65.828146875
30
0
0
VERTEX
8
0
10
1.613296875
20
65.92560937500001
30
0
0
VERTEX
8
0
10
1.575853125
20
66.026
30
0
0
VERTEX
8
0
10
1.5456687500000001
20
66.128803125
30
0
0
VERTEX
8
0
10
1.522890625
20
66.2335
30
0
0
VERTEX
8
0
10
1.5076437500000002
20
66.33955625
30
0
0
VERTEX
8
0
10
1.5
20
66.446428125
30
0
0
VERTEX
8
0
10
1.5
20
66.553571875
30
0
0
VERTEX
8
0
10
1.5076437500000002
20
66.66044375
30
0
0
VERTEX
8
0
10
1.522890625
20
66.76650000000001
30
0
0
VERTEX
8
0
10
1.5456687500000001
20
66.87119687500001
30
0
0
VERTEX
8
0
10
1.575853125
20
66.974
30
0
0
VERTEX
8
0
10
1.613296875
20
67.074390625
30
0
0
VERTEX
8
0
10
1.6578062500000001
20
67.171853125
30
0
0
VERTEX
8
0
10
1.7091562500000002
20
67.26589375
30
0
0
VERTEX
8
0
10
1.767084375
20
67.35602812500001
30
0
0
VERTEX
8
0
10
1.8312937500000002
20
67.441803125
30
0
0
VERTEX
8
0
10
1.9014593750000002
20
67.522778125
30
0
0
VERTEX
8
0
10
1.9772218750000001
20
67.598540625
30
0
0
VERTEX
8
0
10
2.058196875
20
67.66870625
30
0
0
VERTEX
8
0
10
2.143971875
20
67.732915625
30
0
0
VERTEX
8
0
10
2.23410625
20
67.79084375000001
30
0
0
VERTEX
8
0
10
2.3281468750000003
20
67.84219375
30
0
0
VERTEX
8
0
10
2.425609375
20
67.886703125
30
0
0
VERTEX
8
0
10
2.5260000000000002
20
67.924146875
30
0
0
VERTEX
8
0
10
2.628803125
20
67.95433125000001
30
0
0
VERTEX
8
0
10
2.7335000000000003
20
67.977109375
30
0
0
VERTEX
8
0
10
2.8395562500000002
20
67.99235625
30
0
0
VERTEX
8
0
10
2.946428125
20
68
30
0
0
VERTEX
8
0
10
3.0535718750000003
20
68
30
0
0
VERTEX
8
0
10
3.16044375
20
67.99235625
30
0
0
VERTEX
8
0
10
3.2665
20
67.977109375
30
0
0
VERTEX
8
0
10
3.3711968750000003
20
67.95433125000001
30
0
0
VERTEX
8
0
10
3.474
20
67.924146875
30
0
0
VERTEX
8
0
10
3.5743906250000004
20
67.886703125
30
0
0
VERTEX
8
0
10
3.671853125
20
67.84219375
30
0
0
VERTEX
8
0
10
3.76589375
20
67.79084375000001
30
0
0
VERTEX
8
0
10
3.8560281250000004
20
67.732915625
30
0
0
VERTEX
8
0
10
3.9418031250000003
20
67.66870625
30
0
0
VERTEX
8
0
10
4.022778125
20
67.598540625
30
0
0
VERTEX
8
0
10
4.098540625
20
67.522778125
30
0
0
VERTEX
8
0
10
4.1687062500000005
20
67.441803125
30
0
0
VERTEX
8
0
10
4.232915625
20
67.35602812500001
30
0
0
VERTEX
8
0
10
4.2908437500000005
20
67.26589375
30
0
0
VERTEX
8
0
10
4.34219375
20
67.171853125
30
0
0
VERTEX
8
0
10
4.386703125
20
67.074390625
30
0
0
VERTEX
8
0
10
4.424146875
20
66.974
30
0
0
VERTEX
8
0
10
4.45433125
20
66.87119687500001
30
0
0
VERTEX
8
0
10
4.477109375
20
66.76650000000001
30
0
0
VERTEX
8
0
10
4.49235625
20
66.66044375
30
0
0
VERTEX
8
0
10
4.5
20
66.553571875
30
0
0
VERTEX
8
0
10
4.5
20
66.446428125
30
0
0
SEQEND
0
POLYLINE
66
1
8
holes
10
0.0
20
0.0
30
0.0
70
1
0
VERTEX
8
0
10
4.5
20
9.446428125
30
0
0
VERTEX
8
0
10
4.49235625
20
9.339556250000001
30
0
0
VERTEX
8
0
10
4.477109375
20
9.233500000000001
30
0
0
VERTEX
8
0
10
4.45433125
20
9.128803125000001
30
0
0
VERTEX
8
0
10
4.424146875
20
9.026
30
0
0
VERTEX
8
0
10
4.386703125
20
8.925609375
30
0
0
VERTEX
8
0
10
4.34219375
20
8.828146875
30
0
0
VERTEX
8
0
10
4.2908437500000005
20
8.73410625
30
0
0
VERTEX
8
0
10
4.232915625
20
8.643971875
30
0
0
VERTEX
8
0
10
4.1687062500000005
20
8.558196875
30
0
0
VERTEX
8
0
10
4.098540625
20
8.477221875
30
0
0
VERTEX
8
0
10
4.022778125
20
8.401459375
30
0
0
VERTEX
8
0
10
3.9418031250000003
20
8.33129375
30
0
0
VERTEX
8
0
10
3.8560281250000004
20
8.267084375
30
0
0
VERTEX
8
0
10
3.76589375
20
8.209156250000001
30
0
0
VERTEX
8
0
10
3.671853125
20
8.15780625
30
0
0
VERTEX
8
0
10
3.5743906250000004
20
8.113296875
30
0
0
VERTEX
8
0
10
3.474
20
8.075853125
30
0
0
VERTEX
8
0
10
3.3711968750000003
20
8.04566875
30
0
0
VERTEX
8
0
10
3.2665
20
8.022890625
30
0
0
VERTEX
8
0
10
3.16044375
20
8.00764375
30
0
0
VERTEX
8
0
10
3.0535718750000003
20
8
30
0
0
VERTEX
8
0
10
2.946428125
20
8
30
0
0
VERTEX
8
0
10
2.8395562500000002
20
8.00764375
30
0
0
VERTEX
8
0
10
2.7335000000000003
20
8.022890625
30
0
0
VERTEX
8
0
10
2.628803125
20
8.04566875
30
0
0
VERTEX
8
0
10
2.5260000000000002
20
8.075853125
30
0
0
VERTEX
8
0
10
2.425609375
20
8.113296875
30
0
0
VERTEX
8
0
10
2.3281468750000003
20
8.15780625
30
0
0
VERTEX
8
0
10
2.23410625
20
8.209156250000001
30
0
0
VERTEX
8
0
10
2.143971875
20
8.267084375
30
0
0
VERTEX
8
0
10
2.058196875
20
8.33129375
30
0
0
VERTEX
8
0
10
1.9772218750000001
20
8.401459375
30
0
0
VERTEX
8
0
10
1.9014593750000002
20
8.477221875
30
0
0
VERTEX
8
0
10
1.8312937500000002
20
8.558196875
30
0
0
VERTEX
8
0
10
1.767084375
20
8.643971875
30
0
0
VERTEX
8
0
10
1.7091562500000002
20
8.73410625
30
0
0
VERTEX
8
0
10
1.6578062500000001
20
8.828146875
30
0
0
VERTEX
8
0
10
1.613296875
20
8.925609375
30
0
0
VERTEX
8
0
10
1.575853125
20
9.026
30
0
0
VERTEX
8
0
10
1.5456687500000001
20
9.128803125000001
30
0
0
VERTEX
8
0
10
1.522890625
20
9.233500000000001
30
0
0
VERTEX
8
0
10
1.5076437500000002
20
9.339556250000001
30
0
0
VERTEX
8
0
10
1.5
20
9.446428125
30
0
0
VERTEX
8
0
10
1.5
20
9.553571875000001
30
0
0
VERTEX
8
0
10
1.5076437500000002
20
9.66044375
30
0
0
VERTEX
8
0
10
1.522890625
20
9.7665
30
0
0
VERTEX
8
0
10
1.5456687500000001
20
9.871196875
30
0
0
VERTEX
8
0
10
1.575853125
20
9.974
30
0
0
VERTEX
8
0
10
1.613296875
20
10.074390625000001
30
0
0
VERTEX
8
0
10
1.6578062500000001
20
10.171853125
30
0
0
VERTEX
8
0
10
1.7091562500000002
20
10.26589375
30
0
0
VERTEX
8
0
10
1.767084375
20
10.356028125
30
0
0
VERTEX
8
0
10
1.8312937500000002
20
10.441803125
30
0
0
VERTEX
8
0
10
1.9014593750000002
20
10.522778125
30
0
0
VERTEX
8
0
10
1.9772218750000001
20
10.598540625
30
0
0
VERTEX
8
0
10
2.058196875
20
10.668706250000001
30
0
0
VERTEX
8
0
10
2.143971875
20
10.732915625
30
0
0
VERTEX
8
0
10
2.23410625
20
10.79084375
30
0
0
VERTEX
8
0
10
2.3281468750000003
20
10.84219375
30
0
0
VERTEX
8
0
10
2.425609375
20
10.886703125
30
0
0
VERTEX
8
0
10
2.5260000000000002
20
10.924146875
30
0
0
VERTEX
8
0
10
2.628803125
20
10.954331250000001
30
0
0
VERTEX
8
0
10
2.7335000000000003
20
10.977109375000001
30
0
0
VERTEX
8
0
10
2.8395562500000002
20
10.99235625
30
0
0
VERTEX
8
0
10
2.946428125
20
11
30
0
0
VERTEX
8
0
10
3.0535718750000003
20
11
30
0
0
VERTEX
8
0
10
3.16044375
20
10.99235625
30
0
0
VERTEX
8
0
10
3.2665
20
10.977109375000001
30
0
0
VERTEX
8
0
10
3.3711968750000003
20
10.954331250000001
30
0
0
VERTEX
8
0
10
3.474
20
10.924146875
30
0
0
VERTEX
8
0
10
3.5743906250000004
20
10.886703125
30
0
0
VERTEX
8
0
10
3.671853125
20
10.84219375
30
0
0
VERTEX
8
0
10
3.76589375
20
10.79084375
30
0
0
VERTEX
8
0
10
3.8560281250000004
20
10.732915625
30
0
0
VERTEX
8
0
10
3.9418031250000003
20
10.668706250000001
30
0
0
VERTEX
8
0
10
4.022778125
20
10.598540625
30
0
0
VERTEX
8
0
10
4.098540625
20
10.522778125
30
0
0
VERTEX
8
0
10
4.1687062500000005
20
10.441803125
30
0
0
VERTEX
8
0
10
4.232915625
20
10.356028125
30
0
0
VERTEX
8
0
10
4.2908437500000005
20
10.26589375
30
0
0
VERTEX
8
0
10
4.34219375
20
10.171853125
30
0
0
VERTEX
8
0
10
4.386703125
20
10.074390625000001
30
0
0
VERTEX
8
0
10
4.424146875
20
9.974
30
0
0
VERTEX
8
0
10
4.45433125
20
9.871196875
30
0
0
VERTEX
8
0
10
4.477109375
20
9.7665
30
0
0
VERTEX
8
0
10
4.49235625
20
9.66044375
30
0
0
VERTEX
8
0
10
4.5
20
9.553571875000001
30
0
0
VERTEX
8
0
10
4.5
20
9.446428125
30
0
0
SEQEND
0
POLYLINE
66
1
8
holes
10
0.0
20
0.0
30
0.0
70
1
0
VERTEX
8
0
10
98.5
20
9.446428125
30
0
0
VERTEX
8
0
10
98.49235625
20
9.339556250000001
30
0
0
VERTEX
8
0
10
98.477109375
20
9.233500000000001
30
0
0
VERTEX
8
0
10
98.45433125000001
20
9.128803125000001
30
0
0
VERTEX
8
0
10
98.424146875
20
9.026
30
0
0
VERTEX
8
0
10
98.38670312500001
20
8.925609375
30
0
0
VERTEX
8
0
10
98.34219375
20
8.828146875
30
0
0
VERTEX
8
0
10
98.29084375000001
20
8.73410625
30
0
0
VERTEX
8
0
10
98.232915625
20
8.643971875
30
0
0
VERTEX
8
0
10
98.16870625
20
8.558196875
30
0
0
VERTEX
8
0
10
98.098540625
20
8.477221875
30
0
0
VERTEX
8
0
10
98.022778125
20
8.401459375
30
0
0
VERTEX
8
0
10
97.941803125
20
8.33129375
30
0
0
VERTEX
8
0
10
97.85602812500001
20
8.267084375
30
0
0
VERTEX
8
0
10
97.76589375
20
8.209156250000001
30
0
0
VERTEX
8
0
10
97.671853125
20
8.15780625
30
0
0
VERTEX
8
0
10
97.574390625
20
8.113296875
30
0
0
VERTEX
8
0
10
97.474
20
8.075853125
30
0
0
VERTEX
8
0
10
97.37119687500001
20
8.04566875
30
0
0
VERTEX
8
0
10
97.26650000000001
20
8.022890625
30
0
0
VERTEX
8
0
10
97.16044375
20
8.00764375
30
0
0
VERTEX
8
0
10
97.053571875
20
8
30
0
0
VERTEX
8
0
10
96.94642812500001
20
8
30
0
0
VERTEX
8
0
10
96.83955625
20
8.00764375
30
0
0
VERTEX
8
0
10
96.7335
20
8.022890625
30
0
0
VERTEX
8
0
10
96.628803125
20
8.04566875
30
0
0
VERTEX
8
0
10
96.52600000000001
20
8.075853125
30
0
0
VERTEX
8
0
10
96.42560937500001
20
8.113296875
30
0
0
VERTEX
8
0
10
96.328146875
20
8.15780625
30
0
0
VERTEX
8
0
10
96.23410625000001
20
8.209156250000001
30
0
0
VERTEX
8
0
10
96.143971875
20
8.267084375
30
0
0
VERTEX
8
0
10
96.05819687500001
20
8.33129375
30
0
0
VERTEX
8
0
10
95.977221875
20
8.401459375
30
0
0
VERTEX
8
0
10
95.901459375
20
8.477221875
30
0
0
VERTEX
8
0
10
95.83129375
20
8.558196875
30
0
0
VERTEX
8
0
10
95.76708437500001
20
8.643971875
30
0
0
VERTEX
8
0
10
95.70915625
20
8.73410625
30
0
0
VERTEX
8
0
10
95.65780625000001
20
8.828146875
30
0
0
VERTEX
8
0
10
95.613296875
20
8.925609375
30
0
0
VERTEX
8
0
10
95.57585312500001
20
9.026
30
0
0
VERTEX
8
0
10
95.54566875
20
9.128803125000001
30
0
0
VERTEX
8
0
10
95.522890625
20
9.233500000000001
30
0
0
VERTEX
8
0
10
95.50764375
20
9.339556250000001
30
0
0
VERTEX
8
0
10
95.5
20
9.446428125
30
0
0
VERTEX
8
0
10
95.5
20
9.553571875000001
30
0
0
VERTEX
8
0
10
95.50764375
20
9.66044375
30
0
0
VERTEX
8
0
10
95.522890625
20
9.7665
30
0
0
VERTEX
8
0
10
95.54566875
20
9.871196875
30
0
0
VERTEX
8
0
10
95.57585312500001
20
9.974
30
0
0
VERTEX
8
0
10
95.613296875
20
10.074390625000001
30
0
0
VERTEX
8
0
10
95.65780625000001
20
10.171853125
30
0
0
VERTEX
8
0
10
95.70915625
20
10.26589375
30
0
0
VERTEX
8
0
10
95.76708437500001
20
10.356028125
30
0
0
VERTEX
8
0
10
95.83129375
20
10.441803125
30
0
0
VERTEX
8
0
10
95.901459375
20
10.522778125
30
0
0
VERTEX
8
0
10
95.977221875
20
10.598540625
30
0
0
VERTEX
8
0
10
96.05819687500001
20
10.668706250000001
30
0
0
VERTEX
8
0
10
96.143971875
20
10.732915625
30
0
0
VERTEX
8
0
10
96.23410625000001
20
10.79084375
30
0
0
VERTEX
8
0
10
96.328146875
20
10.84219375
30
0
0
VERTEX
8
0
10
96.42560937500001
20
10.886703125
30
0
0
VERTEX
8
0
10
96.52600000000001
20
10.924146875
30
0
0
VERTEX
8
0
10
96.628803125
20
10.954331250000001
30
0
0
VERTEX
8
0
10
96.7335
20
10.977109375000001
30
0
0
VERTEX
8
0
10
96.83955625
20
10.99235625
30
0
0
VERTEX
8
0
10
96.94642812500001
20
11
30
0
0
VERTEX
8
0
10
97.053571875
20
11
30
0
0
VERTEX
8
0
10
97.16044375
20
10.99235625
30
0
0
VERTEX
8
0
10
97.26650000000001
20
10.977109375000001
30
0
0
VERTEX
8
0
10
97.37119687500001
20
10.954331250000001
30
0
0
VERTEX
8
0
10
97.474
20
10.924146875
30
0
0
VERTEX
8
0
10
97.574390625
20
10.886703125
30
0
0
VERTEX
8
0
10
97.671853125
20
10.84219375
30
0
0
VERTEX
8
0
10
97.76589375
20
10.79084375
30
0
0
VERTEX
8
0
10
97.85602812500001
20
10.732915625
30
0
0
VERTEX
8
0
10
97.941803125
20
10.668706250000001
30
0
0
VERTEX
8
0
10
98.022778125
20
10.598540625
30
0
0
VERTEX
8
0
10
98.098540625
20
10.522778125
30
0
0
VERTEX
8
0
10
98.16870625
20
10.441803125
30
0
0
VERTEX
8
0
10
98.232915625
20
10.356028125
30
0
0
VERTEX
8
0
10
98.29084375000001
20
10.26589375
30
0
0
VERTEX
8
0
10
98.34219375
20
10.171853125
30
0
0
VERTEX
8
0
10
98.38670312500001
20
10.074390625000001
30
0
0
VERTEX
8
0
10
98.424146875
20
9.974
30
0
0
VERTEX
8
0
10
98.45433125000001
20
9.871196875
30
0
0
VERTEX
8
0
10
98.477109375
20
9.7665
30
0
0
VERTEX
8
0
10
98.49235625
20
9.66044375
30
0
0
VERTEX
8
0
10
98.5
20
9.553571875000001
30
0
0
VERTEX
8
0
10
98.5
20
9.446428125
30
0
0
SEQEND
0
POLYLINE
66
1
8
holes
10
0.0
20
0.0
30
0.0
70
1
0
VERTEX
8
0
10
98.5
20
66.446428125
30
0
0
VERTEX
8
0
10
98.49235625
20
66.33955625
30
0
0
VERTEX
8
0
10
98.477109375
20
66.2335
30
0
0
VERTEX
8
0
10
98.45433125000001
20
66.128803125
30
0
0
VERTEX
8
0
10
98.424146875
20
66.026
30
0
0
VERTEX
8
0
10
98.38670312500001
20
65.92560937500001
30
0
0
VERTEX
8
0
10
98.34219375
20
65.828146875
30
0
0
VERTEX
8
0
10
98.29084375000001
20
65.73410625
30
0
0
VERTEX
8
0
10
98.232915625
20
65.643971875
30
0
0
VERTEX
8
0
10
98.16870625
20
65.55819687500001
30
0
0
VERTEX
8
0
10
98.098540625
20
65.477221875
30
0
0
VERTEX
8
0
10
98.022778125
20
65.401459375
30
0
0
VERTEX
8
0
10
97.941803125
20
65.33129375
30
0
0
VERTEX
8
0
10
97.85602812500001
20
65.267084375
30
0
0
VERTEX
8
0
10
97.76589375
20
65.20915625
30
0
0
VERTEX
8
0
10
97.671853125
20
65.15780625000001
30
0
0
VERTEX
8
0
10
97.574390625
20
65.113296875
30
0
0
VERTEX
8
0
10
97.474
20
65.07585312500001
30
0
0
VERTEX
8
0
10
97.37119687500001
20
65.04566875
30
0
0
VERTEX
8
0
10
97.26650000000001
20
65.022890625
30
0
0
VERTEX
8
0
10
97.16044375
20
65.00764375
30
0
0
VERTEX
8
0
10
97.053571875
20
65
30
0
0
VERTEX
8
0
10
96.94642812500001
20
65
30
0
0
VERTEX
8
0
10
96.83955625
20
65.00764375
30
0
0
VERTEX
8
0
10
96.7335
20
65.022890625
30
0
0
VERTEX
8
0
10
96.628803125
20
65.04566875
30
0
0
VERTEX
8
0
10
96.52600000000001
20
65.07585312500001
30
0
0
VERTEX
8
0
10
96.42560937500001
20
65.113296875
30
0
0
VERTEX
8
0
10
96.328146875
20
65.15780625000001
30
0
0
VERTEX
8
0
10
96.23410625000001
20
65.20915625
30
0
0
VERTEX
8
0
10
96.143971875
20
65.267084375
30
0
0
VERTEX
8
0
10
96.05819687500001
20
65.33129375
30
0
0
VERTEX
8
0
10
95.977221875
20
65.401459375
30
0
0
VERTEX
8
0
10
95.901459375
20
65.477221875
30
0
0
VERTEX
8
0
10
95.83129375
20
65.55819687500001
30
0
0
VERTEX
8
0
10
95.76708437500001
20
65.643971875
30
0
0
VERTEX
8
0
10
95.70915625
20
65.73410625
30
0
0
VERTEX
8
0
10
95.65780625000001
20
65.828146875
30
0
0
VERTEX
8
0
10
95.613296875
20
65.92560937500001
30
0
0
VERTEX
8
0
10
95.57585312500001
20
66.026
30
0
0
VERTEX
8
0
10
95.54566875
20
66.128803125
30
0
0
VERTEX
8
0
10
95.522890625
20
66.2335
30
0
0
VERTEX
8
0
10
95.50764375
20
66.33955625
30
0
0
VERTEX
8
0
10
95.5
20
66.446428125
30
0
0
VERTEX
8
0
10
95.5
20
66.553571875
30
0
0
VERTEX
8
0
10
95.50764375
20
66.66044375
30
0
0
VERTEX
8
0
10
95.522890625
20
66.76650000000001
30
0
0
VERTEX
8
0
10
95.54566875
20
66.87119687500001
30
0
0
VERTEX
8
0
10
95.57585312500001
20
66.974
30
0
0
VERTEX
8
0
10
95.613296875
20
67.074390625
30
0
0
VERTEX
8
0
10
95.65780625000001
20
67.171853125
30
0
0
VERTEX
8
0
10
95.70915625
20
67.26589375
30
0
0
VERTEX
8
0
10
95.76708437500001
20
67.35602812500001
30
0
0
VERTEX
8
0
10
95.83129375
20
67.441803125
30
0
0
VERTEX
8
0
10
95.901459375
20
67.522778125
30
0
0
VERTEX
8
0
10
95.977221875
20
67.598540625
30
0
0
VERTEX
8
0
10
96.05819687500001
20
67.66870625
30
0
0
VERTEX
8
0
10
96.143971875
20
67.732915625
30
0
0
VERTEX
8
0
10
96.23410625000001
20
67.79084375000001
30
0
0
VERTEX
8
0
10
96.328146875
20
67.84219375
30
0
0
VERTEX
8
0
10
96.42560937500001
20
67.886703125
30
0
0
VERTEX
8
0
10
96.52600000000001
20
67.924146875
30
0
0
VERTEX
8
0
10
96.628803125
20
67.95433125000001
30
0
0
VERTEX
8
0
10
96.7335
20
67.977109375
30
0
0
VERTEX
8
0
10
96.83955625
20
67.99235625
30
0
0
VERTEX
8
0
10
96.94642812500001
20
68
30
0
0
VERTEX
8
0
10
97.053571875
20
68
30
0
0
VERTEX
8
0
10
97.16044375
20
67.99235625
30
0
0
VERTEX
8
0
10
97.26650000000001
20
67.977109375
30
0
0
VERTEX
8
0
10
97.37119687500001
20
67.95433125000001
30
0
0
VERTEX
8
0
10
97.474
20
67.924146875
30
0
0
VERTEX
8
0
10
97.574390625
20
67.886703125
30
0
0
VERTEX
8
0
10
97.671853125
20
67.84219375
30
0
0
VERTEX
8
0
10
97.76589375
20
67.79084375000001
30
0
0
VERTEX
8
0
10
97.85602812500001
20
67.732915625
30
0
0
VERTEX
8
0
10
97.941803125
20
67.66870625
30
0
0
VERTEX
8
0
10
98.022778125
20
67.598540625
30
0
0
VERTEX
8
0
10
98.098540625
20
67.522778125
30
0
0
VERTEX
8
0
10
98.16870625
20
67.441803125
30
0
0
VERTEX
8
0
10
98.232915625
20
67.35602812500001
30
0
0
VERTEX
8
0
10
98.29084375000001
20
67.26589375
30
0
0
VERTEX
8
0
10
98.34219375
20
67.171853125
30
0
0
VERTEX
8
0
10
98.38670312500001
20
67.074390625
30
0
0
VERTEX
8
0
10
98.424146875
20
66.974
30
0
0
VERTEX
8
0
10
98.45433125000001
20
66.87119687500001
30
0
0
VERTEX
8
0
10
98.477109375
20
66.76650000000001
30
0
0
VERTEX
8
0
10
98.49235625
20
66.66044375
30
0
0
VERTEX
8
0
10
98.5
20
66.553571875
30
0
0
VERTEX
8
0
10
98.5
20
66.446428125
30
0
0
SEQEND
0
POLYLINE
66
1
8
16_copper
10
0.0
20
0.0
30
0.0
70
1
0
VERTEX
8
0
10
11.600000000000001
20
72.215
30
0
0
VERTEX
8
0
10
8.4
20
72.215
30
0
0
VERTEX
8
0
10
8.4
20
70.94500000000001
30
0
0
VERTEX
8
0
10
11.600000000000001
20
70.94500000000001
30
0
0
SEQEND
0
POLYLINE
66
1
8
16_copper
10
0.0
20
0.0
30
0.0
70
1
0
VERTEX
8
0
10
11.600000000000001
20
53.215
30
0
0
VERTEX
8
0
10
8.4
20
53.215
30
0
0
VERTEX
8
0
10
8.4
20
51.945
30
0
0
VERTEX
8
0
10
11.600000000000001
20
51.945
30
0
0
SEQEND
0
POLYLINE
66
1
8
16_copper
10
0.0
20
0.0
30
0.0
70
1
0
VERTEX
8
0
10
11.600000000000001
20
34.215
30
0
0
VERTEX
8
0
10
8.4
20
34.215
30
0
0
VERTEX
8
0
10
8.4
20
32.945
30
0
0
VERTEX
8
0
10
11.600000000000001
20
32.945
30
0
0
SEQEND
0
POLYLINE
66
1
8
16_copper
10
0.0
20
0.0
30
0.0
70
1
0
VERTEX
8
0
10
31.075000000000003
20
14.955
30
0
0
VERTEX
8
0
10
29.275000000000002
20
14.955
30
0
0
VERTEX
8
0
10
29.275000000000002
20
14.305000000000001
30
0
0
VERTEX
8
0
10
31.075000000000003
20
14.305000000000001
30
0
0
SEQEND
0
POLYLINE
66
1
8
16_copper
10
0.0
20
0.0
30
0.0
70
1
0
VERTEX
8
0
10
9.6058
20
5.355
30
0
0
VERTEX
8
0
10
8.405800000000001
20
5.355
30
0
0
VERTEX
8
0
10
8.405800000000001
20
4.755
30
0
0
VERTEX
8
0
10
9.6058
20
4.755
30
0
0
SEQEND
0
POLYLINE
66
1
8
1_copper
10
0.0
20
0.0
30
0.0
70
1
0
VERTEX
8
0
10
43.821421875
20
69.577909375
30
0
42
0.9999999999999999
0
VERTEX
8
0
10
43.678578125
20
70.17289062500001
30
0
0
VERTEX
8
0
10
43.632921875
20
70.15805312500001
30
0
42
0.8540802499586613
0
VERTEX
8
0
10
43.774003125
20
69.5704
30
0
0
SEQEND
0
POLYLINE
66
1
8
1_copper
10
0.0
20
0.0
30
0.0
70
1
0
VERTEX
8
0
10
7.571421875
20
65.202509375
30
0
42
0.9999999999999999
0
VERTEX
8
0
10
7.4285781250000005
20
65.79749062500001
30
0
0
VERTEX
8
0
10
7.382921875
20
65.78265312500001
30
0
42
0.8540802499586613
0
VERTEX
8
0
10
7.524003125
20
65.19500000000001
30
0
0
SEQEND
0
POLYLINE
66
1
8
1_copper
10
0.0
20
0.0
30
0.0
70
1
0
VERTEX
8
0
10
52.176421875
20
61.757509375000005
30
0
42
0.9999999999999999
0
VERTEX
8
0
10
52.033578125000005
20
62.352490625
30
0
0
VERTEX
8
0
10
51.987921875000005
20
62.337653125
30
0
42
0.8540802499586613
0
VERTEX
8
0
10
52.129003125000004
20
61.75
30
0
0
SEQEND
0
POLYLINE
66
1
8
1_copper
10
0.0
20
0.0
30
0.0
70
1
0
VERTEX
8
0
10
43.771421875
20
50.502509375
30
0
42
0.9999999999999999
0
VERTEX
8
0
10
43.628578125000004
20
51.097490625
30
0
0
VERTEX
8
0
10
43.582921875000004
20
51.082653125
30
0
42
0.8540802499586613
0
VERTEX
8
0
10
43.724003125
20
50.495000000000005
30
0
0
SEQEND
0
POLYLINE
66
1
8
1_copper
10
0.0
20
0.0
30
0.0
70
1
0
VERTEX
8
0
10
9.021421875
20
46.102509375000004
30
0
42
0.9999999999999999
0
VERTEX
8
0
10
8.878578125
20
46.697490625
30
0
0
VERTEX
8
0
10
8.832921875
20
46.682653125
30
0
42
0.8540802499586613
0
VERTEX
8
0
10
8.974003125000001
20
46.095
30
0
0
SEQEND
0
POLYLINE
66
1
8
1_copper
10
0.0
20
0.0
30
0.0
70
1
0
VERTEX
8
0
10
52.226421875
20
42.757509375000005
30
0
42
0.9999999999999999
0
VERTEX
8
0
10
52.083578125
20
43.352490625
30
0
0
VERTEX
8
0
10
52.037921875
20
43.337653125
30
0
42
0.8540802499586613
0
VERTEX
8
0
10
52.179003125
20
42.75
30
0
0
SEQEND
0
POLYLINE
66
1
8
1_copper
10
0.0
20
0.0
30
0.0
70
1
0
VERTEX
8
0
10
43.771421875
20
31.577909375
30
0
42
0.9999999999999999
0
VERTEX
8
0
10
43.628578125000004
20
32.172890625
30
0
0
VERTEX
8
0
10
43.582921875000004
20
32.158053125
30
0
42
0.8540802499586613
0
VERTEX
8
0
10
43.724003125
20
31.570400000000003
30
0
0
SEQEND
0
POLYLINE
66
1
8
1_copper
10
0.0
20
0.0
30
0.0
70
1
0
VERTEX
8
0
10
9.071421875
20
27.052509375
30
0
42
0.9999999999999999
0
VERTEX
8
0
10
8.928578125
20
27.647490625
30
0
0
VERTEX
8
0
10
8.882921875000001
20
27.632653125
30
0
42
0.8540802499586613
0
VERTEX
8
0
10
9.024003125
20
27.045
30
0
0
SEQEND
0
POLYLINE
66
1
8
1_copper
10
0.0
20
0.0
30
0.0
70
1
0
VERTEX
8
0
10
52.071421875000006
20
23.752509375000002
30
0
42
0.9999999999999999
0
VERTEX
8
0
10
51.928578125
20
24.347490625000002
30
0
0
VERTEX
8
0
10
51.882921875
20
24.332653125
30
0
42
0.8540802499586613
0
VERTEX
8
0
10
52.024003125
20
23.745
30
0
0
SEQEND
0
POLYLINE
66
1
8
1_copper
10
0.0
20
0.0
30
0.0
70
1
0
VERTEX
8
0
10
22.221421875
20
14.102509375
30
0
42
0.9999999999999999
0
VERTEX
8
0
10
22.078578125
20
14.697490625
30
0
0
VERTEX
8
0
10
22.032921875
20
14.682653125
30
0
42
0.8540802499586613
0
VERTEX
8
0
10
22.174003125000002
20
14.095
30
0
0
SEQEND
0
POLYLINE
66
1
8
1_copper
10
0.0
20
0.0
30
0.0
70
1
0
VERTEX
8
0
10
19.171421875
20
14.102509375
30
0
42
0.9999999999999999
0
VERTEX
8
0
10
19.028578125
20
14.697490625
30
0
0
VERTEX
8
0
10
18.982921875000002
20
14.682653125
30
0
42
0.8540802499586613
0
VERTEX
8
0
10
19.124003125
20
14.095
30
0
0
SEQEND
0
POLYLINE
66
1
8
1_copper
10
0.0
20
0.0
30
0.0
70
1
0
VERTEX
8
0
10
5.046821875
20
13.652509375000001
30
0
42
0.9999999999999999
0
VERTEX
8
0
10
4.903978125
20
14.247490625000001
30
0
0
VERTEX
8
0
10
4.858321875000001
20
14.232653125
30
0
42
0.8540802499586613
0
VERTEX
8
0
10
4.999403125000001
20
13.645000000000001
30
0
0
SEQEND
0
POLYLINE
66
1
8
1_copper
10
0.0
20
0.0
30
0.0
70
1
0
VERTEX
8
0
10
5.152421875
20
12.508109375
30
0
42
0.9999999999999999
0
VERTEX
8
0
10
5.009578125
20
13.103090625
30
0
0
VERTEX
8
0
10
4.9639218750000005
20
13.088253125000001
30
0
42
0.8540802499586613
0
VERTEX
8
0
10
5.1050031250000005
20
12.5006
30
0
0
SEQEND
0
POLYLINE
66
1
8
1_copper
10
0.0
20
0.0
30
0.0
70
1
0
VERTEX
8
0
10
43.771421875
20
12.427909375
30
0
42
0.9999999999999999
0
VERTEX
8
0
10
43.628578125000004
20
13.022890625
30
0
0
VERTEX
8
0
10
43.582921875000004
20
13.008053125
30
0
42
0.8540802499586613
0
VERTEX
8
0
10
43.724003125
20
12.4204
30
0
0
SEQEND
0
POLYLINE
66
1
8
1_copper
10
0.0
20
0.0
30
0.0
70
1
0
VERTEX
8
0
10
17.471421875
20
4.752509375
30
0
42
0.9999999999999999
0
VERTEX
8
0
10
17.328578125
20
5.347490625
30
0
0
VERTEX
8
0
10
17.282921875
20
5.332653125
30
0
42
0.8540802499586613
0
VERTEX
8
0
10
17.424003125000002
20
4.745
30
0
0
SEQEND
0
POLYLINE
66
1
8
1_copper
10
0.0
20
0.0
30
0.0
70
1
0
VERTEX
8
0
10
52.721421875000004
20
3.902509375
30
0
42
0.9999999999999999
0
VERTEX
8
0
10
52.578578125
20
4.497490625
30
0
0
VERTEX
8
0
10
52.532921875
20
4.482653125000001
30
0
42
0.8540802499586613
0
VERTEX
8
0
10
52.674003125000006
20
3.895
30
0
0
SEQEND
0
POLYLINE
66
1
8
1_copper
10
0.0
20
0.0
30
0.0
70
1
0
VERTEX
8
0
10
14.571421875
20
3.702509375
30
0
42
0.9999999999999999
0
VERTEX
8
0
10
14.428578125000001
20
4.297490625
30
0
0
VERTEX
8
0
10
14.382921875000001
20
4.282653125
30
0
42
0.8540802499586613
0
VERTEX
8
0
10
14.524003125
20
3.6950000000000003
30
0
0
SEQEND
0
POLYLINE
66
1
8
16_copper
10
0.0
20
0.0
30
0.0
70
1
0
VERTEX
8
0
10
43.792321875
20
69.49675625
30
0
42
0.3676098325101004
0
VERTEX
8
0
10
44.130515625
20
69.8562125
30
0
0
VERTEX
8
0
10
44.129850000000005
20
69.90498125
30
0
42
0.06076264356317692
0
VERTEX
8
0
10
44.10995625
20
70.00027187500001
30
0
0
VERTEX
8
0
10
44.1064
20
70.00873125
30
0
0
VERTEX
8
0
10
44.1064
20
70.5149
30
0
0
VERTEX
8
0
10
44.18585
20
70.5149
30
0
0
VERTEX
8
0
10
44.18585
20
71.4851
30
0
0
VERTEX
8
0
10
43.26495
20
71.4851
30
0
0
VERTEX
8
0
10
43.26495
20
70.5149
30
0
0
VERTEX
8
0
10
43.3444
20
70.5149
30
0
0
VERTEX
8
0
10
43.3444
20
69.9
30
0
0
VERTEX
8
0
10
43.345346875000004
20
69.885221875
30
0
0
VERTEX
8
0
10
43.34555
20
69.87041875
30
0
42
0.17212934215951697
0
VERTEX
8
0
10
43.44926875
20
69.63778437500001
30
0
0
VERTEX
8
0
10
43.45150625
20
69.635153125
30
0
0
VERTEX
8
0
10
43.45300625
20
69.633790625
30
0
0
VERTEX
8
0
10
43.455993750000005
20
69.63059375
30
0
0
VERTEX
8
0
10
43.480593750000004
20
69.60599375000001
30
0
42
0.18693130283496887
0
VERTEX
8
0
10
43.743603125
20
69.494453125
30
0
0
SEQEND
0
POLYLINE
66
1
8
16_copper
10
0.0
20
0.0
30
0.0
70
1
0
VERTEX
8
0
10
9.014778125000001
20
65.119946875
30
0
0
VERTEX
8
0
10
9.02958125
20
65.12015000000001
30
0
42
0.17212934215951697
0
VERTEX
8
0
10
9.262215625
20
65.22386875000001
30
0
0
VERTEX
8
0
10
9.264846875
20
65.22610625
30
0
0
VERTEX
8
0
10
9.266209375
20
65.22760625000001
30
0
0
VERTEX
8
0
10
9.269406250000001
20
65.23059375
30
0
0
VERTEX
8
0
10
9.9038125
20
65.86500000000001
30
0
0
VERTEX
8
0
10
11.600000000000001
20
65.86500000000001
30
0
0
VERTEX
8
0
10
11.600000000000001
20
67.135
30
0
0
VERTEX
8
0
10
8.4
20
67.135
30
0
0
VERTEX
8
0
10
8.4
20
65.881
30
0
0
VERTEX
8
0
10
7.5
20
65.881
30
0
0
VERTEX
8
0
10
7.451328125000001
20
65.87787812500001
30
0
42
0.9068369069401623
0
VERTEX
8
0
10
7.474425
20
65.119859375
30
0
0
VERTEX
8
0
10
7.5
20
65.119
30
0
0
VERTEX
8
0
10
9
20
65.119
30
0
0
SEQEND
0
POLYLINE
66
1
8
16_copper
10
0.0
20
0.0
30
0.0
70
1
0
VERTEX
8
0
10
53.542871875
20
61.677121875000005
30
0
42
0.12880607164010835
0
VERTEX
8
0
10
53.721884375
20
61.749515625
30
0
0
VERTEX
8
0
10
53.7283375
20
61.755
30
0
0
VERTEX
8
0
10
54.0942
20
61.755
30
0
0
VERTEX
8
0
10
54.0942
20
62.355000000000004
30
0
0
VERTEX
8
0
10
53.727896875000006
20
62.355000000000004
30
0
0
VERTEX
8
0
10
53.7028625
20
62.37378125
30
0
42
0.12880531015851146
0
VERTEX
8
0
10
53.519775
20
62.435140625
30
0
0
VERTEX
8
0
10
53.4942
20
62.436
30
0
0
VERTEX
8
0
10
52.105000000000004
20
62.436
30
0
0
VERTEX
8
0
10
52.056328125
20
62.432878125
30
0
42
0.9068369069401623
0
VERTEX
8
0
10
52.079425
20
61.674859375000004
30
0
0
VERTEX
8
0
10
52.105000000000004
20
61.674
30
0
0
VERTEX
8
0
10
53.4942
20
61.674
30
0
0
SEQEND
0
POLYLINE
66
1
8
16_copper
10
0.0
20
0.0
30
0.0
70
1
0
VERTEX
8
0
10
43.72958125
20
50.42015
30
0
42
0.1548957684999561
0
VERTEX
8
0
10
43.950715625
20
50.513115625000005
30
0
0
VERTEX
8
0
10
43.96940625
20
50.53059375
30
0
0
VERTEX
8
0
10
43.99480625
20
50.55599375
30
0
42
0.19222741378105385
0
VERTEX
8
0
10
44.106071875000005
20
50.815593750000005
30
0
0
VERTEX
8
0
10
44.106346875
20
50.819003125
30
0
0
VERTEX
8
0
10
44.106253125
20
50.821003125000004
30
0
0
VERTEX
8
0
10
44.1064
20
50.8254
30
0
0
VERTEX
8
0
10
44.1064
20
51.514900000000004
30
0
0
VERTEX
8
0
10
44.18585
20
51.514900000000004
30
0
0
VERTEX
8
0
10
44.18585
20
52.4851
30
0
0
VERTEX
8
0
10
43.26495
20
52.4851
30
0
0
VERTEX
8
0
10
43.26495
20
51.514900000000004
30
0
0
VERTEX
8
0
10
43.3444
20
51.514900000000004
30
0
0
VERTEX
8
0
10
43.3444
20
50.934946875
30
0
0
VERTEX
8
0
10
43.333109375
20
50.902725000000004
30
0
0
VERTEX
8
0
10
43.32299375
20
50.8550125
30
0
0
VERTEX
8
0
10
43.319053125
20
50.806396875000004
30
0
42
0.4044086096443444
0
VERTEX
8
0
10
43.6808125
20
50.419484375
30
0
0
SEQEND
0
POLYLINE
66
1
8
16_copper
10
0.0
20
0.0
30
0.0
70
1
0
VERTEX
8
0
10
8.97958125
20
46.02015
30
0
42
0.16150821689739783
0
VERTEX
8
0
10
9.200715625
20
46.113115625
30
0
0
VERTEX
8
0
10
9.21940625
20
46.13059375
30
0
0
VERTEX
8
0
10
9.9538125
20
46.865
30
0
0
VERTEX
8
0
10
11.600000000000001
20
46.865
30
0
0
VERTEX
8
0
10
11.600000000000001
20
48.135000000000005
30
0
0
VERTEX
8
0
10
8.4
20
48.135000000000005
30
0
0
VERTEX
8
0
10
8.4
20
46.865
30
0
0
VERTEX
8
0
10
8.8761875
20
46.865
30
0
0
VERTEX
8
0
10
8.68059375
20
46.66940625
30
0
0
VERTEX
8
0
10
8.64838125
20
46.632784375
30
0
42
0.6054645308799077
0
VERTEX
8
0
10
8.9308125
20
46.019484375000005
30
0
0
SEQEND
0
POLYLINE
66
1
8
16_copper
10
0.0
20
0.0
30
0.0
70
1
0
VERTEX
8
0
10
53.542871875
20
42.677121875000005
30
0
42
0.12880607164010835
0
VERTEX
8
0
10
53.721884375
20
42.749515625
30
0
0
VERTEX
8
0
10
53.7283375
20
42.755
30
0
0
VERTEX
8
0
10
54.0942
20
42.755
30
0
0
VERTEX
8
0
10
54.0942
20
43.355000000000004
30
0
0
VERTEX
8
0
10
53.727896875000006
20
43.355000000000004
30
0
0
VERTEX
8
0
10
53.7028625
20
43.37378125
30
0
42
0.12880531015851146
0
VERTEX
8
0
10
53.519775
20
43.435140625
30
0
0
VERTEX
8
0
10
53.4942
20
43.436
30
0
0
VERTEX
8
0
10
52.155
20
43.436
30
0
0
VERTEX
8
0
10
52.106328125000005
20
43.432878125
30
0
42
0.9068369069401623
0
VERTEX
8
0
10
52.129425000000005
20
42.674859375000004
30
0
0
VERTEX
8
0
10
52.155
20
42.674
30
0
0
VERTEX
8
0
10
53.4942
20
42.674
30
0
0
SEQEND
0
POLYLINE
66
1
8
16_copper
10
0.0
20
0.0
30
0.0
70
1
0
VERTEX
8
0
10
43.72958125
20
31.49555
30
0
42
0.1548957684999561
0
VERTEX
8
0
10
43.950715625
20
31.588515625000003
30
0
0
VERTEX
8
0
10
43.96940625
20
31.605993750000003
30
0
0
VERTEX
8
0
10
43.99480625
20
31.63139375
30
0
42
0.19222741378105385
0
VERTEX
8
0
10
44.106071875000005
20
31.89099375
30
0
0
VERTEX
8
0
10
44.106346875
20
31.894403125
30
0
0
VERTEX
8
0
10
44.106253125
20
31.896403125000003
30
0
0
VERTEX
8
0
10
44.1064
20
31.9008
30
0
0
VERTEX
8
0
10
44.1064
20
32.514900000000004
30
0
0
VERTEX
8
0
10
44.18585
20
32.514900000000004
30
0
0
VERTEX
8
0
10
44.18585
20
33.4851
30
0
0
VERTEX
8
0
10
43.26495
20
33.4851
30
0
0
VERTEX
8
0
10
43.26495
20
32.514900000000004
30
0
0
VERTEX
8
0
10
43.3444
20
32.514900000000004
30
0
0
VERTEX
8
0
10
43.3444
20
32.010346875
30
0
0
VERTEX
8
0
10
43.333109375
20
31.978125000000002
30
0
0
VERTEX
8
0
10
43.32299375
20
31.930412500000003
30
0
0
VERTEX
8
0
10
43.319053125
20
31.881796875000003
30
0
42
0.4044086096443444
0
VERTEX
8
0
10
43.6808125
20
31.494884375
30
0
0
SEQEND
0
POLYLINE
66
1
8
16_copper
10
0.0
20
0.0
30
0.0
70
1
0
VERTEX
8
0
10
9.02958125
20
26.97015
30
0
42
0.16150821689739783
0
VERTEX
8
0
10
9.250715625
20
27.063115625000002
30
0
0
VERTEX
8
0
10
9.269406250000001
20
27.080593750000002
30
0
0
VERTEX
8
0
10
10.053812500000001
20
27.865000000000002
30
0
0
VERTEX
8
0
10
11.600000000000001
20
27.865000000000002
30
0
0
VERTEX
8
0
10
11.600000000000001
20
29.135
30
0
0
VERTEX
8
0
10
8.4
20
29.135
30
0
0
VERTEX
8
0
10
8.4
20
27.865000000000002
30
0
0
VERTEX
8
0
10
8.9761875
20
27.865000000000002
30
0
0
VERTEX
8
0
10
8.73059375
20
27.61940625
30
0
0
VERTEX
8
0
10
8.69838125
20
27.582784375000003
30
0
42
0.6054645308799077
0
VERTEX
8
0
10
8.9808125
20
26.969484375
30
0
0
SEQEND
0
POLYLINE
66
1
8
16_copper
10
0.0
20
0.0
30
0.0
70
1
0
VERTEX
8
0
10
52.042140625
20
23.6713375
30
0
0
VERTEX
8
0
10
52.066065625
20
23.674
30
0
0
VERTEX
8
0
10
53.4942
20
23.674
30
0
0
VERTEX
8
0
10
53.542871875
20
23.677121875
30
0
42
0.12880607164010835
0
VERTEX
8
0
10
53.721884375
20
23.749515625
30
0
0
VERTEX
8
0
10
53.7283375
20
23.755000000000003
30
0
0
VERTEX
8
0
10
54.0942
20
23.755000000000003
30
0
0
VERTEX
8
0
10
54.0942
20
24.355
30
0
0
VERTEX
8
0
10
53.727896875000006
20
24.355
30
0
0
VERTEX
8
0
10
53.7028625
20
24.37378125
30
0
42
0.12880531015851146
0
VERTEX
8
0
10
53.519775
20
24.435140625000003
30
0
0
VERTEX
8
0
10
53.4942
20
24.436
30
0
0
VERTEX
8
0
10
52.044928125000006
20
24.436
30
0
0
VERTEX
8
0
10
52.03663125
20
24.435468750000002
30
0
0
VERTEX
8
0
10
52.0283
20
24.435637500000002
30
0
0
VERTEX
8
0
10
52.002787500000004
20
24.4336625
30
0
42
0.1536485920323313
0
VERTEX
8
0
10
51.777621875
20
24.35936875
30
0
0
VERTEX
8
0
10
51.739921875
20
24.328425000000003
30
0
42
0.5210903820310593
0
VERTEX
8
0
10
51.827878125000005
20
23.710096875
30
0
0
VERTEX
8
0
10
51.872709375
20
23.69089375
30
0
42
0.0924000529505892
0
VERTEX
8
0
10
52.016628125000004
20
23.669362500000002
30
0
0
SEQEND
0
POLYLINE
66
1
8
16_copper
10
0.0
20
0.0
30
0.0
70
1
0
VERTEX
8
0
10
20.422353125
20
14.0201875
30
0
0
VERTEX
8
0
10
20.44086875
20
14.020803125
30
0
42
0.16151026808870042
0
VERTEX
8
0
10
20.660140625
20
14.118087500000001
30
0
0
VERTEX
8
0
10
20.66625625
20
14.124034375
30
0
42
0.004384503755925151
0
VERTEX
8
0
10
20.671043750000003
20
14.128690625
30
0
0
VERTEX
8
0
10
20.678484375
20
14.135925
30
0
0
VERTEX
8
0
10
20.730615625000002
20
14.19014375
30
0
0
VERTEX
8
0
10
21.16366875
20
14.040018750000002
30
0
0
VERTEX
8
0
10
21.165553125000002
20
14.039496875000001
30
0
0
VERTEX
8
0
10
21.167393750000002
20
14.038746875000001
30
0
42
0.06413650822903666
0
VERTEX
8
0
10
21.2628875
20
14.019859375000001
30
0
0
VERTEX
8
0
10
21.2884625
20
14.019
30
0
0
VERTEX
8
0
10
22.150000000000002
20
14.019
30
0
0
VERTEX
8
0
10
22.198671875000002
20
14.022121875
30
0
42
0.9068369069401623
0
VERTEX
8
0
10
22.175575000000002
20
14.780140625000001
30
0
0
VERTEX
8
0
10
22.150000000000002
20
14.781
30
0
0
VERTEX
8
0
10
21.525000000000002
20
14.781
30
0
0
VERTEX
8
0
10
21.525000000000002
20
14.955
30
0
0
VERTEX
8
0
10
20.8507
20
14.955
30
0
0
VERTEX
8
0
10
20.749793750000002
20
14.989981250000001
30
0
42
0.20670278607757223
0
VERTEX
8
0
10
20.4485125
20
14.967659375
30
0
0
VERTEX
8
0
10
20.43525
20
14.95960625
30
0
0
VERTEX
8
0
10
20.4268
20
14.955
30
0
0
VERTEX
8
0
10
19.725
20
14.955
30
0
0
VERTEX
8
0
10
19.725
20
14.781
30
0
0
VERTEX
8
0
10
19.1
20
14.781
30
0
0
VERTEX
8
0
10
19.051328125
20
14.777878125
30
0
42
0.9068369069401623
0
VERTEX
8
0
10
19.074425
20
14.019859375000001
30
0
0
VERTEX
8
0
10
19.1
20
14.019
30
0
0
VERTEX
8
0
10
20.403846875
20
14.019
30
0
0
SEQEND
0
POLYLINE
66
1
8
16_copper
10
0.0
20
0.0
30
0.0
70
1
0
VERTEX
8
0
10
5.11058125
20
12.42575
30
0
42
0.16150821689739783
0
VERTEX
8
0
10
5.331715625
20
12.518715625
30
0
0
VERTEX
8
0
10
5.350406250000001
20
12.53619375
30
0
0
VERTEX
8
0
10
6.2791125
20
13.4649
30
0
0
VERTEX
8
0
10
6.68585
20
13.4649
30
0
0
VERTEX
8
0
10
6.68585
20
14.4351
30
0
0
VERTEX
8
0
10
5.764950000000001
20
14.4351
30
0
0
VERTEX
8
0
10
5.764950000000001
20
14.331000000000001
30
0
0
VERTEX
8
0
10
4.9754000000000005
20
14.331000000000001
30
0
0
VERTEX
8
0
10
4.926728125
20
14.327878125000002
30
0
42
0.9068369069401623
0
VERTEX
8
0
10
4.949825000000001
20
13.569859375
30
0
0
VERTEX
8
0
10
4.9754000000000005
20
13.569
30
0
0
VERTEX
8
0
10
5.305587500000001
20
13.569
30
0
0
VERTEX
8
0
10
4.81159375
20
13.075006250000001
30
0
0
VERTEX
8
0
10
4.77938125
20
13.038384375000001
30
0
42
0.6054645308799077
0
VERTEX
8
0
10
5.0618125
20
12.425084375
30
0
0
SEQEND
0
POLYLINE
66
1
8
16_copper
10
0.0
20
0.0
30
0.0
70
1
0
VERTEX
8
0
10
43.72958125
20
12.345550000000001
30
0
42
0.1548957684999561
0
VERTEX
8
0
10
43.950715625
20
12.438515625
30
0
0
VERTEX
8
0
10
43.96940625
20
12.455993750000001
30
0
0
VERTEX
8
0
10
43.99480625
20
12.48139375
30
0
42
0.19222741378105385
0
VERTEX
8
0
10
44.106071875000005
20
12.740993750000001
30
0
0
VERTEX
8
0
10
44.106346875
20
12.744403125
30
0
0
VERTEX
8
0
10
44.106253125
20
12.746403125
30
0
0
VERTEX
8
0
10
44.1064
20
12.7508
30
0
0
VERTEX
8
0
10
44.1064
20
13.414900000000001
30
0
0
VERTEX
8
0
10
44.18585
20
13.414900000000001
30
0
0
VERTEX
8
0
10
44.18585
20
14.385100000000001
30
0
0
VERTEX
8
0
10
43.26495
20
14.385100000000001
30
0
0
VERTEX
8
0
10
43.26495
20
13.414900000000001
30
0
0
VERTEX
8
0
10
43.3444
20
13.414900000000001
30
0
0
VERTEX
8
0
10
43.3444
20
12.860346875000001
30
0
0
VERTEX
8
0
10
43.333109375
20
12.828125
30
0
0
VERTEX
8
0
10
43.32299375
20
12.7804125
30
0
0
VERTEX
8
0
10
43.319053125
20
12.731796875
30
0
42
0.4044086096443444
0
VERTEX
8
0
10
43.6808125
20
12.344884375000001
30
0
0
SEQEND
0
POLYLINE
66
1
8
16_copper
10
0.0
20
0.0
30
0.0
70
1
0
VERTEX
8
0
10
14.529581250000001
20
3.62015
30
0
42
0.16150821689739783
0
VERTEX
8
0
10
14.750715625000002
20
3.7131156250000004
30
0
0
VERTEX
8
0
10
14.769406250000001
20
3.73059375
30
0
0
VERTEX
8
0
10
15.674928125000001
20
4.636115625
30
0
0
VERTEX
8
0
10
15.97605
20
4.669628125
30
0
0
VERTEX
8
0
10
15.976046875000002
20
4.669628125
30
0
0
VERTEX
8
0
10
15.994728125
20
4.6690000000000005
30
0
0
VERTEX
8
0
10
17.400000000000002
20
4.6690000000000005
30
0
0
VERTEX
8
0
10
17.448671875000002
20
4.672121875
30
0
42
0.9068369069401623
0
VERTEX
8
0
10
17.425575000000002
20
5.430140625
30
0
0
VERTEX
8
0
10
17.400000000000002
20
5.431
30
0
0
VERTEX
8
0
10
16.051984375
20
5.431
30
0
0
VERTEX
8
0
10
16.0452
20
5.431821875000001
30
0
0
VERTEX
8
0
10
16.026334375
20
5.43464375
30
0
42
0.032035802207167195
0
VERTEX
8
0
10
15.977571875
20
5.4356375
30
0
0
VERTEX
8
0
10
15.969912500000001
20
5.43504375
30
0
0
VERTEX
8
0
10
15.966925000000002
20
5.435021875
30
0
0
VERTEX
8
0
10
15.963396875
20
5.434540625
30
0
0
VERTEX
8
0
10
15.952059375000001
20
5.4336625000000005
30
0
0
VERTEX
8
0
10
15.457859375
20
5.3786625
30
0
0
VERTEX
8
0
10
15.44006875
20
5.37551875
30
0
0
VERTEX
8
0
10
15.422134375
20
5.372959375000001
30
0
42
0.12880529988165776
0
VERTEX
8
0
10
15.249284375
20
5.2868843750000005
30
0
0
VERTEX
8
0
10
15.242509375000001
20
5.280546875000001
30
0
42
0.004422916660431011
0
VERTEX
8
0
10
15.2375875
20
5.275946875
30
0
0
VERTEX
8
0
10
15.23059375
20
5.26940625
30
0
0
VERTEX
8
0
10
14.23059375
20
4.26940625
30
0
0
VERTEX
8
0
10
14.19838125
20
4.2327843750000005
30
0
42
0.6054645308799077
0
VERTEX
8
0
10
14.4808125
20
3.6194843750000003
30
0
0
SEQEND
0
POLYLINE
66
1
8
16_copper
10
0.0
20
0.0
30
0.0
70
1
0
VERTEX
8
0
10
52.679387500000004
20
3.8201343750000003
30
0
42
0.2227493771163171
0
VERTEX
8
0
10
52.965121875
20
3.985853125
30
0
0
VERTEX
8
0
10
52.966928125
20
3.988915625
30
0
0
VERTEX
8
0
10
53.7330125
20
4.755
30
0
0
VERTEX
8
0
10
54.0942
20
4.755
30
0
0
VERTEX
8
0
10
54.0942
20
5.355
30
0
0
VERTEX
8
0
10
53.728187500000004
20
5.355
30
0
0
VERTEX
8
0
10
53.69748125
20
5.377240625000001
30
0
42
0.2964830114865676
0
VERTEX
8
0
10
53.2821875
20
5.3715625000000005
30
0
0
VERTEX
8
0
10
53.2605875
20
5.355
30
0
0
VERTEX
8
0
10
52.894200000000005
20
5.355
30
0
0
VERTEX
8
0
10
52.894200000000005
20
4.993812500000001
30
0
0
VERTEX
8
0
10
52.379512500000004
20
4.479125
30
0
0
VERTEX
8
0
10
52.371934375
20
4.470509375
30
0
42
0.08024394624877929
0
VERTEX
8
0
10
52.303953125
20
4.370021875
30
0
0
VERTEX
8
0
10
52.298156250000005
20
4.358471875
30
0
42
0.1040103283539335
0
VERTEX
8
0
10
52.268515625
20
4.2046
30
0
0
VERTEX
8
0
10
52.26828125
20
4.193103125
30
0
0
VERTEX
8
0
10
52.27025625
20
4.167590625
30
0
0
VERTEX
8
0
10
52.270271875000006
20
4.167440625
30
0
42
5.774269252297224e-5
0
VERTEX
8
0
10
52.270281250000004
20
4.167353125
30
0
0
VERTEX
8
0
10
52.2713375
20
4.1578718750000005
30
0
42
0.3614840169494219
0
VERTEX
8
0
10
52.630618750000004
20
3.8194937500000004
30
0
0
SEQEND
0
POLYLINE
66
1
8
1_copper
10
0.0
20
0.0
30
0.0
70
1
0
VERTEX
8
0
10
48.464778125
20
15.069946875000001
30
0
0
VERTEX
8
0
10
48.47958125
20
15.07015
30
0
42
0.17212934215951697
0
VERTEX
8
0
10
48.712215625
20
15.17386875
30
0
0
VERTEX
8
0
10
48.714846875
20
15.17610625
30
0
0
VERTEX
8
0
10
48.716209375000005
20
15.17760625
30
0
0
VERTEX
8
0
10
48.719406250000006
20
15.18059375
30
0
0
VERTEX
8
0
10
49.56940625
20
16.03059375
30
0
0
VERTEX
8
0
10
49.579156250000004
20
16.041678125
30
0
0
VERTEX
8
0
10
49.589512500000005
20
16.052321875
30
0
42
0.17215206902225355
0
VERTEX
8
0
10
49.680671875
20
16.29019375
30
0
0
VERTEX
8
0
10
49.680946875000004
20
16.293603125
30
0
0
VERTEX
8
0
10
49.680853125000006
20
16.295603125
30
0
0
VERTEX
8
0
10
49.681000000000004
20
16.3
30
0
0
VERTEX
8
0
10
49.681000000000004
20
70.7
30
0
0
VERTEX
8
0
10
49.680053125
20
70.71477812500001
30
0
0
VERTEX
8
0
10
49.67985
20
70.72958125000001
30
0
42
0.17212934215951697
0
VERTEX
8
0
10
49.57613125
20
70.962215625
30
0
0
VERTEX
8
0
10
49.57389375
20
70.964846875
30
0
0
VERTEX
8
0
10
49.57239375
20
70.966209375
30
0
0
VERTEX
8
0
10
49.56940625
20
70.96940625
30
0
0
VERTEX
8
0
10
48.26940625
20
72.26940625
30
0
0
VERTEX
8
0
10
48.258321875
20
72.27915625
30
0
0
VERTEX
8
0
10
48.247678125
20
72.2895125
30
0
42
0.17215206902225355
0
VERTEX
8
0
10
48.009806250000004
20
72.380671875
30
0
0
VERTEX
8
0
10
48.006396875
20
72.380946875
30
0
0
VERTEX
8
0
10
48.004396875000005
20
72.380853125
30
0
0
VERTEX
8
0
10
48
20
72.381
30
0
0
VERTEX
8
0
10
46
20
72.381
30
0
0
VERTEX
8
0
10
45.951328125
20
72.37787812500001
30
0
42
0.9068369069401623
0
VERTEX
8
0
10
45.974425000000004
20
71.619859375
30
0
0
VERTEX
8
0
10
46
20
71.619
30
0
0
VERTEX
8
0
10
47.8421875
20
71.619
30
0
0
VERTEX
8
0
10
48.919000000000004
20
70.5421875
30
0
0
VERTEX
8
0
10
48.919000000000004
20
52.9198125
30
0
0
VERTEX
8
0
10
48.56940625
20
53.26940625
30
0
0
VERTEX
8
0
10
48.558321875000004
20
53.27915625
30
0
0
VERTEX
8
0
10
48.547678125000004
20
53.2895125
30
0
42
0.17215206902225355
0
VERTEX
8
0
10
48.30980625
20
53.380671875000004
30
0
0
VERTEX
8
0
10
48.306396875000004
20
53.380946875
30
0
0
VERTEX
8
0
10
48.304396875
20
53.380853125
30
0
0
VERTEX
8
0
10
48.300000000000004
20
53.381
30
0
0
VERTEX
8
0
10
46
20
53.381
30
0
0
VERTEX
8
0
10
45.951328125
20
53.377878125
30
0
42
0.9068369069401623
0
VERTEX
8
0
10
45.974425000000004
20
52.619859375000004
30
0
0
VERTEX
8
0
10
46
20
52.619
30
0
0
VERTEX
8
0
10
48.142187500000006
20
52.619
30
0
0
VERTEX
8
0
10
48.919000000000004
20
51.8421875
30
0
0
VERTEX
8
0
10
48.919000000000004
20
33.9198125
30
0
0
VERTEX
8
0
10
48.56940625
20
34.26940625
30
0
0
VERTEX
8
0
10
48.558321875000004
20
34.27915625
30
0
0
VERTEX
8
0
10
48.547678125000004
20
34.2895125
30
0
42
0.17215206902225355
0
VERTEX
8
0
10
48.30980625
20
34.380671875000004
30
0
0
VERTEX
8
0
10
48.306396875000004
20
34.380946875
30
0
0
VERTEX
8
0
10
48.304396875
20
34.380853125
30
0
0
VERTEX
8
0
10
48.300000000000004
20
34.381
30
0
0
VERTEX
8
0
10
46
20
34.381
30
0
0
VERTEX
8
0
10
45.951328125
20
34.377878125
30
0
42
0.9068369069401623
0
VERTEX
8
0
10
45.974425000000004
20
33.619859375000004
30
0
0
VERTEX
8
0
10
46
20
33.619
30
0
0
VERTEX
8
0
10
48.142187500000006
20
33.619
30
0
0
VERTEX
8
0
10
48.919000000000004
20
32.8421875
30
0
0
VERTEX
8
0
10
48.919000000000004
20
16.4578125
30
0
0
VERTEX
8
0
10
48.292187500000004
20
15.831000000000001
30
0
0
VERTEX
8
0
10
9.3
20
15.831000000000001
30
0
0
VERTEX
8
0
10
9.285221875000001
20
15.830053125000001
30
0
0
VERTEX
8
0
10
9.270418750000001
20
15.82985
30
0
42
0.17212934215951697
0
VERTEX
8
0
10
9.037784375000001
20
15.72613125
30
0
0
VERTEX
8
0
10
9.035153125
20
15.72389375
30
0
0
VERTEX
8
0
10
9.033790625
20
15.72239375
30
0
0
VERTEX
8
0
10
9.030593750000001
20
15.71940625
30
0
0
VERTEX
8
0
10
8.7421875
20
15.431000000000001
30
0
0
VERTEX
8
0
10
7.85854375
20
15.431000000000001
30
0
0
VERTEX
8
0
10
6.5262
20
16.76334375
30
0
0
VERTEX
8
0
10
6.5262
20
30.934987500000002
30
0
0
VERTEX
8
0
10
6.730593750000001
20
30.73059375
30
0
0
VERTEX
8
0
10
6.767215625
20
30.69838125
30
0
42
0.9068353674675843
0
VERTEX
8
0
10
7.2868843750000005
20
31.250715625
30
0
0
VERTEX
8
0
10
7.26940625
20
31.269406250000003
30
0
0
VERTEX
8
0
10
6.5262
20
32.0126125
30
0
0
VERTEX
8
0
10
6.5262
20
48.987387500000004
30
0
0
VERTEX
8
0
10
7.26940625
20
49.730593750000004
30
0
0
VERTEX
8
0
10
7.30161875
20
49.767215625000006
30
0
42
0.9068353674675843
0
VERTEX
8
0
10
6.749284375
20
50.286884375
30
0
0
VERTEX
8
0
10
6.730593750000001
20
50.26940625
30
0
0
VERTEX
8
0
10
6.5262
20
50.0650125
30
0
0
VERTEX
8
0
10
6.5262
20
68.0873875
30
0
0
VERTEX
8
0
10
7.063896875
20
68.625084375
30
0
0
VERTEX
8
0
10
7.0965468750000005
20
68.6314375
30
0
42
0.8501039073239074
0
VERTEX
8
0
10
7.025575
20
69.38014062500001
30
0
0
VERTEX
8
0
10
7
20
69.381
30
0
0
VERTEX
8
0
10
6.9
20
69.381
30
0
42
0.02387834703780555
0
VERTEX
8
0
10
6.86090625
20
69.37849375
30
0
0
VERTEX
8
0
10
6.851328125
20
69.37787812500001
30
0
0
VERTEX
8
0
10
6.836821875
20
69.37505625
30
0
0
VERTEX
8
0
10
6.822134375
20
69.37295937500001
30
0
42
0.13932458970937397
0
VERTEX
8
0
10
6.637784375000001
20
69.27613125
30
0
0
VERTEX
8
0
10
6.635153125
20
69.27389375
30
0
0
VERTEX
8
0
10
6.6337906250000005
20
69.27239375
30
0
0
VERTEX
8
0
10
6.63059375
20
69.26940625
30
0
0
VERTEX
8
0
10
5.875793750000001
20
68.51460625
30
0
0
VERTEX
8
0
10
5.86604375
20
68.503521875
30
0
0
VERTEX
8
0
10
5.8556875
20
68.492878125
30
0
42
0.17215206902225355
0
VERTEX
8
0
10
5.764528125
20
68.25500625000001
30
0
0
VERTEX
8
0
10
5.764253125000001
20
68.251596875
30
0
0
VERTEX
8
0
10
5.764346875
20
68.24959687500001
30
0
0
VERTEX
8
0
10
5.764200000000001
20
68.2452
30
0
0
VERTEX
8
0
10
5.764200000000001
20
16.605531250000002
30
0
0
VERTEX
8
0
10
5.765146875
20
16.590753125
30
0
0
VERTEX
8
0
10
5.765350000000001
20
16.575950000000002
30
0
42
0.17212934215951697
0
VERTEX
8
0
10
5.86906875
20
16.343315625000002
30
0
0
VERTEX
8
0
10
5.87130625
20
16.340684375000002
30
0
0
VERTEX
8
0
10
5.87280625
20
16.339321875
30
0
0
VERTEX
8
0
10
5.875793750000001
20
16.336125
30
0
0
VERTEX
8
0
10
7.431325
20
14.780593750000001
30
0
0
VERTEX
8
0
10
7.442409375
20
14.770843750000001
30
0
0
VERTEX
8
0
10
7.453053125
20
14.7604875
30
0
42
0.17215206902225355
0
VERTEX
8
0
10
7.690925
20
14.669328125
30
0
0
VERTEX
8
0
10
7.694334375
20
14.669053125000001
30
0
0
VERTEX
8
0
10
7.696334375
20
14.669146875000001
30
0
0
VERTEX
8
0
10
7.7007312500000005
20
14.669
30
0
0
VERTEX
8
0
10
8.9
20
14.669
30
0
0
VERTEX
8
0
10
8.914778125
20
14.669946875
30
0
0
VERTEX
8
0
10
8.92958125
20
14.670150000000001
30
0
42
0.17212934215951697
0
VERTEX
8
0
10
9.162215625
20
14.77386875
30
0
0
VERTEX
8
0
10
9.164846875
20
14.776106250000002
30
0
0
VERTEX
8
0
10
9.166209375000001
20
14.77760625
30
0
0
VERTEX
8
0
10
9.16940625
20
14.780593750000001
30
0
0
VERTEX
8
0
10
9.457812500000001
20
15.069
30
0
0
VERTEX
8
0
10
48.45
20
15.069
30
0
0
SEQEND
0
POLYLINE
66
1
8
16_copper
10
0.0
20
0.0
30
0.0
70
1
0
VERTEX
8
0
10
45.73505
20
70.56400000000001
30
0
0
VERTEX
8
0
10
46.5058
20
70.56400000000001
30
0
0
VERTEX
8
0
10
46.554471875000004
20
70.567121875
30
0
42
0.12880607164010835
0
VERTEX
8
0
10
46.733484375
20
70.639515625
30
0
0
VERTEX
8
0
10
46.7399375
20
70.64500000000001
30
0
0
VERTEX
8
0
10
47.1058
20
70.64500000000001
30
0
0
VERTEX
8
0
10
47.1058
20
71.245
30
0
0
VERTEX
8
0
10
46.739496875
20
71.245
30
0
0
VERTEX
8
0
10
46.7144625
20
71.26378125000001
30
0
42
0.12880531015851146
0
VERTEX
8
0
10
46.531375000000004
20
71.325140625
30
0
0
VERTEX
8
0
10
46.5058
20
71.32600000000001
30
0
0
VERTEX
8
0
10
45.8648125
20
71.32600000000001
30
0
0
VERTEX
8
0
10
46.26940625
20
71.73059375
30
0
0
VERTEX
8
0
10
46.30161875
20
71.767215625
30
0
42
0.9068353674675843
0
VERTEX
8
0
10
45.749284375
20
72.286884375
30
0
0
VERTEX
8
0
10
45.730593750000004
20
72.26940625
30
0
0
VERTEX
8
0
10
45.005193750000004
20
71.54400625000001
30
0
0
VERTEX
8
0
10
44.99544375
20
71.532921875
30
0
0
VERTEX
8
0
10
44.9850875
20
71.522278125
30
0
42
0.012596015014160572
0
VERTEX
8
0
10
44.972981250000004
20
71.507384375
30
0
0
VERTEX
8
0
10
44.9647
20
71.49510000000001
30
0
0
VERTEX
8
0
10
44.957196875
20
71.4851
30
0
0
VERTEX
8
0
10
44.814150000000005
20
71.4851
30
0
0
VERTEX
8
0
10
44.814150000000005
20
70.5149
30
0
0
VERTEX
8
0
10
45.73505
20
70.5149
30
0
0
SEQEND
0
POLYLINE
66
1
8
16_copper
10
0.0
20
0.0
30
0.0
70
1
0
VERTEX
8
0
10
11.600000000000001
20
69.675
30
0
0
VERTEX
8
0
10
8.4
20
69.675
30
0
0
VERTEX
8
0
10
8.4
20
69.381
30
0
0
VERTEX
8
0
10
7
20
69.381
30
0
0
VERTEX
8
0
10
6.951328125000001
20
69.37787812500001
30
0
42
0.9068369069401623
0
VERTEX
8
0
10
6.974425
20
68.619859375
30
0
0
VERTEX
8
0
10
7
20
68.619
30
0
0
VERTEX
8
0
10
8.4
20
68.619
30
0
0
VERTEX
8
0
10
8.4
20
68.405
30
0
0
VERTEX
8
0
10
11.600000000000001
20
68.405
30
0
0
SEQEND
0
POLYLINE
66
1
8
16_copper
10
0.0
20
0.0
30
0.0
70
1
0
VERTEX
8
0
10
45.73505
20
51.564
30
0
0
VERTEX
8
0
10
46.5058
20
51.564
30
0
0
VERTEX
8
0
10
46.554471875000004
20
51.567121875000005
30
0
42
0.12880607164010835
0
VERTEX
8
0
10
46.733484375
20
51.639515625
30
0
0
VERTEX
8
0
10
46.7399375
20
51.645
30
0
0
VERTEX
8
0
10
47.1058
20
51.645
30
0
0
VERTEX
8
0
10
47.1058
20
52.245000000000005
30
0
0
VERTEX
8
0
10
46.739496875
20
52.245000000000005
30
0
0
VERTEX
8
0
10
46.7144625
20
52.26378125
30
0
42
0.12880531015851146
0
VERTEX
8
0
10
46.531375000000004
20
52.325140625
30
0
0
VERTEX
8
0
10
46.5058
20
52.326
30
0
0
VERTEX
8
0
10
45.8648125
20
52.326
30
0
0
VERTEX
8
0
10
46.26940625
20
52.730593750000004
30
0
0
VERTEX
8
0
10
46.30161875
20
52.767215625000006
30
0
42
0.9068353674675843
0
VERTEX
8
0
10
45.749284375
20
53.286884375
30
0
0
VERTEX
8
0
10
45.730593750000004
20
53.26940625
30
0
0
VERTEX
8
0
10
45.005193750000004
20
52.54400625
30
0
0
VERTEX
8
0
10
44.99544375
20
52.532921875
30
0
0
VERTEX
8
0
10
44.9850875
20
52.522278125
30
0
42
0.012596015014160572
0
VERTEX
8
0
10
44.972981250000004
20
52.507384375
30
0
0
VERTEX
8
0
10
44.9647
20
52.4951
30
0
0
VERTEX
8
0
10
44.957196875
20
52.4851
30
0
0
VERTEX
8
0
10
44.814150000000005
20
52.4851
30
0
0
VERTEX
8
0
10
44.814150000000005
20
51.514900000000004
30
0
0
VERTEX
8
0
10
45.73505
20
51.514900000000004
30
0
0
SEQEND
0
POLYLINE
66
1
8
16_copper
10
0.0
20
0.0
30
0.0
70
1
0
VERTEX
8
0
10
11.600000000000001
20
50.675000000000004
30
0
0
VERTEX
8
0
10
8.4
20
50.675000000000004
30
0
0
VERTEX
8
0
10
8.4
20
50.381
30
0
0
VERTEX
8
0
10
7
20
50.381
30
0
0
VERTEX
8
0
10
6.951328125000001
20
50.377878125
30
0
42
0.9068369069401623
0
VERTEX
8
0
10
6.974425
20
49.619859375000004
30
0
0
VERTEX
8
0
10
7
20
49.619
30
0
0
VERTEX
8
0
10
8.4
20
49.619
30
0
0
VERTEX
8
0
10
8.4
20
49.405
30
0
0
VERTEX
8
0
10
11.600000000000001
20
49.405
30
0
0
SEQEND
0
POLYLINE
66
1
8
16_copper
10
0.0
20
0.0
30
0.0
70
1
0
VERTEX
8
0
10
45.73505
20
32.564
30
0
0
VERTEX
8
0
10
46.5058
20
32.564
30
0
0
VERTEX
8
0
10
46.554471875000004
20
32.567121875000005
30
0
42
0.12880607164010835
0
VERTEX
8
0
10
46.733484375
20
32.639515625
30
0
0
VERTEX
8
0
10
46.7399375
20
32.645
30
0
0
VERTEX
8
0
10
47.1058
20
32.645
30
0
0
VERTEX
8
0
10
47.1058
20
33.245000000000005
30
0
0
VERTEX
8
0
10
46.739496875
20
33.245000000000005
30
0
0
VERTEX
8
0
10
46.7144625
20
33.26378125
30
0
42
0.12880531015851146
0
VERTEX
8
0
10
46.531375000000004
20
33.325140625
30
0
0
VERTEX
8
0
10
46.5058
20
33.326
30
0
0
VERTEX
8
0
10
45.8648125
20
33.326
30
0
0
VERTEX
8
0
10
46.26940625
20
33.730593750000004
30
0
0
VERTEX
8
0
10
46.30161875
20
33.767215625
30
0
42
0.9068353674675843
0
VERTEX
8
0
10
45.749284375
20
34.286884375
30
0
0
VERTEX
8
0
10
45.730593750000004
20
34.26940625
30
0
0
VERTEX
8
0
10
45.005193750000004
20
33.54400625
30
0
0
VERTEX
8
0
10
44.99544375
20
33.532921875
30
0
0
VERTEX
8
0
10
44.9850875
20
33.522278125
30
0
42
0.012596015014160572
0
VERTEX
8
0
10
44.972981250000004
20
33.507384375
30
0
0
VERTEX
8
0
10
44.9647
20
33.4951
30
0
0
VERTEX
8
0
10
44.957196875
20
33.4851
30
0
0
VERTEX
8
0
10
44.814150000000005
20
33.4851
30
0
0
VERTEX
8
0
10
44.814150000000005
20
32.514900000000004
30
0
0
VERTEX
8
0
10
45.73505
20
32.514900000000004
30
0
0
SEQEND
0
POLYLINE
66
1
8
16_copper
10
0.0
20
0.0
30
0.0
70
1
0
VERTEX
8
0
10
11.600000000000001
20
31.675
30
0
0
VERTEX
8
0
10
8.4
20
31.675
30
0
0
VERTEX
8
0
10
8.4
20
31.381
30
0
0
VERTEX
8
0
10
7
20
31.381
30
0
0
VERTEX
8
0
10
6.951328125000001
20
31.377878125000002
30
0
42
0.9068369069401623
0
VERTEX
8
0
10
6.974425
20
30.619859375
30
0
0
VERTEX
8
0
10
7
20
30.619
30
0
0
VERTEX
8
0
10
8.4
20
30.619
30
0
0
VERTEX
8
0
10
8.4
20
30.405
30
0
0
VERTEX
8
0
10
11.600000000000001
20
30.405
30
0
0
SEQEND
0
POLYLINE
66
1
8
16_copper
10
0.0
20
0.0
30
0.0
70
1
0
VERTEX
8
0
10
45.73505
20
13.564
30
0
0
VERTEX
8
0
10
46.5058
20
13.564
30
0
0
VERTEX
8
0
10
46.554471875000004
20
13.567121875
30
0
42
0.12880607164010835
0
VERTEX
8
0
10
46.733484375
20
13.639515625000001
30
0
0
VERTEX
8
0
10
46.7399375
20
13.645000000000001
30
0
0
VERTEX
8
0
10
47.1058
20
13.645000000000001
30
0
0
VERTEX
8
0
10
47.1058
20
14.245000000000001
30
0
0
VERTEX
8
0
10
46.739496875
20
14.245000000000001
30
0
0
VERTEX
8
0
10
46.7144625
20
14.263781250000001
30
0
42
0.12880531015851146
0
VERTEX
8
0
10
46.531375000000004
20
14.325140625000001
30
0
0
VERTEX
8
0
10
46.5058
20
14.326
30
0
0
VERTEX
8
0
10
45.73505
20
14.326
30
0
0
VERTEX
8
0
10
45.73505
20
14.385100000000001
30
0
0
VERTEX
8
0
10
45.6556
20
14.385100000000001
30
0
0
VERTEX
8
0
10
45.6556
20
14.4167875
30
0
0
VERTEX
8
0
10
46.41940625
20
15.18059375
30
0
0
VERTEX
8
0
10
46.45161875
20
15.217215625000001
30
0
42
0.9068353674675843
0
VERTEX
8
0
10
45.899284375
20
15.736884375
30
0
0
VERTEX
8
0
10
45.88059375
20
15.71940625
30
0
0
VERTEX
8
0
10
45.005193750000004
20
14.844006250000001
30
0
0
VERTEX
8
0
10
44.99544375
20
14.832921875
30
0
0
VERTEX
8
0
10
44.9850875
20
14.822278125
30
0
42
0.17215206902225355
0
VERTEX
8
0
10
44.893928125
20
14.58440625
30
0
0
VERTEX
8
0
10
44.893653125
20
14.580996875
30
0
0
VERTEX
8
0
10
44.893746875000005
20
14.578996875000001
30
0
0
VERTEX
8
0
10
44.8936
20
14.5746
30
0
0
VERTEX
8
0
10
44.8936
20
14.385100000000001
30
0
0
VERTEX
8
0
10
44.814150000000005
20
14.385100000000001
30
0
0
VERTEX
8
0
10
44.814150000000005
20
13.414900000000001
30
0
0
VERTEX
8
0
10
45.73505
20
13.414900000000001
30
0
0
SEQEND
0
POLYLINE
66
1
8
16_copper
10
0.0
20
0.0
30
0.0
70
1
0
VERTEX
8
0
10
8.235050000000001
20
13.569
30
0
0
VERTEX
8
0
10
8.946040625
20
13.569
30
0
0
VERTEX
8
0
10
8.9507875
20
13.567993750000001
30
0
42
0.19149535197870926
0
VERTEX
8
0
10
9.228321875
20
13.635734375
30
0
0
VERTEX
8
0
10
9.239600000000001
20
13.645000000000001
30
0
0
VERTEX
8
0
10
9.6058
20
13.645000000000001
30
0
0
VERTEX
8
0
10
9.6058
20
14.245000000000001
30
0
0
VERTEX
8
0
10
9.2411625
20
14.245000000000001
30
0
0
VERTEX
8
0
10
9.240796875000001
20
14.245275000000001
30
0
0
VERTEX
8
0
10
9.233584375000001
20
14.25161875
30
0
42
0.15921081648994836
0
VERTEX
8
0
10
9.01060625
20
14.330671875
30
0
0
VERTEX
8
0
10
9.007196875
20
14.330946875
30
0
0
VERTEX
8
0
10
9.005196875000001
20
14.330853125
30
0
0
VERTEX
8
0
10
9.0008
20
14.331000000000001
30
0
0
VERTEX
8
0
10
8.6944125
20
14.331000000000001
30
0
0
VERTEX
8
0
10
9.07629375
20
14.71288125
30
0
0
VERTEX
8
0
10
9.08679375
20
14.717931250000001
30
0
42
0.18463118860000333
0
VERTEX
8
0
10
9.2651125
20
14.941128125
30
0
0
VERTEX
8
0
10
9.27603125
20
14.988665625000001
30
0
42
0.06413769006266104
0
VERTEX
8
0
10
9.279300000000001
20
15.08595625
30
0
0
VERTEX
8
0
10
9.271596875
20
15.13411875
30
0
42
0.5864383222326397
0
VERTEX
8
0
10
8.612384375
20
15.326131250000001
30
0
0
VERTEX
8
0
10
8.609753125000001
20
15.32389375
30
0
0
VERTEX
8
0
10
8.608390625
20
15.322393750000002
30
0
0
VERTEX
8
0
10
8.60519375
20
15.31940625
30
0
0
VERTEX
8
0
10
7.720887500000001
20
14.4351
30
0
0
VERTEX
8
0
10
7.314150000000001
20
14.4351
30
0
0
VERTEX
8
0
10
7.314150000000001
20
13.4649
30
0
0
VERTEX
8
0
10
8.235050000000001
20
13.4649
30
0
0
SEQEND
0
POLYLINE
66
1
8
1_copper
10
0.0
20
0.0
30
0.0
70
1
0
VERTEX
8
0
10
17.303859375000002
20
53.0256625
30
0
42
0.4142135623730951
0
VERTEX
8
0
10
17.4743375
20
53.303859375
30
0
0
VERTEX
8
0
10
17.467765625000002
20
53.324084375000005
30
0
0
VERTEX
8
0
10
18.571840625
20
54.428159375
30
0
0
VERTEX
8
0
10
18.575753125000002
20
54.4331875
30
0
42
0.14075965647395222
0
VERTEX
8
0
10
18.600246875
20
54.483471875
30
0
0
VERTEX
8
0
10
18.6010125
20
54.492834375
30
0
0
VERTEX
8
0
10
18.601515625
20
54.495850000000004
30
0
0
VERTEX
8
0
10
18.6013875
20
54.49739375
30
0
0
VERTEX
8
0
10
18.6016
20
54.5
30
0
0
VERTEX
8
0
10
18.6016
20
63.5
30
0
0
VERTEX
8
0
10
18.600809375
20
63.5063375
30
0
42
0.1407252340376049
0
VERTEX
8
0
10
18.582571875
20
63.559200000000004
30
0
0
VERTEX
8
0
10
18.576487500000002
20
63.566365625
30
0
0
VERTEX
8
0
10
18.574715625
20
63.568846875000006
30
0
0
VERTEX
8
0
10
18.573531250000002
20
63.56985
30
0
0
VERTEX
8
0
10
18.571840625
20
63.571840625
30
0
0
VERTEX
8
0
10
18.3516
20
63.79208125
30
0
0
VERTEX
8
0
10
18.3516
20
67.79363125
30
0
0
VERTEX
8
0
10
18.370546875000002
20
67.8032875
30
0
42
0.9999999999999999
0
VERTEX
8
0
10
18.129453125
20
68.1967125
30
0
0
VERTEX
8
0
10
18.100165625000002
20
68.17543437500001
30
0
42
0.509524700761689
0
VERTEX
8
0
10
18.129453125
20
67.8032875
30
0
0
VERTEX
8
0
10
18.148400000000002
20
67.79363125
30
0
0
VERTEX
8
0
10
18.148400000000002
20
63.75
30
0
0
VERTEX
8
0
10
18.149190625
20
63.743662500000006
30
0
42
0.1407252340376049
0
VERTEX
8
0
10
18.167428125
20
63.6908
30
0
0
VERTEX
8
0
10
18.1735125
20
63.683634375000004
30
0
0
VERTEX
8
0
10
18.175284375
20
63.681153125
30
0
0
VERTEX
8
0
10
18.17646875
20
63.680150000000005
30
0
0
VERTEX
8
0
10
18.178159375
20
63.678159375
30
0
0
VERTEX
8
0
10
18.398400000000002
20
63.457918750000005
30
0
0
VERTEX
8
0
10
18.398400000000002
20
54.54208125
30
0
0
VERTEX
8
0
10
17.324084375
20
53.467765625000006
30
0
0
VERTEX
8
0
10
17.303859375000002
20
53.474337500000004
30
0
42
0.9999999999999999
0
VERTEX
8
0
10
17.196140625
20
53.0256625
30
0
0
VERTEX
8
0
10
17.2319
20
53.02
30
0
0
VERTEX
8
0
10
17.2681
20
53.02
30
0
0
SEQEND
0
POLYLINE
66
1
8
1_copper
10
0.0
20
0.0
30
0.0
70
1
0
VERTEX
8
0
10
12.803859375
20
33.7756625
30
0
42
0.4142135623730951
0
VERTEX
8
0
10
12.9743375
20
34.053859375
30
0
0
VERTEX
8
0
10
12.967765625
20
34.074084375
30
0
0
VERTEX
8
0
10
13.821840625
20
34.928159375
30
0
0
VERTEX
8
0
10
13.825753125
20
34.9331875
30
0
42
0.14075965647395222
0
VERTEX
8
0
10
13.850246875
20
34.983471875
30
0
0
VERTEX
8
0
10
13.851012500000001
20
34.992834375
30
0
0
VERTEX
8
0
10
13.851515625000001
20
34.995850000000004
30
0
0
VERTEX
8
0
10
13.851387500000001
20
34.99739375
30
0
0
VERTEX
8
0
10
13.851600000000001
20
35
30
0
0
VERTEX
8
0
10
13.851600000000001
20
51.043631250000004
30
0
0
VERTEX
8
0
10
13.870546875
20
51.0532875
30
0
42
0.9999999999999999
0
VERTEX
8
0
10
13.629453125000001
20
51.446712500000004
30
0
0
VERTEX
8
0
10
13.600165625
20
51.425434375
30
0
42
0.509524700761689
0
VERTEX
8
0
10
13.629453125000001
20
51.0532875
30
0
0
VERTEX
8
0
10
13.6484
20
51.043631250000004
30
0
0
VERTEX
8
0
10
13.6484
20
35.04208125
30
0
0
VERTEX
8
0
10
12.824084375
20
34.217765625
30
0
0
VERTEX
8
0
10
12.803859375
20
34.224337500000004
30
0
42
0.9999999999999999
0
VERTEX
8
0
10
12.696140625
20
33.7756625
30
0
0
VERTEX
8
0
10
12.731900000000001
20
33.77
30
0
0
VERTEX
8
0
10
12.7681
20
33.77
30
0
0
SEQEND
0
POLYLINE
66
1
8
16_copper
10
0.0
20
0.0
30
0.0
70
1
0
VERTEX
8
0
10
15.94868125
20
70.94500000000001
30
0
0
VERTEX
8
0
10
16.6
20
70.94500000000001
30
0
0
VERTEX
8
0
10
16.6
20
72.215
30
0
0
VERTEX
8
0
10
13.4
20
72.215
30
0
0
VERTEX
8
0
10
13.4
20
70.94500000000001
30
0
0
VERTEX
8
0
10
15.661318750000001
20
70.94500000000001
30
0
0
VERTEX
8
0
10
17.678159375
20
68.928159375
30
0
0
VERTEX
8
0
10
17.683187500000003
20
68.92424687500001
30
0
42
0.14075965647395222
0
VERTEX
8
0
10
17.733471875
20
68.899753125
30
0
0
VERTEX
8
0
10
17.742834375
20
68.8989875
30
0
0
VERTEX
8
0
10
17.74585
20
68.89848437500001
30
0
0
VERTEX
8
0
10
17.74739375
20
68.8986125
30
0
0
VERTEX
8
0
10
17.75
20
68.89840000000001
30
0
0
VERTEX
8
0
10
18.148400000000002
20
68.89840000000001
30
0
0
VERTEX
8
0
10
18.148400000000002
20
68.20636875000001
30
0
0
VERTEX
8
0
10
18.129453125
20
68.1967125
30
0
42
0.9999999999999999
0
VERTEX
8
0
10
18.370546875000002
20
67.8032875
30
0
0
VERTEX
8
0
10
18.399834375
20
67.824565625
30
0
42
0.509524700761689
0
VERTEX
8
0
10
18.370546875000002
20
68.1967125
30
0
0
VERTEX
8
0
10
18.3516
20
68.20636875000001
30
0
0
VERTEX
8
0
10
18.3516
20
68.89840000000001
30
0
0
VERTEX
8
0
10
45.957918750000005
20
68.89840000000001
30
0
0
VERTEX
8
0
10
46.15131875
20
68.705
30
0
0
VERTEX
8
0
10
45.9058
20
68.705
30
0
0
VERTEX
8
0
10
45.9058
20
68.105
30
0
0
VERTEX
8
0
10
47.1058
20
68.105
30
0
0
VERTEX
8
0
10
47.1058
20
68.705
30
0
0
VERTEX
8
0
10
46.43868125
20
68.705
30
0
0
VERTEX
8
0
10
46.071840625
20
69.07184062500001
30
0
0
VERTEX
8
0
10
46.066812500000005
20
69.075753125
30
0
42
0.14075965647395222
0
VERTEX
8
0
10
46.016528125
20
69.100246875
30
0
0
VERTEX
8
0
10
46.007165625
20
69.10101250000001
30
0
0
VERTEX
8
0
10
46.00415
20
69.101515625
30
0
0
VERTEX
8
0
10
46.00260625
20
69.1013875
30
0
0
VERTEX
8
0
10
46
20
69.1016
30
0
0
VERTEX
8
0
10
17.792081250000003
20
69.1016
30
0
0
SEQEND
0
POLYLINE
66
1
8
16_copper
10
0.0
20
0.0
30
0.0
70
1
0
VERTEX
8
0
10
13.803859375
20
51.0256625
30
0
42
0.4142135623730951
0
VERTEX
8
0
10
13.9743375
20
51.303859375
30
0
0
VERTEX
8
0
10
13.967765625
20
51.324084375000005
30
0
0
VERTEX
8
0
10
14.58868125
20
51.945
30
0
0
VERTEX
8
0
10
16.6
20
51.945
30
0
0
VERTEX
8
0
10
16.6
20
53.1484
30
0
0
VERTEX
8
0
10
17.04363125
20
53.1484
30
0
0
VERTEX
8
0
10
17.0532875
20
53.129453125000005
30
0
42
0.9999999999999999
0
VERTEX
8
0
10
17.4467125
20
53.370546875
30
0
0
VERTEX
8
0
10
17.425434375000002
20
53.399834375000005
30
0
42
0.509524700761689
0
VERTEX
8
0
10
17.0532875
20
53.370546875
30
0
0
VERTEX
8
0
10
17.04363125
20
53.351600000000005
30
0
0
VERTEX
8
0
10
15.5
20
53.351600000000005
30
0
0
VERTEX
8
0
10
15.493662500000001
20
53.350809375000004
30
0
42
0.1407252340376049
0
VERTEX
8
0
10
15.440800000000001
20
53.332571875
30
0
0
VERTEX
8
0
10
15.433634375
20
53.326487500000006
30
0
0
VERTEX
8
0
10
15.431153125000002
20
53.324715625
30
0
0
VERTEX
8
0
10
15.430150000000001
20
53.32353125
30
0
0
VERTEX
8
0
10
15.428159375
20
53.321840625
30
0
0
VERTEX
8
0
10
15.321318750000001
20
53.215
30
0
0
VERTEX
8
0
10
13.4
20
53.215
30
0
0
VERTEX
8
0
10
13.4
20
51.945
30
0
0
VERTEX
8
0
10
14.30131875
20
51.945
30
0
0
VERTEX
8
0
10
13.824084375
20
51.467765625000006
30
0
0
VERTEX
8
0
10
13.803859375
20
51.474337500000004
30
0
42
0.9999999999999999
0
VERTEX
8
0
10
13.696140625
20
51.0256625
30
0
0
VERTEX
8
0
10
13.731900000000001
20
51.02
30
0
0
VERTEX
8
0
10
13.7681
20
51.02
30
0
0
SEQEND
0
POLYLINE
66
1
8
16_copper
10
0.0
20
0.0
30
0.0
70
1
0
VERTEX
8
0
10
16.6
20
34.215
30
0
0
VERTEX
8
0
10
13.4
20
34.215
30
0
0
VERTEX
8
0
10
13.4
20
34.101600000000005
30
0
0
VERTEX
8
0
10
12.956368750000001
20
34.101600000000005
30
0
0
VERTEX
8
0
10
12.9467125
20
34.120546875
30
0
42
0.9999999999999999
0
VERTEX
8
0
10
12.553287500000001
20
33.879453125000005
30
0
0
VERTEX
8
0
10
12.574565625
20
33.850165625
30
0
42
0.509524700761689
0
VERTEX
8
0
10
12.9467125
20
33.879453125000005
30
0
0
VERTEX
8
0
10
12.956368750000001
20
33.8984
30
0
0
VERTEX
8
0
10
13.4
20
33.8984
30
0
0
VERTEX
8
0
10
13.4
20
32.945
30
0
0
VERTEX
8
0
10
16.6
20
32.945
30
0
0
SEQEND
0
POLYLINE
66
1
8
1_copper
10
0.0
20
0.0
30
0.0
70
1
0
VERTEX
8
0
10
99.380053125
20
46.264778125
30
0
0
VERTEX
8
0
10
99.37985
20
46.27958125
30
0
42
0.16098999324066882
0
VERTEX
8
0
10
99.28735312500001
20
46.500103125
30
0
0
VERTEX
8
0
10
99.2895125
20
46.502321875
30
0
42
0.002031107596095092
0
VERTEX
8
0
10
99.30161875
20
46.517215625000006
30
0
0
VERTEX
8
0
10
99.3099
20
46.5295
30
0
0
VERTEX
8
0
10
99.31878125
20
46.541337500000004
30
0
42
0.13934700939438374
0
VERTEX
8
0
10
99.380671875
20
46.74019375
30
0
0
VERTEX
8
0
10
99.380946875
20
46.743603125
30
0
0
VERTEX
8
0
10
99.380853125
20
46.745603125
30
0
0
VERTEX
8
0
10
99.381
20
46.75
30
0
0
VERTEX
8
0
10
99.381
20
59.5
30
0
0
VERTEX
8
0
10
99.380053125
20
59.514778125
30
0
0
VERTEX
8
0
10
99.37985
20
59.52958125
30
0
42
0.17212934215951697
0
VERTEX
8
0
10
99.27613125
20
59.762215625
30
0
0
VERTEX
8
0
10
99.27389375
20
59.764846875
30
0
0
VERTEX
8
0
10
99.27239375
20
59.766209375
30
0
0
VERTEX
8
0
10
99.26940625
20
59.76940625
30
0
0
VERTEX
8
0
10
95.131
20
63.907812500000006
30
0
0
VERTEX
8
0
10
95.131
20
69.5
30
0
0
VERTEX
8
0
10
95.130053125
20
69.514778125
30
0
0
VERTEX
8
0
10
95.12985
20
69.52958125
30
0
42
0.17212934215951697
0
VERTEX
8
0
10
95.02613125
20
69.76221562500001
30
0
0
VERTEX
8
0
10
95.02389375
20
69.764846875
30
0
0
VERTEX
8
0
10
95.02239375
20
69.766209375
30
0
0
VERTEX
8
0
10
95.01940625
20
69.76940625
30
0
0
VERTEX
8
0
10
90.51940625
20
74.26940625
30
0
0
VERTEX
8
0
10
90.509290625
20
74.27830312500001
30
0
0
VERTEX
8
0
10
90.49962500000001
20
74.287834375
30
0
42
0.032037400025607
0
VERTEX
8
0
10
90.46080625
20
74.31736562500001
30
0
0
VERTEX
8
0
10
90.44460625
20
74.327359375
30
0
0
VERTEX
8
0
10
90.44234375
20
74.328884375
30
0
0
VERTEX
8
0
10
90.441215625
20
74.32945000000001
30
0
0
VERTEX
8
0
10
90.43902812500001
20
74.33080000000001
30
0
0
VERTEX
8
0
10
90.229028125
20
74.4508
30
0
0
VERTEX
8
0
10
90.18521875
20
74.4722375
30
0
42
0.9068362148150945
0
VERTEX
8
0
10
89.82919375
20
73.802634375
30
0
0
VERTEX
8
0
10
89.850971875
20
73.78920000000001
30
0
0
VERTEX
8
0
10
90.016675
20
73.6945125
30
0
0
VERTEX
8
0
10
94.369
20
69.34218750000001
30
0
0
VERTEX
8
0
10
94.369
20
63.75
30
0
0
VERTEX
8
0
10
94.36994687500001
20
63.735221875
30
0
0
VERTEX
8
0
10
94.37015000000001
20
63.72041875
30
0
42
0.17212934215951697
0
VERTEX
8
0
10
94.47386875000001
20
63.487784375000004
30
0
0
VERTEX
8
0
10
94.47610625
20
63.485153125000004
30
0
0
VERTEX
8
0
10
94.47760625000001
20
63.483790625000005
30
0
0
VERTEX
8
0
10
94.48059375000001
20
63.480593750000004
30
0
0
VERTEX
8
0
10
98.619
20
59.3421875
30
0
0
VERTEX
8
0
10
98.619
20
47.1698125
30
0
0
VERTEX
8
0
10
90.51940625
20
55.26940625
30
0
0
VERTEX
8
0
10
90.509290625
20
55.278303125
30
0
0
VERTEX
8
0
10
90.49962500000001
20
55.287834375
30
0
42
0.032037400025607
0
VERTEX
8
0
10
90.46080625
20
55.317365625
30
0
0
VERTEX
8
0
10
90.44460625
20
55.327359375
30
0
0
VERTEX
8
0
10
90.44234375
20
55.328884375
30
0
0
VERTEX
8
0
10
90.441215625
20
55.32945
30
0
0
VERTEX
8
0
10
90.43902812500001
20
55.3308
30
0
0
VERTEX
8
0
10
90.229028125
20
55.4508
30
0
0
VERTEX
8
0
10
90.18521875
20
55.472237500000006
30
0
42
0.9068362148150945
0
VERTEX
8
0
10
89.82919375
20
54.802634375000004
30
0
0
VERTEX
8
0
10
89.850971875
20
54.7892
30
0
0
VERTEX
8
0
10
90.016675
20
54.6945125
30
0
0
VERTEX
8
0
10
98.619
20
46.0921875
30
0
0
VERTEX
8
0
10
98.619
20
33.1578125
30
0
0
VERTEX
8
0
10
96.84218750000001
20
31.381
30
0
0
VERTEX
8
0
10
95.4078125
20
31.381
30
0
0
VERTEX
8
0
10
90.51940625
20
36.26940625
30
0
0
VERTEX
8
0
10
90.509290625
20
36.278303125
30
0
0
VERTEX
8
0
10
90.49962500000001
20
36.287834375
30
0
42
0.032037400025607
0
VERTEX
8
0
10
90.46080625
20
36.317365625
30
0
0
VERTEX
8
0
10
90.44460625
20
36.327359375
30
0
0
VERTEX
8
0
10
90.44234375
20
36.328884375
30
0
0
VERTEX
8
0
10
90.441215625
20
36.32945
30
0
0
VERTEX
8
0
10
90.43902812500001
20
36.3308
30
0
0
VERTEX
8
0
10
90.229028125
20
36.4508
30
0
0
VERTEX
8
0
10
90.18521875
20
36.4722375
30
0
42
0.9068362148150945
0
VERTEX
8
0
10
89.82919375
20
35.802634375000004
30
0
0
VERTEX
8
0
10
89.850971875
20
35.7892
30
0
0
VERTEX
8
0
10
90.016675
20
35.6945125
30
0
0
VERTEX
8
0
10
94.98059375000001
20
30.73059375
30
0
0
VERTEX
8
0
10
94.991678125
20
30.72084375
30
0
0
VERTEX
8
0
10
95.002321875
20
30.710487500000003
30
0
42
0.17215206902225355
0
VERTEX
8
0
10
95.24019375
20
30.619328125000003
30
0
0
VERTEX
8
0
10
95.243603125
20
30.619053125
30
0
0
VERTEX
8
0
10
95.245603125
20
30.619146875000002
30
0
0
VERTEX
8
0
10
95.25
20
30.619
30
0
0
VERTEX
8
0
10
97
20
30.619
30
0
0
VERTEX
8
0
10
97.014778125
20
30.619946875
30
0
0
VERTEX
8
0
10
97.02958125
20
30.620150000000002
30
0
42
0.17212934215951697
0
VERTEX
8
0
10
97.26221562500001
20
30.72386875
30
0
0
VERTEX
8
0
10
97.264846875
20
30.72610625
30
0
0
VERTEX
8
0
10
97.266209375
20
30.72760625
30
0
0
VERTEX
8
0
10
97.26940625
20
30.73059375
30
0
0
VERTEX
8
0
10
99.26940625
20
32.730593750000004
30
0
0
VERTEX
8
0
10
99.27915625
20
32.741678125
30
0
0
VERTEX
8
0
10
99.2895125
20
32.752321875
30
0
42
0.17215206902225355
0
VERTEX
8
0
10
99.380671875
20
32.99019375
30
0
0
VERTEX
8
0
10
99.380946875
20
32.993603125
30
0
0
VERTEX
8
0
10
99.380853125
20
32.995603125
30
0
0
VERTEX
8
0
10
99.381
20
33
30
0
0
VERTEX
8
0
10
99.381
20
46.25
30
0
0
SEQEND
0
POLYLINE
66
1
8
1_copper
10
0.0
20
0.0
30
0.0
70
1
0
VERTEX
8
0
10
88.77958125
20
14.12015
30
0
42
0.16150821689739783
0
VERTEX
8
0
10
89.000715625
20
14.213115625
30
0
0
VERTEX
8
0
10
89.01940625
20
14.23059375
30
0
0
VERTEX
8
0
10
90.26940625
20
15.48059375
30
0
0
VERTEX
8
0
10
90.27915625
20
15.491678125
30
0
0
VERTEX
8
0
10
90.2895125
20
15.502321875000002
30
0
42
0.17215206902225355
0
VERTEX
8
0
10
90.380671875
20
15.740193750000001
30
0
0
VERTEX
8
0
10
90.380946875
20
15.743603125
30
0
0
VERTEX
8
0
10
90.380853125
20
15.745603125
30
0
0
VERTEX
8
0
10
90.381
20
15.75
30
0
0
VERTEX
8
0
10
90.381
20
16.938178125
30
0
0
VERTEX
8
0
10
90.401446875
20
16.99951875
30
0
0
VERTEX
8
0
10
90.41387812500001
20
17.046681250000002
30
0
42
0.9068363408466821
0
VERTEX
8
0
10
89.687453125
20
17.264471875
30
0
0
VERTEX
8
0
10
89.67855312500001
20
17.240481250000002
30
0
0
VERTEX
8
0
10
89.638759375
20
17.121096875
30
0
42
4.1501900712207694e-5
0
VERTEX
8
0
10
89.6387375
20
17.1210375
30
0
0
VERTEX
8
0
10
89.638553125
20
17.12048125
30
0
42
0.06372893053266636
0
VERTEX
8
0
10
89.619859375
20
17.025575
30
0
0
VERTEX
8
0
10
89.61984687500001
20
17.0251625
30
0
0
VERTEX
8
0
10
89.61981875000001
20
17.024956250000002
30
0
0
VERTEX
8
0
10
89.61981875000001
20
17.0243375
30
0
0
VERTEX
8
0
10
89.619
20
17
30
0
0
VERTEX
8
0
10
89.619
20
15.9078125
30
0
0
VERTEX
8
0
10
88.48059375000001
20
14.769406250000001
30
0
0
VERTEX
8
0
10
88.44838125000001
20
14.732784375000001
30
0
42
0.6054645308799077
0
VERTEX
8
0
10
88.7308125
20
14.119484375
30
0
0
SEQEND
0
POLYLINE
66
1
8
1_copper
10
0.0
20
0.0
30
0.0
70
1
0
VERTEX
8
0
10
48.548671875000004
20
12.872121875000001
30
0
42
0.9068369069401623
0
VERTEX
8
0
10
48.525575
20
13.630140625000001
30
0
0
VERTEX
8
0
10
48.5
20
13.631
30
0
0
VERTEX
8
0
10
47.157812500000006
20
13.631
30
0
0
VERTEX
8
0
10
46.26940625
20
14.519406250000001
30
0
0
VERTEX
8
0
10
46.258321875
20
14.529156250000002
30
0
0
VERTEX
8
0
10
46.247678125
20
14.5395125
30
0
42
0.17215206902225355
0
VERTEX
8
0
10
46.009806250000004
20
14.630671875
30
0
0
VERTEX
8
0
10
46.006396875
20
14.630946875000001
30
0
0
VERTEX
8
0
10
46.004396875000005
20
14.630853125000002
30
0
0
VERTEX
8
0
10
46
20
14.631
30
0
0
VERTEX
8
0
10
41
20
14.631
30
0
0
VERTEX
8
0
10
40.951328125
20
14.627878125
30
0
42
0.9068369069401623
0
VERTEX
8
0
10
40.974425000000004
20
13.869859375
30
0
0
VERTEX
8
0
10
41
20
13.869000000000002
30
0
0
VERTEX
8
0
10
45.8421875
20
13.869000000000002
30
0
0
VERTEX
8
0
10
46.730593750000004
20
12.98059375
30
0
0
VERTEX
8
0
10
46.741678125
20
12.97084375
30
0
0
VERTEX
8
0
10
46.752321875
20
12.960487500000001
30
0
42
0.17215206902225355
0
VERTEX
8
0
10
46.99019375
20
12.869328125000001
30
0
0
VERTEX
8
0
10
46.993603125
20
12.869053125
30
0
0
VERTEX
8
0
10
46.995603125
20
12.869146875
30
0
0
VERTEX
8
0
10
47
20
12.869
30
0
0
VERTEX
8
0
10
48.5
20
12.869
30
0
0
SEQEND
0
POLYLINE
66
1
8
1_copper
10
0.0
20
0.0
30
0.0
70
1
0
VERTEX
8
0
10
56.053859375
20
12.275662500000001
30
0
42
0.9999999999999999
0
VERTEX
8
0
10
55.946140625000005
20
12.7243375
30
0
0
VERTEX
8
0
10
55.911709375
20
12.71315
30
0
42
0.854076345154308
0
VERTEX
8
0
10
56.018100000000004
20
12.270000000000001
30
0
0
SEQEND
0
POLYLINE
66
1
8
16_copper
10
0.0
20
0.0
30
0.0
70
1
0
VERTEX
8
0
10
96.844046875
20
14.119946875
30
0
0
VERTEX
8
0
10
96.85885
20
14.12015
30
0
42
0.17212934215951697
0
VERTEX
8
0
10
97.09148437500001
20
14.223868750000001
30
0
0
VERTEX
8
0
10
97.094115625
20
14.22610625
30
0
0
VERTEX
8
0
10
97.095478125
20
14.227606250000001
30
0
0
VERTEX
8
0
10
97.098675
20
14.23059375
30
0
0
VERTEX
8
0
10
99.26940625
20
16.401325
30
0
0
VERTEX
8
0
10
99.27915625
20
16.412409375
30
0
0
VERTEX
8
0
10
99.2895125
20
16.423053125
30
0
42
0.17215206902225355
0
VERTEX
8
0
10
99.380671875
20
16.660925000000002
30
0
0
VERTEX
8
0
10
99.380946875
20
16.664334375
30
0
0
VERTEX
8
0
10
99.380853125
20
16.666334375
30
0
0
VERTEX
8
0
10
99.381
20
16.67073125
30
0
0
VERTEX
8
0
10
99.381
20
34.5
30
0
0
VERTEX
8
0
10
99.37787812500001
20
34.548671875000004
30
0
42
0.9068369069401623
0
VERTEX
8
0
10
98.619859375
20
34.525575
30
0
0
VERTEX
8
0
10
98.619
20
34.5
30
0
0
VERTEX
8
0
10
98.619
20
16.82854375
30
0
0
VERTEX
8
0
10
96.67145625
20
14.881
30
0
0
VERTEX
8
0
10
58
20
14.881
30
0
0
VERTEX
8
0
10
57.985221875
20
14.880053125
30
0
0
VERTEX
8
0
10
57.97041875
20
14.879850000000001
30
0
42
0.17212934215951697
0
VERTEX
8
0
10
57.737784375000004
20
14.77613125
30
0
0
VERTEX
8
0
10
57.735153125000004
20
14.773893750000001
30
0
0
VERTEX
8
0
10
57.733790625000005
20
14.77239375
30
0
0
VERTEX
8
0
10
57.730593750000004
20
14.769406250000001
30
0
0
VERTEX
8
0
10
55.730593750000004
20
12.769406250000001
30
0
0
VERTEX
8
0
10
55.698381250000004
20
12.732784375000001
30
0
42
0.9068353674675843
0
VERTEX
8
0
10
56.250715625000005
20
12.213115625
30
0
0
VERTEX
8
0
10
56.26940625
20
12.23059375
30
0
0
VERTEX
8
0
10
58.157812500000006
20
14.119000000000002
30
0
0
VERTEX
8
0
10
96.82926875000001
20
14.119000000000002
30
0
0
SEQEND
0
POLYLINE
66
1
8
16_copper
10
0.0
20
0.0
30
0.0
70
1
0
VERTEX
8
0
10
41.042321875
20
13.87135625
30
0
42
0.6054631140802934
0
VERTEX
8
0
10
41.286884375
20
14.500715625000002
30
0
0
VERTEX
8
0
10
41.26940625
20
14.519406250000001
30
0
0
VERTEX
8
0
10
40.51940625
20
15.269406250000001
30
0
0
VERTEX
8
0
10
40.508321875
20
15.279156250000002
30
0
0
VERTEX
8
0
10
40.497678125
20
15.2895125
30
0
42
0.17215206902225355
0
VERTEX
8
0
10
40.259806250000004
20
15.380671875
30
0
0
VERTEX
8
0
10
40.256396875
20
15.380946875000001
30
0
0
VERTEX
8
0
10
40.254396875000005
20
15.380853125000002
30
0
0
VERTEX
8
0
10
40.25
20
15.381
30
0
0
VERTEX
8
0
10
34.4078125
20
15.381
30
0
0
VERTEX
8
0
10
34.11455
20
15.674262500000001
30
0
0
VERTEX
8
0
10
34.11455
20
16.03695
30
0
0
VERTEX
8
0
10
33.315850000000005
20
16.03695
30
0
0
VERTEX
8
0
10
33.315850000000005
20
15.06305
30
0
0
VERTEX
8
0
10
33.648137500000004
20
15.06305
30
0
0
VERTEX
8
0
10
33.980593750000004
20
14.73059375
30
0
0
VERTEX
8
0
10
33.991678125
20
14.72084375
30
0
0
VERTEX
8
0
10
34.002321875
20
14.710487500000001
30
0
42
0.17215206902225355
0
VERTEX
8
0
10
34.24019375
20
14.619328125000001
30
0
0
VERTEX
8
0
10
34.243603125
20
14.619053125
30
0
0
VERTEX
8
0
10
34.245603125
20
14.619146875
30
0
0
VERTEX
8
0
10
34.25
20
14.619000000000002
30
0
0
VERTEX
8
0
10
40.0921875
20
14.619000000000002
30
0
0
VERTEX
8
0
10
40.730593750000004
20
13.98059375
30
0
0
VERTEX
8
0
10
40.767215625
20
13.94838125
30
0
42
0.16150950116414037
0
VERTEX
8
0
10
40.993603125
20
13.869053125
30
0
0
SEQEND
0
POLYLINE
66
1
8
16_copper
10
0.0
20
0.0
30
0.0
70
1
0
VERTEX
8
0
10
48.553859375
20
13.025662500000001
30
0
42
0.9999999999999999
0
VERTEX
8
0
10
48.446140625000005
20
13.4743375
30
0
0
VERTEX
8
0
10
48.411709375
20
13.46315
30
0
42
0.854076345154308
0
VERTEX
8
0
10
48.518100000000004
20
13.020000000000001
30
0
0
SEQEND
0
POLYLINE
66
1
8
1_copper
10
0.0
20
0.0
30
0.0
70
1
0
VERTEX
8
0
10
86.264778125
20
53.369946875000004
30
0
0
VERTEX
8
0
10
86.27958125
20
53.37015
30
0
42
0.17212934215951697
0
VERTEX
8
0
10
86.51221562500001
20
53.47386875
30
0
0
VERTEX
8
0
10
86.514846875
20
53.47610625
30
0
0
VERTEX
8
0
10
86.516209375
20
53.47760625
30
0
0
VERTEX
8
0
10
86.51940625
20
53.480593750000004
30
0
0
VERTEX
8
0
10
87.76940625
20
54.730593750000004
30
0
0
VERTEX
8
0
10
87.77915625
20
54.741678125
30
0
0
VERTEX
8
0
10
87.7895125
20
54.752321875
30
0
42
0.17215206902225355
0
VERTEX
8
0
10
87.880671875
20
54.99019375
30
0
0
VERTEX
8
0
10
87.880946875
20
54.993603125
30
0
0
VERTEX
8
0
10
87.880853125
20
54.995603125
30
0
0
VERTEX
8
0
10
87.881
20
55
30
0
0
VERTEX
8
0
10
87.881
20
55.120000000000005
30
0
0
VERTEX
8
0
10
87.87787812500001
20
55.168671875
30
0
42
0.8501046920363952
0
VERTEX
8
0
10
87.12624062500001
20
55.193928125
30
0
0
VERTEX
8
0
10
87.12185000000001
20
55.1606625
30
0
0
VERTEX
8
0
10
86.09218750000001
20
54.131
30
0
0
VERTEX
8
0
10
77.07854375000001
20
54.131
30
0
0
VERTEX
8
0
10
76.45580000000001
20
54.753743750000005
30
0
0
VERTEX
8
0
10
76.45580000000001
20
56.925200000000004
30
0
0
VERTEX
8
0
10
76.454853125
20
56.939978125
30
0
0
VERTEX
8
0
10
76.45465
20
56.95478125
30
0
42
0.12880620814309596
0
VERTEX
8
0
10
76.3913625
20
57.137212500000004
30
0
0
VERTEX
8
0
10
76.38551875
20
57.144834375
30
0
0
VERTEX
8
0
10
76.381
20
57.151784375000005
30
0
0
VERTEX
8
0
10
76.381
20
62.3421875
30
0
0
VERTEX
8
0
10
87.76940625
20
73.73059375
30
0
0
VERTEX
8
0
10
87.77915625
20
73.741678125
30
0
0
VERTEX
8
0
10
87.7895125
20
73.752321875
30
0
42
0.17215206902225355
0
VERTEX
8
0
10
87.880671875
20
73.99019375
30
0
0
VERTEX
8
0
10
87.880946875
20
73.993603125
30
0
0
VERTEX
8
0
10
87.880853125
20
73.995603125
30
0
0
VERTEX
8
0
10
87.881
20
74
30
0
0
VERTEX
8
0
10
87.881
20
74.12
30
0
0
VERTEX
8
0
10
87.87787812500001
20
74.168671875
30
0
42
0.8501046920363952
0
VERTEX
8
0
10
87.12624062500001
20
74.193928125
30
0
0
VERTEX
8
0
10
87.12185000000001
20
74.1606625
30
0
0
VERTEX
8
0
10
75.73059375
20
62.76940625
30
0
0
VERTEX
8
0
10
75.72084375
20
62.758321875
30
0
0
VERTEX
8
0
10
75.7104875
20
62.747678125
30
0
42
0.17215206902225355
0
VERTEX
8
0
10
75.61932812500001
20
62.509806250000004
30
0
0
VERTEX
8
0
10
75.61905312500001
20
62.506396875
30
0
0
VERTEX
8
0
10
75.619146875
20
62.504396875000005
30
0
0
VERTEX
8
0
10
75.619
20
62.5
30
0
0
VERTEX
8
0
10
75.619
20
57
30
0
0
VERTEX
8
0
10
75.619946875
20
56.985221875
30
0
0
VERTEX
8
0
10
75.62015000000001
20
56.97041875
30
0
42
0.12880620814309596
0
VERTEX
8
0
10
75.6834375
20
56.7879875
30
0
0
VERTEX
8
0
10
75.68928125000001
20
56.780365625
30
0
0
VERTEX
8
0
10
75.69380000000001
20
56.773415625000005
30
0
0
VERTEX
8
0
10
75.69380000000001
20
54.59593125
30
0
0
VERTEX
8
0
10
75.694746875
20
54.581153125
30
0
0
VERTEX
8
0
10
75.69495
20
54.56635
30
0
42
0.17212934215951697
0
VERTEX
8
0
10
75.79866875
20
54.333715625
30
0
0
VERTEX
8
0
10
75.80090625
20
54.331084375
30
0
0
VERTEX
8
0
10
75.80240625
20
54.329721875000004
30
0
0
VERTEX
8
0
10
75.80539375000001
20
54.326525000000004
30
0
0
VERTEX
8
0
10
76.651325
20
53.480593750000004
30
0
0
VERTEX
8
0
10
76.66240937500001
20
53.47084375
30
0
0
VERTEX
8
0
10
76.67305312500001
20
53.4604875
30
0
42
0.17215206902225355
0
VERTEX
8
0
10
76.910925
20
53.369328125
30
0
0
VERTEX
8
0
10
76.91433437500001
20
53.369053125
30
0
0
VERTEX
8
0
10
76.916334375
20
53.369146875000006
30
0
0
VERTEX
8
0
10
76.92073125
20
53.369
30
0
0
VERTEX
8
0
10
86.25
20
53.369
30
0
0
SEQEND
0
POLYLINE
66
1
8
1_copper
10
0.0
20
0.0
30
0.0
70
1
0
VERTEX
8
0
10
95.764778125
20
12.869946875
30
0
0
VERTEX
8
0
10
95.77958125
20
12.87015
30
0
42
0.17212934215951697
0
VERTEX
8
0
10
96.01221562500001
20
12.973868750000001
30
0
0
VERTEX
8
0
10
96.014846875
20
12.97610625
30
0
0
VERTEX
8
0
10
96.016209375
20
12.977606250000001
30
0
0
VERTEX
8
0
10
96.01940625
20
12.98059375
30
0
0
VERTEX
8
0
10
99.26940625
20
16.23059375
30
0
0
VERTEX
8
0
10
99.27915625
20
16.241678125
30
0
0
VERTEX
8
0
10
99.2895125
20
16.252321875
30
0
42
0.17215206902225355
0
VERTEX
8
0
10
99.380671875
20
16.49019375
30
0
0
VERTEX
8
0
10
99.380946875
20
16.493603125
30
0
0
VERTEX
8
0
10
99.380853125
20
16.495603125000002
30
0
0
VERTEX
8
0
10
99.381
20
16.5
30
0
0
VERTEX
8
0
10
99.381
20
24.5
30
0
0
VERTEX
8
0
10
99.380053125
20
24.514778125
30
0
0
VERTEX
8
0
10
99.37985
20
24.52958125
30
0
42
0.17212934215951697
0
VERTEX
8
0
10
99.27613125
20
24.762215625
30
0
0
VERTEX
8
0
10
99.27389375
20
24.764846875
30
0
0
VERTEX
8
0
10
99.27239375
20
24.766209375000003
30
0
0
VERTEX
8
0
10
99.26940625
20
24.769406250000003
30
0
0
VERTEX
8
0
10
87.878409375
20
36.160403125
30
0
0
VERTEX
8
0
10
87.87787812500001
20
36.168671875
30
0
42
0.9068369069401623
0
VERTEX
8
0
10
87.119859375
20
36.145575
30
0
0
VERTEX
8
0
10
87.119
20
36.120000000000005
30
0
0
VERTEX
8
0
10
87.119
20
36
30
0
42
0.19220450378623571
0
VERTEX
8
0
10
87.22386875000001
20
35.737784375000004
30
0
0
VERTEX
8
0
10
87.22610625
20
35.735153125000004
30
0
0
VERTEX
8
0
10
87.22760625000001
20
35.733790625000005
30
0
0
VERTEX
8
0
10
87.23059375000001
20
35.730593750000004
30
0
0
VERTEX
8
0
10
98.619
20
24.3421875
30
0
0
VERTEX
8
0
10
98.619
20
16.657812500000002
30
0
0
VERTEX
8
0
10
95.59218750000001
20
13.631
30
0
0
VERTEX
8
0
10
88.4078125
20
13.631
30
0
0
VERTEX
8
0
10
87.881
20
14.1578125
30
0
0
VERTEX
8
0
10
87.881
20
17.12
30
0
0
VERTEX
8
0
10
87.87787812500001
20
17.168671875
30
0
42
0.9068369069401623
0
VERTEX
8
0
10
87.119859375
20
17.145575
30
0
0
VERTEX
8
0
10
87.119
20
17.12
30
0
0
VERTEX
8
0
10
87.119
20
14
30
0
0
VERTEX
8
0
10
87.11994687500001
20
13.985221875
30
0
0
VERTEX
8
0
10
87.12015000000001
20
13.97041875
30
0
42
0.17212934215951697
0
VERTEX
8
0
10
87.22386875000001
20
13.737784375
30
0
0
VERTEX
8
0
10
87.22610625
20
13.735153125
30
0
0
VERTEX
8
0
10
87.22760625000001
20
13.733790625000001
30
0
0
VERTEX
8
0
10
87.23059375000001
20
13.73059375
30
0
0
VERTEX
8
0
10
87.98059375000001
20
12.98059375
30
0
0
VERTEX
8
0
10
87.991678125
20
12.97084375
30
0
0
VERTEX
8
0
10
88.002321875
20
12.960487500000001
30
0
42
0.17215206902225355
0
VERTEX
8
0
10
88.24019375
20
12.869328125000001
30
0
0
VERTEX
8
0
10
88.243603125
20
12.869053125
30
0
0
VERTEX
8
0
10
88.245603125
20
12.869146875
30
0
0
VERTEX
8
0
10
88.25
20
12.869
30
0
0
VERTEX
8
0
10
95.75
20
12.869
30
0
0
SEQEND
0
POLYLINE
66
1
8
1_copper
10
0.0
20
0.0
30
0.0
70
1
0
VERTEX
8
0
10
40.053859375
20
13.275662500000001
30
0
42
0.9999999999999999
0
VERTEX
8
0
10
39.946140625000005
20
13.7243375
30
0
0
VERTEX
8
0
10
39.911709375
20
13.71315
30
0
42
0.854076345154308
0
VERTEX
8
0
10
40.018100000000004
20
13.270000000000001
30
0
0
SEQEND
0
POLYLINE
66
1
8
16_copper
10
0.0
20
0.0
30
0.0
70
1
0
VERTEX
8
0
10
40.048671875000004
20
13.122121875000001
30
0
42
0.9068369069401623
0
VERTEX
8
0
10
40.025575
20
13.880140625000001
30
0
0
VERTEX
8
0
10
40
20
13.881
30
0
0
VERTEX
8
0
10
34.1578125
20
13.881
30
0
0
VERTEX
8
0
10
34.11455
20
13.924262500000001
30
0
0
VERTEX
8
0
10
34.11455
20
14.286950000000001
30
0
0
VERTEX
8
0
10
33.315850000000005
20
14.286950000000001
30
0
0
VERTEX
8
0
10
33.315850000000005
20
13.31305
30
0
0
VERTEX
8
0
10
33.648137500000004
20
13.31305
30
0
0
VERTEX
8
0
10
33.730593750000004
20
13.23059375
30
0
42
0.19222741378105385
0
VERTEX
8
0
10
33.99019375
20
13.119328125000001
30
0
0
VERTEX
8
0
10
33.993603125
20
13.119053125
30
0
0
VERTEX
8
0
10
33.995603125
20
13.119146875
30
0
0
VERTEX
8
0
10
34
20
13.119
30
0
0
VERTEX
8
0
10
40
20
13.119
30
0
0
SEQEND
0
POLYLINE
66
1
8
1_copper
10
0.0
20
0.0
30
0.0
70
1
0
VERTEX
8
0
10
65.51940625
20
55.26940625
30
0
42
0.04981087355344077
0
VERTEX
8
0
10
65.46080625
20
55.317365625
30
0
0
VERTEX
8
0
10
65.44460625
20
55.327359375
30
0
0
VERTEX
8
0
10
65.44234375
20
55.328884375
30
0
0
VERTEX
8
0
10
65.441215625
20
55.32945
30
0
0
VERTEX
8
0
10
65.43902812500001
20
55.3308
30
0
0
VERTEX
8
0
10
65.229028125
20
55.4508
30
0
0
VERTEX
8
0
10
65.18521875
20
55.472237500000006
30
0
42
0.9068362148150945
0
VERTEX
8
0
10
64.82919375
20
54.802634375000004
30
0
0
VERTEX
8
0
10
64.850971875
20
54.7892
30
0
0
VERTEX
8
0
10
65.016675
20
54.6945125
30
0
0
VERTEX
8
0
10
66.23059375
20
53.480593750000004
30
0
0
VERTEX
8
0
10
66.241678125
20
53.47084375
30
0
0
VERTEX
8
0
10
66.252321875
20
53.4604875
30
0
42
0.17215206902225355
0
VERTEX
8
0
10
66.49019375
20
53.369328125
30
0
0
VERTEX
8
0
10
66.493603125
20
53.369053125
30
0
0
VERTEX
8
0
10
66.495603125
20
53.369146875000006
30
0
0
VERTEX
8
0
10
66.5
20
53.369
30
0
0
VERTEX
8
0
10
71.84218750000001
20
53.369
30
0
0
VERTEX
8
0
10
73.619
20
51.5921875
30
0
0
VERTEX
8
0
10
73.619
20
41.75
30
0
0
VERTEX
8
0
10
73.622121875
20
41.701328125
30
0
42
0.9068369069401623
0
VERTEX
8
0
10
74.38014062500001
20
41.724425000000004
30
0
0
VERTEX
8
0
10
74.381
20
41.75
30
0
0
VERTEX
8
0
10
74.381
20
51.75
30
0
0
VERTEX
8
0
10
74.380053125
20
51.764778125
30
0
0
VERTEX
8
0
10
74.37985
20
51.77958125
30
0
42
0.17212934215951697
0
VERTEX
8
0
10
74.27613125
20
52.012215625
30
0
0
VERTEX
8
0
10
74.27389375
20
52.014846875
30
0
0
VERTEX
8
0
10
74.27239375
20
52.016209375
30
0
0
VERTEX
8
0
10
74.26940625
20
52.01940625
30
0
0
VERTEX
8
0
10
72.9198125
20
53.369
30
0
0
VERTEX
8
0
10
74
20
53.369
30
0
0
VERTEX
8
0
10
74.014778125
20
53.369946875000004
30
0
0
VERTEX
8
0
10
74.02958125
20
53.37015
30
0
42
0.17212934215951697
0
VERTEX
8
0
10
74.26221562500001
20
53.47386875
30
0
0
VERTEX
8
0
10
74.264846875
20
53.47610625
30
0
0
VERTEX
8
0
10
74.266209375
20
53.47760625
30
0
0
VERTEX
8
0
10
74.26940625
20
53.480593750000004
30
0
0
VERTEX
8
0
10
75.01940625
20
54.230593750000004
30
0
0
VERTEX
8
0
10
75.02915625
20
54.241678125
30
0
0
VERTEX
8
0
10
75.0395125
20
54.252321875
30
0
42
0.17215206902225355
0
VERTEX
8
0
10
75.130671875
20
54.49019375
30
0
0
VERTEX
8
0
10
75.130946875
20
54.493603125
30
0
0
VERTEX
8
0
10
75.130853125
20
54.495603125
30
0
0
VERTEX
8
0
10
75.131
20
54.5
30
0
0
VERTEX
8
0
10
75.131
20
61.5
30
0
0
VERTEX
8
0
10
75.130053125
20
61.514778125
30
0
0
VERTEX
8
0
10
75.12985
20
61.52958125
30
0
42
0.17212934215951697
0
VERTEX
8
0
10
75.02613125
20
61.762215625
30
0
0
VERTEX
8
0
10
75.02389375
20
61.764846875
30
0
0
VERTEX
8
0
10
75.02239375
20
61.766209375
30
0
0
VERTEX
8
0
10
75.01940625
20
61.76940625
30
0
0
VERTEX
8
0
10
64.51940625
20
72.26940625
30
0
0
VERTEX
8
0
10
64.48278437500001
20
72.30161875
30
0
42
0.9068353674675843
0
VERTEX
8
0
10
63.963115625
20
71.749284375
30
0
0
VERTEX
8
0
10
63.980593750000004
20
71.73059375
30
0
0
VERTEX
8
0
10
74.369
20
61.3421875
30
0
0
VERTEX
8
0
10
74.369
20
54.657812500000006
30
0
0
VERTEX
8
0
10
73.84218750000001
20
54.131
30
0
0
VERTEX
8
0
10
66.6578125
20
54.131
30
0
0
SEQEND
0
POLYLINE
66
1
8
1_copper
10
0.0
20
0.0
30
0.0
70
1
0
VERTEX
8
0
10
75.28595625
20
11.870700000000001
30
0
42
0.3676104576071682
0
VERTEX
8
0
10
75.63014062500001
20
12.224425
30
0
0
VERTEX
8
0
10
75.631
20
12.25
30
0
0
VERTEX
8
0
10
75.631
20
26
30
0
0
VERTEX
8
0
10
75.630053125
20
26.014778125000003
30
0
0
VERTEX
8
0
10
75.62985
20
26.02958125
30
0
42
0.17212934215951697
0
VERTEX
8
0
10
75.52613125
20
26.262215625
30
0
0
VERTEX
8
0
10
75.52389375
20
26.264846875
30
0
0
VERTEX
8
0
10
75.52239375
20
26.266209375000003
30
0
0
VERTEX
8
0
10
75.51940625
20
26.269406250000003
30
0
0
VERTEX
8
0
10
65.51940625
20
36.26940625
30
0
0
VERTEX
8
0
10
65.509290625
20
36.278303125
30
0
0
VERTEX
8
0
10
65.49962500000001
20
36.287834375
30
0
42
0.032037400025607
0
VERTEX
8
0
10
65.46080625
20
36.317365625
30
0
0
VERTEX
8
0
10
65.44460625
20
36.327359375
30
0
0
VERTEX
8
0
10
65.44234375
20
36.328884375
30
0
0
VERTEX
8
0
10
65.441215625
20
36.32945
30
0
0
VERTEX
8
0
10
65.43902812500001
20
36.3308
30
0
0
VERTEX
8
0
10
65.229028125
20
36.4508
30
0
0
VERTEX
8
0
10
65.18521875
20
36.4722375
30
0
42
0.9068362148150945
0
VERTEX
8
0
10
64.82919375
20
35.802634375000004
30
0
0
VERTEX
8
0
10
64.850971875
20
35.7892
30
0
0
VERTEX
8
0
10
65.016675
20
35.6945125
30
0
0
VERTEX
8
0
10
74.869
20
25.8421875
30
0
0
VERTEX
8
0
10
74.869
20
12.25
30
0
0
VERTEX
8
0
10
74.872121875
20
12.201328125
30
0
42
0.36761238908169436
0
VERTEX
8
0
10
75.23720625
20
11.869215625
30
0
0
SEQEND
0
POLYLINE
66
1
8
1_copper
10
0.0
20
0.0
30
0.0
70
1
0
VERTEX
8
0
10
63.77958125
20
9.87015
30
0
42
0.16150821689739783
0
VERTEX
8
0
10
64.000715625
20
9.963115625
30
0
0
VERTEX
8
0
10
64.01940625
20
9.98059375
30
0
0
VERTEX
8
0
10
65.26940625
20
11.23059375
30
0
0
VERTEX
8
0
10
65.27915625
20
11.241678125
30
0
0
VERTEX
8
0
10
65.2895125
20
11.252321875
30
0
42
0.17215206902225355
0
VERTEX
8
0
10
65.380671875
20
11.490193750000001
30
0
0
VERTEX
8
0
10
65.380946875
20
11.493603125
30
0
0
VERTEX
8
0
10
65.380853125
20
11.495603125
30
0
0
VERTEX
8
0
10
65.381
20
11.5
30
0
0
VERTEX
8
0
10
65.381
20
16.938178125
30
0
0
VERTEX
8
0
10
65.401446875
20
16.99951875
30
0
0
VERTEX
8
0
10
65.413878125
20
17.046681250000002
30
0
42
0.9068363408466821
0
VERTEX
8
0
10
64.687453125
20
17.264471875
30
0
0
VERTEX
8
0
10
64.67855312500001
20
17.240481250000002
30
0
0
VERTEX
8
0
10
64.638759375
20
17.121096875
30
0
42
4.1501900712207694e-5
0
VERTEX
8
0
10
64.6387375
20
17.1210375
30
0
0
VERTEX
8
0
10
64.638553125
20
17.12048125
30
0
42
0.06372893053266636
0
VERTEX
8
0
10
64.619859375
20
17.025575
30
0
0
VERTEX
8
0
10
64.61984687500001
20
17.0251625
30
0
0
VERTEX
8
0
10
64.61981875000001
20
17.024956250000002
30
0
0
VERTEX
8
0
10
64.61981875000001
20
17.0243375
30
0
0
VERTEX
8
0
10
64.619
20
17
30
0
0
VERTEX
8
0
10
64.619
20
11.6578125
30
0
0
VERTEX
8
0
10
63.480593750000004
20
10.519406250000001
30
0
0
VERTEX
8
0
10
63.448381250000004
20
10.482784375000001
30
0
42
0.6054645308799077
0
VERTEX
8
0
10
63.730812500000006
20
9.869484375
30
0
0
SEQEND
0
POLYLINE
66
1
8
1_copper
10
0.0
20
0.0
30
0.0
70
1
0
VERTEX
8
0
10
35.053859375
20
11.775662500000001
30
0
42
0.9999999999999999
0
VERTEX
8
0
10
34.946140625
20
12.2243375
30
0
0
VERTEX
8
0
10
34.911709375
20
12.21315
30
0
42
0.854076345154308
0
VERTEX
8
0
10
35.018100000000004
20
11.770000000000001
30
0
0
SEQEND
0
POLYLINE
66
1
8
1_copper
10
0.0
20
0.0
30
0.0
70
1
0
VERTEX
8
0
10
27.835956250000002
20
7.1207
30
0
42
0.33166881261355113
0
VERTEX
8
0
10
28.173759375000003
20
7.426071875000001
30
0
0
VERTEX
8
0
10
28.180140625
20
7.474425
30
0
0
VERTEX
8
0
10
28.181
20
7.5
30
0
0
VERTEX
8
0
10
28.181
20
7.6000000000000005
30
0
42
0.19220450378623571
0
VERTEX
8
0
10
28.076131250000003
20
7.862215625
30
0
0
VERTEX
8
0
10
28.07389375
20
7.8648468750000005
30
0
0
VERTEX
8
0
10
28.07239375
20
7.866209375
30
0
0
VERTEX
8
0
10
28.06940625
20
7.86940625
30
0
0
VERTEX
8
0
10
27.381
20
8.5578125
30
0
0
VERTEX
8
0
10
27.381
20
9.3421875
30
0
0
VERTEX
8
0
10
28.019406250000003
20
9.98059375
30
0
0
VERTEX
8
0
10
28.051618750000003
20
10.017215625
30
0
42
0.9068353674675843
0
VERTEX
8
0
10
27.499284375000002
20
10.536884375
30
0
0
VERTEX
8
0
10
27.48059375
20
10.519406250000001
30
0
0
VERTEX
8
0
10
26.73059375
20
9.769406250000001
30
0
0
VERTEX
8
0
10
26.72084375
20
9.758321875
30
0
0
VERTEX
8
0
10
26.710487500000003
20
9.747678125
30
0
42
0.17215206902225355
0
VERTEX
8
0
10
26.619328125000003
20
9.50980625
30
0
0
VERTEX
8
0
10
26.619053125
20
9.506396875
30
0
0
VERTEX
8
0
10
26.619146875000002
20
9.504396875000001
30
0
0
VERTEX
8
0
10
26.619
20
9.5
30
0
0
VERTEX
8
0
10
26.619
20
8.4
30
0
0
VERTEX
8
0
10
26.619946875
20
8.385221875000001
30
0
0
VERTEX
8
0
10
26.620150000000002
20
8.37041875
30
0
42
0.17212934215951697
0
VERTEX
8
0
10
26.72386875
20
8.137784375
30
0
0
VERTEX
8
0
10
26.72610625
20
8.135153125
30
0
0
VERTEX
8
0
10
26.72760625
20
8.133790625
30
0
0
VERTEX
8
0
10
26.73059375
20
8.130593750000001
30
0
0
VERTEX
8
0
10
27.425084375
20
7.436103125000001
30
0
0
VERTEX
8
0
10
27.4314375
20
7.403453125
30
0
42
0.3316701956942456
0
VERTEX
8
0
10
27.78720625
20
7.119215625000001
30
0
0
SEQEND
0
POLYLINE
66
1
8
16_copper
10
0.0
20
0.0
30
0.0
70
1
0
VERTEX
8
0
10
64.28595625
20
71.6207
30
0
42
0.3676104576071682
0
VERTEX
8
0
10
64.63014062500001
20
71.974425
30
0
0
VERTEX
8
0
10
64.631
20
72
30
0
0
VERTEX
8
0
10
64.631
20
73.1721875
30
0
0
VERTEX
8
0
10
65.30940625000001
20
73.85059375
30
0
0
VERTEX
8
0
10
65.34161875000001
20
73.88721562500001
30
0
42
0.9068353674675843
0
VERTEX
8
0
10
64.78928437500001
20
74.406884375
30
0
0
VERTEX
8
0
10
64.77059375
20
74.38940625000001
30
0
0
VERTEX
8
0
10
63.980593750000004
20
73.59940625
30
0
0
VERTEX
8
0
10
63.97084375
20
73.588321875
30
0
0
VERTEX
8
0
10
63.960487500000006
20
73.577678125
30
0
42
0.17215206902225355
0
VERTEX
8
0
10
63.869328125
20
73.33980625000001
30
0
0
VERTEX
8
0
10
63.869053125
20
73.336396875
30
0
0
VERTEX
8
0
10
63.869146875000006
20
73.33439687500001
30
0
0
VERTEX
8
0
10
63.869
20
73.33
30
0
0
VERTEX
8
0
10
63.869
20
72
30
0
0
VERTEX
8
0
10
63.872121875000005
20
71.951328125
30
0
42
0.36761238908169436
0
VERTEX
8
0
10
64.23720625
20
71.61921562500001
30
0
0
SEQEND
0
POLYLINE
66
1
8
16_copper
10
0.0
20
0.0
30
0.0
70
1
0
VERTEX
8
0
10
74.053859375
20
41.5256625
30
0
42
0.9999999999999999
0
VERTEX
8
0
10
73.946140625
20
41.974337500000004
30
0
0
VERTEX
8
0
10
73.911709375
20
41.96315
30
0
42
0.854076345154308
0
VERTEX
8
0
10
74.0181
20
41.52
30
0
0
SEQEND
0
POLYLINE
66
1
8
16_copper
10
0.0
20
0.0
30
0.0
70
1
0
VERTEX
8
0
10
73.264778125
20
9.869946875
30
0
0
VERTEX
8
0
10
73.27958125
20
9.87015
30
0
42
0.17212934215951697
0
VERTEX
8
0
10
73.51221562500001
20
9.973868750000001
30
0
0
VERTEX
8
0
10
73.514846875
20
9.97610625
30
0
0
VERTEX
8
0
10
73.516209375
20
9.977606250000001
30
0
0
VERTEX
8
0
10
73.51940625
20
9.98059375
30
0
0
VERTEX
8
0
10
75.51940625
20
11.98059375
30
0
0
VERTEX
8
0
10
75.55161875
20
12.017215625
30
0
42
0.9068353674675843
0
VERTEX
8
0
10
74.999284375
20
12.536884375000001
30
0
0
VERTEX
8
0
10
74.98059375
20
12.519406250000001
30
0
0
VERTEX
8
0
10
73.09218750000001
20
10.631
30
0
0
VERTEX
8
0
10
63.75
20
10.631
30
0
0
VERTEX
8
0
10
63.701328125
20
10.627878125
30
0
42
0.9068369069401623
0
VERTEX
8
0
10
63.724425000000004
20
9.869859375
30
0
0
VERTEX
8
0
10
63.75
20
9.869
30
0
0
VERTEX
8
0
10
73.25
20
9.869
30
0
0
SEQEND
0
POLYLINE
66
1
8
16_copper
10
0.0
20
0.0
30
0.0
70
1
0
VERTEX
8
0
10
34.11455
20
11.619
30
0
0
VERTEX
8
0
10
35
20
11.619
30
0
0
VERTEX
8
0
10
35.048671875000004
20
11.622121875000001
30
0
42
0.9068369069401623
0
VERTEX
8
0
10
35.025575
20
12.380140625000001
30
0
0
VERTEX
8
0
10
35
20
12.381
30
0
0
VERTEX
8
0
10
34.11455
20
12.381
30
0
0
VERTEX
8
0
10
34.11455
20
12.536950000000001
30
0
0
VERTEX
8
0
10
33.315850000000005
20
12.536950000000001
30
0
0
VERTEX
8
0
10
33.315850000000005
20
11.56305
30
0
0
VERTEX
8
0
10
34.11455
20
11.56305
30
0
0
SEQEND
0
POLYLINE
66
1
8
16_copper
10
0.0
20
0.0
30
0.0
70
1
0
VERTEX
8
0
10
27.803859375000002
20
10.025662500000001
30
0
42
0.9999999999999999
0
VERTEX
8
0
10
27.696140625
20
10.4743375
30
0
0
VERTEX
8
0
10
27.661709375
20
10.46315
30
0
42
0.854076345154308
0
VERTEX
8
0
10
27.7681
20
10.020000000000001
30
0
0
SEQEND
0
POLYLINE
66
1
8
16_copper
10
0.0
20
0.0
30
0.0
70
1
0
VERTEX
8
0
10
27.853859375000003
20
7.2756625
30
0
42
0.9999999999999999
0
VERTEX
8
0
10
27.746140625000002
20
7.724337500000001
30
0
0
VERTEX
8
0
10
27.711709375
20
7.713150000000001
30
0
42
0.854076345154308
0
VERTEX
8
0
10
27.8181
20
7.2700000000000005
30
0
0
SEQEND
0
POLYLINE
66
1
8
1_copper
10
0.0
20
0.0
30
0.0
70
1
0
VERTEX
8
0
10
62.877878125
20
36.168671875
30
0
42
0.9068369069401623
0
VERTEX
8
0
10
62.119859375000004
20
36.145575
30
0
0
VERTEX
8
0
10
62.119
20
36.120000000000005
30
0
0
VERTEX
8
0
10
62.119
20
36
30
0
42
0.19220450378623571
0
VERTEX
8
0
10
62.22386875
20
35.737784375000004
30
0
0
VERTEX
8
0
10
62.22610625
20
35.735153125000004
30
0
0
VERTEX
8
0
10
62.22760625
20
35.733790625000005
30
0
0
VERTEX
8
0
10
62.230593750000004
20
35.730593750000004
30
0
0
VERTEX
8
0
10
62.9611875
20
35
30
0
0
VERTEX
8
0
10
58.3421875
20
30.381
30
0
0
VERTEX
8
0
10
54.157812500000006
20
30.381
30
0
0
VERTEX
8
0
10
51.381
20
33.1578125
30
0
0
VERTEX
8
0
10
51.381
20
46.869
30
0
0
VERTEX
8
0
10
55.75
20
46.869
30
0
0
VERTEX
8
0
10
55.764778125
20
46.869946875000004
30
0
0
VERTEX
8
0
10
55.77958125
20
46.87015
30
0
42
0.17212934215951697
0
VERTEX
8
0
10
56.012215625
20
46.97386875
30
0
0
VERTEX
8
0
10
56.014846875
20
46.97610625
30
0
0
VERTEX
8
0
10
56.016209375
20
46.97760625
30
0
0
VERTEX
8
0
10
56.01940625
20
46.980593750000004
30
0
0
VERTEX
8
0
10
62.01940625
20
52.980593750000004
30
0
0
VERTEX
8
0
10
62.02915625
20
52.991678125
30
0
0
VERTEX
8
0
10
62.0395125
20
53.002321875
30
0
42
0.17215206902225355
0
VERTEX
8
0
10
62.130671875000004
20
53.24019375
30
0
0
VERTEX
8
0
10
62.13094687500001
20
53.243603125
30
0
0
VERTEX
8
0
10
62.130853125
20
53.245603125
30
0
0
VERTEX
8
0
10
62.131
20
53.25
30
0
0
VERTEX
8
0
10
62.131
20
54.0921875
30
0
0
VERTEX
8
0
10
62.76940625
20
54.730593750000004
30
0
0
VERTEX
8
0
10
62.77915625
20
54.741678125
30
0
0
VERTEX
8
0
10
62.7895125
20
54.752321875
30
0
42
0.17215206902225355
0
VERTEX
8
0
10
62.880671875000004
20
54.99019375
30
0
0
VERTEX
8
0
10
62.88094687500001
20
54.993603125
30
0
0
VERTEX
8
0
10
62.880853125
20
54.995603125
30
0
0
VERTEX
8
0
10
62.881
20
55
30
0
0
VERTEX
8
0
10
62.881
20
55.120000000000005
30
0
0
VERTEX
8
0
10
62.877878125
20
55.168671875
30
0
42
0.8501046920363952
0
VERTEX
8
0
10
62.126240625
20
55.193928125
30
0
0
VERTEX
8
0
10
62.12185
20
55.1606625
30
0
0
VERTEX
8
0
10
61.480593750000004
20
54.51940625
30
0
0
VERTEX
8
0
10
61.47084375
20
54.508321875
30
0
0
VERTEX
8
0
10
61.460487500000006
20
54.497678125
30
0
42
0.17215206902225355
0
VERTEX
8
0
10
61.369328125
20
54.259806250000004
30
0
0
VERTEX
8
0
10
61.369053125
20
54.256396875
30
0
0
VERTEX
8
0
10
61.369146875000006
20
54.254396875000005
30
0
0
VERTEX
8
0
10
61.369
20
54.25
30
0
0
VERTEX
8
0
10
61.369
20
53.407812500000006
30
0
0
VERTEX
8
0
10
55.5921875
20
47.631
30
0
0
VERTEX
8
0
10
51.157812500000006
20
47.631
30
0
0
VERTEX
8
0
10
50.881
20
47.907812500000006
30
0
0
VERTEX
8
0
10
50.881
20
68.34218750000001
30
0
0
VERTEX
8
0
10
54.26940625
20
71.73059375
30
0
0
VERTEX
8
0
10
54.30161875
20
71.767215625
30
0
42
0.9068353674675843
0
VERTEX
8
0
10
53.749284375
20
72.286884375
30
0
0
VERTEX
8
0
10
53.730593750000004
20
72.26940625
30
0
0
VERTEX
8
0
10
50.230593750000004
20
68.76940625
30
0
0
VERTEX
8
0
10
50.22084375
20
68.75832187500001
30
0
0
VERTEX
8
0
10
50.2104875
20
68.74767812500001
30
0
42
0.17215206902225355
0
VERTEX
8
0
10
50.119328125
20
68.50980625
30
0
0
VERTEX
8
0
10
50.119053125
20
68.50639687500001
30
0
0
VERTEX
8
0
10
50.119146875000006
20
68.504396875
30
0
0
VERTEX
8
0
10
50.119
20
68.5
30
0
0
VERTEX
8
0
10
50.119
20
47.75
30
0
0
VERTEX
8
0
10
50.119946875000004
20
47.735221875
30
0
0
VERTEX
8
0
10
50.12015
20
47.72041875
30
0
42
0.17212934215951697
0
VERTEX
8
0
10
50.22386875
20
47.487784375000004
30
0
0
VERTEX
8
0
10
50.22610625
20
47.485153125000004
30
0
0
VERTEX
8
0
10
50.22760625
20
47.483790625000005
30
0
0
VERTEX
8
0
10
50.230593750000004
20
47.480593750000004
30
0
0
VERTEX
8
0
10
50.619
20
47.0921875
30
0
0
VERTEX
8
0
10
50.619
20
33
30
0
0
VERTEX
8
0
10
50.619946875000004
20
32.985221875
30
0
0
VERTEX
8
0
10
50.62015
20
32.97041875
30
0
42
0.17212934215951697
0
VERTEX
8
0
10
50.72386875
20
32.737784375000004
30
0
0
VERTEX
8
0
10
50.72610625
20
32.735153125000004
30
0
0
VERTEX
8
0
10
50.72760625
20
32.733790625000005
30
0
0
VERTEX
8
0
10
50.730593750000004
20
32.730593750000004
30
0
0
VERTEX
8
0
10
53.730593750000004
20
29.73059375
30
0
0
VERTEX
8
0
10
53.741678125
20
29.72084375
30
0
0
VERTEX
8
0
10
53.752321875
20
29.710487500000003
30
0
42
0.17215206902225355
0
VERTEX
8
0
10
53.99019375
20
29.619328125000003
30
0
0
VERTEX
8
0
10
53.993603125
20
29.619053125
30
0
0
VERTEX
8
0
10
53.995603125
20
29.619146875000002
30
0
0
VERTEX
8
0
10
54
20
29.619
30
0
0
VERTEX
8
0
10
58.5
20
29.619
30
0
0
VERTEX
8
0
10
58.514778125
20
29.619946875
30
0
0
VERTEX
8
0
10
58.52958125
20
29.620150000000002
30
0
42
0.17212934215951697
0
VERTEX
8
0
10
58.762215625
20
29.72386875
30
0
0
VERTEX
8
0
10
58.764846875
20
29.72610625
30
0
0
VERTEX
8
0
10
58.766209375
20
29.72760625
30
0
0
VERTEX
8
0
10
58.76940625
20
29.73059375
30
0
0
VERTEX
8
0
10
63.5
20
34.4611875
30
0
0
VERTEX
8
0
10
73.619
20
24.3421875
30
0
0
VERTEX
8
0
10
73.619
20
16.657812500000002
30
0
0
VERTEX
8
0
10
65.09218750000001
20
8.131
30
0
0
VERTEX
8
0
10
62.907812500000006
20
8.131
30
0
0
VERTEX
8
0
10
62.331
20
8.707812500000001
30
0
0
VERTEX
8
0
10
62.331
20
16.3121875
30
0
0
VERTEX
8
0
10
62.76940625
20
16.75059375
30
0
0
VERTEX
8
0
10
62.77915625
20
16.761678125
30
0
0
VERTEX
8
0
10
62.7895125
20
16.772321875
30
0
42
0.14163130233885338
0
VERTEX
8
0
10
62.87700625
20
16.9649875
30
0
0
VERTEX
8
0
10
62.8782
20
16.979728125
30
0
42
0.018585866554256477
0
VERTEX
8
0
10
62.880671875000004
20
17.01019375
30
0
0
VERTEX
8
0
10
62.88094687500001
20
17.013603125
30
0
0
VERTEX
8
0
10
62.880853125
20
17.015603125000002
30
0
0
VERTEX
8
0
10
62.881
20
17.02
30
0
0
VERTEX
8
0
10
62.881
20
17.12
30
0
42
0.9068363819458835
0
VERTEX
8
0
10
62.126240625
20
17.193928125
30
0
0
VERTEX
8
0
10
62.124890625000006
20
17.183703125
30
0
0
VERTEX
8
0
10
61.68059375
20
16.739406250000002
30
0
0
VERTEX
8
0
10
61.67084375
20
16.728321875000002
30
0
0
VERTEX
8
0
10
61.6604875
20
16.717678125
30
0
42
0.17215206902225355
0
VERTEX
8
0
10
61.569328125000006
20
16.47980625
30
0
0
VERTEX
8
0
10
61.569053125
20
16.476396875000002
30
0
0
VERTEX
8
0
10
61.569146875
20
16.474396875
30
0
0
VERTEX
8
0
10
61.569
20
16.470000000000002
30
0
0
VERTEX
8
0
10
61.569
20
8.55
30
0
0
VERTEX
8
0
10
61.569946875
20
8.535221875000001
30
0
0
VERTEX
8
0
10
61.570150000000005
20
8.520418750000001
30
0
42
0.17212934215951697
0
VERTEX
8
0
10
61.673868750000004
20
8.287784375000001
30
0
0
VERTEX
8
0
10
61.676106250000004
20
8.285153125
30
0
0
VERTEX
8
0
10
61.677606250000004
20
8.283790625
30
0
0
VERTEX
8
0
10
61.68059375
20
8.28059375
30
0
0
VERTEX
8
0
10
62.480593750000004
20
7.480593750000001
30
0
0
VERTEX
8
0
10
62.491678125
20
7.47084375
30
0
0
VERTEX
8
0
10
62.502321875
20
7.4604875
30
0
42
0.17215206902225355
0
VERTEX
8
0
10
62.74019375
20
7.369328125
30
0
0
VERTEX
8
0
10
62.743603125
20
7.369053125000001
30
0
0
VERTEX
8
0
10
62.745603125
20
7.369146875
30
0
0
VERTEX
8
0
10
62.75
20
7.369000000000001
30
0
0
VERTEX
8
0
10
65.25
20
7.369000000000001
30
0
0
VERTEX
8
0
10
65.264778125
20
7.369946875
30
0
0
VERTEX
8
0
10
65.27958125
20
7.370150000000001
30
0
42
0.17212934215951697
0
VERTEX
8
0
10
65.512215625
20
7.47386875
30
0
0
VERTEX
8
0
10
65.514846875
20
7.47610625
30
0
0
VERTEX
8
0
10
65.516209375
20
7.47760625
30
0
0
VERTEX
8
0
10
65.51940625
20
7.480593750000001
30
0
0
VERTEX
8
0
10
74.26940625
20
16.23059375
30
0
0
VERTEX
8
0
10
74.27915625
20
16.241678125
30
0
0
VERTEX
8
0
10
74.2895125
20
16.252321875
30
0
42
0.17215206902225355
0
VERTEX
8
0
10
74.380671875
20
16.49019375
30
0
0
VERTEX
8
0
10
74.380946875
20
16.493603125
30
0
0
VERTEX
8
0
10
74.380853125
20
16.495603125000002
30
0
0
VERTEX
8
0
10
74.381
20
16.5
30
0
0
VERTEX
8
0
10
74.381
20
24.5
30
0
0
VERTEX
8
0
10
74.380053125
20
24.514778125
30
0
0
VERTEX
8
0
10
74.37985
20
24.52958125
30
0
42
0.17212934215951697
0
VERTEX
8
0
10
74.27613125
20
24.762215625
30
0
0
VERTEX
8
0
10
74.27389375
20
24.764846875
30
0
0
VERTEX
8
0
10
74.27239375
20
24.766209375000003
30
0
0
VERTEX
8
0
10
74.26940625
20
24.769406250000003
30
0
0
VERTEX
8
0
10
62.878409375000004
20
36.160403125
30
0
0
SEQEND
0
POLYLINE
66
1
8
1_copper
10
0.0
20
0.0
30
0.0
70
1
0
VERTEX
8
0
10
45.048671875000004
20
5.122121875
30
0
42
0.9068369069401623
0
VERTEX
8
0
10
45.025575
20
5.880140625
30
0
0
VERTEX
8
0
10
45
20
5.881
30
0
0
VERTEX
8
0
10
38.4078125
20
5.881
30
0
0
VERTEX
8
0
10
37.131
20
7.1578125
30
0
0
VERTEX
8
0
10
37.131
20
10
30
0
0
VERTEX
8
0
10
37.130053125
20
10.014778125000001
30
0
0
VERTEX
8
0
10
37.129850000000005
20
10.02958125
30
0
42
0.17212934215951697
0
VERTEX
8
0
10
37.02613125
20
10.262215625
30
0
0
VERTEX
8
0
10
37.02389375
20
10.264846875
30
0
0
VERTEX
8
0
10
37.02239375
20
10.266209375
30
0
0
VERTEX
8
0
10
37.01940625
20
10.269406250000001
30
0
0
VERTEX
8
0
10
36.76940625
20
10.519406250000001
30
0
0
VERTEX
8
0
10
36.732784375
20
10.551618750000001
30
0
42
0.9068353674675843
0
VERTEX
8
0
10
36.213115625
20
9.999284375
30
0
0
VERTEX
8
0
10
36.230593750000004
20
9.98059375
30
0
0
VERTEX
8
0
10
36.369
20
9.8421875
30
0
0
VERTEX
8
0
10
36.369
20
7
30
0
0
VERTEX
8
0
10
36.369946875000004
20
6.985221875000001
30
0
0
VERTEX
8
0
10
36.37015
20
6.97041875
30
0
42
0.17212934215951697
0
VERTEX
8
0
10
36.47386875
20
6.737784375
30
0
0
VERTEX
8
0
10
36.47610625
20
6.735153125
30
0
0
VERTEX
8
0
10
36.47760625
20
6.733790625
30
0
0
VERTEX
8
0
10
36.480593750000004
20
6.730593750000001
30
0
0
VERTEX
8
0
10
37.980593750000004
20
5.230593750000001
30
0
0
VERTEX
8
0
10
37.991678125
20
5.22084375
30
0
0
VERTEX
8
0
10
38.002321875
20
5.2104875
30
0
42
0.17215206902225355
0
VERTEX
8
0
10
38.24019375
20
5.119328125
30
0
0
VERTEX
8
0
10
38.243603125
20
5.119053125000001
30
0
0
VERTEX
8
0
10
38.245603125
20
5.119146875
30
0
0
VERTEX
8
0
10
38.25
20
5.119000000000001
30
0
0
VERTEX
8
0
10
45
20
5.119000000000001
30
0
0
SEQEND
0
POLYLINE
66
1
8
16_copper
10
0.0
20
0.0
30
0.0
70
1
0
VERTEX
8
0
10
60.514778125
20
71.619946875
30
0
0
VERTEX
8
0
10
60.52958125
20
71.62015000000001
30
0
42
0.17212934215951697
0
VERTEX
8
0
10
60.762215625
20
71.72386875000001
30
0
0
VERTEX
8
0
10
60.764846875
20
71.72610625
30
0
0
VERTEX
8
0
10
60.766209375
20
71.72760625000001
30
0
0
VERTEX
8
0
10
60.76940625
20
71.73059375
30
0
0
VERTEX
8
0
10
62.76940625
20
73.73059375
30
0
0
VERTEX
8
0
10
62.77915625
20
73.741678125
30
0
0
VERTEX
8
0
10
62.7895125
20
73.752321875
30
0
42
0.17215206902225355
0
VERTEX
8
0
10
62.880671875000004
20
73.99019375
30
0
0
VERTEX
8
0
10
62.88094687500001
20
73.993603125
30
0
0
VERTEX
8
0
10
62.880853125
20
73.995603125
30
0
0
VERTEX
8
0
10
62.881
20
74
30
0
0
VERTEX
8
0
10
62.881
20
74.12
30
0
0
VERTEX
8
0
10
62.877878125
20
74.168671875
30
0
42
0.8501046920363952
0
VERTEX
8
0
10
62.126240625
20
74.193928125
30
0
0
VERTEX
8
0
10
62.12185
20
74.1606625
30
0
0
VERTEX
8
0
10
60.3421875
20
72.381
30
0
0
VERTEX
8
0
10
54
20
72.381
30
0
0
VERTEX
8
0
10
53.951328125
20
72.37787812500001
30
0
42
0.9068369069401623
0
VERTEX
8
0
10
53.974425000000004
20
71.619859375
30
0
0
VERTEX
8
0
10
54
20
71.619
30
0
0
VERTEX
8
0
10
60.5
20
71.619
30
0
0
SEQEND
0
POLYLINE
66
1
8
16_copper
10
0.0
20
0.0
30
0.0
70
1
0
VERTEX
8
0
10
34.11455
20
9.869
30
0
0
VERTEX
8
0
10
36.5
20
9.869
30
0
0
VERTEX
8
0
10
36.548671875000004
20
9.872121875000001
30
0
42
0.9068369069401623
0
VERTEX
8
0
10
36.525575
20
10.630140625000001
30
0
0
VERTEX
8
0
10
36.5
20
10.631
30
0
0
VERTEX
8
0
10
34.11455
20
10.631
30
0
0
VERTEX
8
0
10
34.11455
20
10.786950000000001
30
0
0
VERTEX
8
0
10
33.315850000000005
20
10.786950000000001
30
0
0
VERTEX
8
0
10
33.315850000000005
20
9.81305
30
0
0
VERTEX
8
0
10
34.11455
20
9.81305
30
0
0
SEQEND
0
POLYLINE
66
1
8
16_copper
10
0.0
20
0.0
30
0.0
70
1
0
VERTEX
8
0
10
62.803859375
20
7.5256625
30
0
42
0.9999999999999999
0
VERTEX
8
0
10
62.696140625000005
20
7.974337500000001
30
0
0
VERTEX
8
0
10
62.661709375
20
7.963150000000001
30
0
42
0.854076345154308
0
VERTEX
8
0
10
62.768100000000004
20
7.5200000000000005
30
0
0
SEQEND
0
POLYLINE
66
1
8
16_copper
10
0.0
20
0.0
30
0.0
70
1
0
VERTEX
8
0
10
45.053859375
20
5.2756625
30
0
42
0.9999999999999999
0
VERTEX
8
0
10
44.946140625000005
20
5.7243375
30
0
0
VERTEX
8
0
10
44.911709375
20
5.713150000000001
30
0
42
0.854076345154308
0
VERTEX
8
0
10
45.018100000000004
20
5.2700000000000005
30
0
0
SEQEND
0
POLYLINE
66
1
8
1_copper
10
0.0
20
0.0
30
0.0
70
1
0
VERTEX
8
0
10
25.619946875
20
20.235221875
30
0
0
VERTEX
8
0
10
25.620150000000002
20
20.22041875
30
0
42
0.17212934215951697
0
VERTEX
8
0
10
25.72386875
20
19.987784375
30
0
0
VERTEX
8
0
10
25.72610625
20
19.985153125
30
0
0
VERTEX
8
0
10
25.72760625
20
19.983790625
30
0
0
VERTEX
8
0
10
25.73059375
20
19.98059375
30
0
0
VERTEX
8
0
10
27.16779375
20
18.54339375
30
0
0
VERTEX
8
0
10
27.178878125
20
18.53364375
30
0
0
VERTEX
8
0
10
27.189521875
20
18.523287500000002
30
0
42
0.17215206902225355
0
VERTEX
8
0
10
27.42739375
20
18.432128125000002
30
0
0
VERTEX
8
0
10
27.430803125
20
18.431853125
30
0
0
VERTEX
8
0
10
27.432803125000003
20
18.431946875
30
0
0
VERTEX
8
0
10
27.4372
20
18.431800000000003
30
0
0
VERTEX
8
0
10
37.43865625
20
18.431800000000003
30
0
0
VERTEX
8
0
10
38.8898625
20
16.98059375
30
0
0
VERTEX
8
0
10
38.900946875
20
16.97084375
30
0
0
VERTEX
8
0
10
38.911590625
20
16.9604875
30
0
42
0.17215206902225355
0
VERTEX
8
0
10
39.1494625
20
16.869328125
30
0
0
VERTEX
8
0
10
39.152871875
20
16.869053125
30
0
0
VERTEX
8
0
10
39.154871875000005
20
16.869146875000002
30
0
0
VERTEX
8
0
10
39.15926875
20
16.869
30
0
0
VERTEX
8
0
10
39.754228125000004
20
16.869
30
0
0
VERTEX
8
0
10
39.777550000000005
20
16.843809375
30
0
42
0.7453266576943791
0
VERTEX
8
0
10
40.41085
20
17.20735
30
0
0
VERTEX
8
0
10
40.404153125
20
17.232046875
30
0
0
VERTEX
8
0
10
40.364153125
20
17.362046875
30
0
42
0.3107396976487692
0
VERTEX
8
0
10
40.025575
20
17.630140625
30
0
0
VERTEX
8
0
10
40
20
17.631
30
0
0
VERTEX
8
0
10
39.31708125
20
17.631
30
0
0
VERTEX
8
0
10
37.865875
20
19.082206250000002
30
0
0
VERTEX
8
0
10
37.854790625
20
19.091956250000003
30
0
0
VERTEX
8
0
10
37.844146875
20
19.1023125
30
0
42
0.17215206902225355
0
VERTEX
8
0
10
37.606275000000004
20
19.193471875
30
0
0
VERTEX
8
0
10
37.602865625
20
19.193746875000002
30
0
0
VERTEX
8
0
10
37.600865625000004
20
19.193653125
30
0
0
VERTEX
8
0
10
37.59646875
20
19.1938
30
0
0
VERTEX
8
0
10
27.595012500000003
20
19.1938
30
0
0
VERTEX
8
0
10
26.381
20
20.407812500000002
30
0
0
VERTEX
8
0
10
26.381
20
21.8421875
30
0
0
VERTEX
8
0
10
40.26940625
20
35.730593750000004
30
0
0
VERTEX
8
0
10
40.270931250000004
20
35.732328125
30
0
0
VERTEX
8
0
10
40.272665625
20
35.733890625
30
0
42
0.09637382111580847
0
VERTEX
8
0
10
40.352546875
20
35.855528125
30
0
0
VERTEX
8
0
10
40.361446875
20
35.87951875
30
0
0
VERTEX
8
0
10
40.401446875000005
20
35.99951875
30
0
0
VERTEX
8
0
10
40.413878125000004
20
36.04668125
30
0
42
0.9068363408466821
0
VERTEX
8
0
10
39.687453125000005
20
36.264471875000005
30
0
0
VERTEX
8
0
10
39.678553125
20
36.24048125
30
0
0
VERTEX
8
0
10
39.666996875
20
36.205809375
30
0
0
VERTEX
8
0
10
26.381
20
22.919812500000003
30
0
0
VERTEX
8
0
10
26.381
20
43.8421875
30
0
0
VERTEX
8
0
10
29.157812500000002
20
46.619
30
0
0
VERTEX
8
0
10
34
20
46.619
30
0
0
VERTEX
8
0
10
34.014778125
20
46.619946875000004
30
0
0
VERTEX
8
0
10
34.02958125
20
46.62015
30
0
42
0.17212934215951697
0
VERTEX
8
0
10
34.262215625
20
46.72386875
30
0
0
VERTEX
8
0
10
34.264846875
20
46.72610625
30
0
0
VERTEX
8
0
10
34.266209375
20
46.72760625
30
0
0
VERTEX
8
0
10
34.26940625
20
46.730593750000004
30
0
0
VERTEX
8
0
10
36.26940625
20
48.730593750000004
30
0
0
VERTEX
8
0
10
36.27915625
20
48.741678125
30
0
0
VERTEX
8
0
10
36.2895125
20
48.752321875
30
0
42
0.17215206902225355
0
VERTEX
8
0
10
36.380671875000004
20
48.99019375
30
0
0
VERTEX
8
0
10
36.380946875
20
48.993603125
30
0
0
VERTEX
8
0
10
36.380853125
20
48.995603125
30
0
0
VERTEX
8
0
10
36.381
20
49
30
0
0
VERTEX
8
0
10
36.381
20
50.8421875
30
0
0
VERTEX
8
0
10
40.26940625
20
54.730593750000004
30
0
0
VERTEX
8
0
10
40.270931250000004
20
54.732328125
30
0
0
VERTEX
8
0
10
40.272665625
20
54.733890625
30
0
42
0.09637382111580847
0
VERTEX
8
0
10
40.352546875
20
54.855528125
30
0
0
VERTEX
8
0
10
40.361446875
20
54.87951875
30
0
0
VERTEX
8
0
10
40.401446875000005
20
54.99951875
30
0
0
VERTEX
8
0
10
40.413878125000004
20
55.046681250000006
30
0
42
0.9068363408466821
0
VERTEX
8
0
10
39.687453125000005
20
55.264471875000005
30
0
0
VERTEX
8
0
10
39.678553125
20
55.24048125
30
0
0
VERTEX
8
0
10
39.66699375
20
55.20580625
30
0
0
VERTEX
8
0
10
35.730593750000004
20
51.26940625
30
0
0
VERTEX
8
0
10
35.72084375
20
51.258321875
30
0
0
VERTEX
8
0
10
35.7104875
20
51.247678125
30
0
42
0.17215206902225355
0
VERTEX
8
0
10
35.619328125
20
51.009806250000004
30
0
0
VERTEX
8
0
10
35.619053125
20
51.006396875
30
0
0
VERTEX
8
0
10
35.619146875
20
51.004396875000005
30
0
0
VERTEX
8
0
10
35.619
20
51
30
0
0
VERTEX
8
0
10
35.619
20
49.157812500000006
30
0
0
VERTEX
8
0
10
33.8421875
20
47.381
30
0
0
VERTEX
8
0
10
29
20
47.381
30
0
0
VERTEX
8
0
10
28.985221875
20
47.380053125
30
0
0
VERTEX
8
0
10
28.97041875
20
47.379850000000005
30
0
42
0.17212934215951697
0
VERTEX
8
0
10
28.737784375
20
47.27613125
30
0
0
VERTEX
8
0
10
28.735153125
20
47.27389375
30
0
0
VERTEX
8
0
10
28.733790625
20
47.27239375
30
0
0
VERTEX
8
0
10
28.73059375
20
47.26940625
30
0
0
VERTEX
8
0
10
26.381
20
44.9198125
30
0
0
VERTEX
8
0
10
26.381
20
65.84218750000001
30
0
0
VERTEX
8
0
10
27.657812500000002
20
67.119
30
0
0
VERTEX
8
0
10
33.5
20
67.119
30
0
0
VERTEX
8
0
10
33.514778125
20
67.119946875
30
0
0
VERTEX
8
0
10
33.52958125
20
67.12015000000001
30
0
42
0.17212934215951697
0
VERTEX
8
0
10
33.762215625
20
67.22386875000001
30
0
0
VERTEX
8
0
10
33.764846875
20
67.22610625
30
0
0
VERTEX
8
0
10
33.766209375
20
67.22760625000001
30
0
0
VERTEX
8
0
10
33.76940625
20
67.23059375
30
0
0
VERTEX
8
0
10
40.26940625
20
73.73059375
30
0
0
VERTEX
8
0
10
40.270931250000004
20
73.73232812500001
30
0
0
VERTEX
8
0
10
40.272665625
20
73.733890625
30
0
42
0.09637382111580847
0
VERTEX
8
0
10
40.352546875
20
73.855528125
30
0
0
VERTEX
8
0
10
40.361446875
20
73.87951875
30
0
0
VERTEX
8
0
10
40.401446875000005
20
73.99951875000001
30
0
0
VERTEX
8
0
10
40.413878125000004
20
74.04668125
30
0
42
0.9068363408466821
0
VERTEX
8
0
10
39.687453125000005
20
74.264471875
30
0
0
VERTEX
8
0
10
39.678553125
20
74.24048125
30
0
0
VERTEX
8
0
10
39.666996875
20
74.205809375
30
0
0
VERTEX
8
0
10
33.3421875
20
67.881
30
0
0
VERTEX
8
0
10
27.5
20
67.881
30
0
0
VERTEX
8
0
10
27.485221875
20
67.880053125
30
0
0
VERTEX
8
0
10
27.47041875
20
67.87985
30
0
42
0.17212934215951697
0
VERTEX
8
0
10
27.237784375
20
67.77613125
30
0
0
VERTEX
8
0
10
27.235153125
20
67.77389375
30
0
0
VERTEX
8
0
10
27.233790625
20
67.77239375
30
0
0
VERTEX
8
0
10
27.23059375
20
67.76940625
30
0
0
VERTEX
8
0
10
25.73059375
20
66.26940625
30
0
0
VERTEX
8
0
10
25.72084375
20
66.25832187500001
30
0
0
VERTEX
8
0
10
25.710487500000003
20
66.24767812500001
30
0
42
0.17215206902225355
0
VERTEX
8
0
10
25.619328125000003
20
66.00980625
30
0
0
VERTEX
8
0
10
25.619053125
20
66.00639687500001
30
0
0
VERTEX
8
0
10
25.619146875000002
20
66.004396875
30
0
0
VERTEX
8
0
10
25.619
20
66
30
0
0
VERTEX
8
0
10
25.619
20
20.25
30
0
0
SEQEND
0
POLYLINE
66
1
8
16_copper
10
0.0
20
0.0
30
0.0
70
1
0
VERTEX
8
0
10
34.11455
20
8.5757375
30
0
0
VERTEX
8
0
10
34.1578125
20
8.619
30
0
0
VERTEX
8
0
10
37.5
20
8.619
30
0
0
VERTEX
8
0
10
37.514778125
20
8.619946875
30
0
0
VERTEX
8
0
10
37.52958125
20
8.62015
30
0
42
0.17212934215951697
0
VERTEX
8
0
10
37.762215625
20
8.723868750000001
30
0
0
VERTEX
8
0
10
37.764846875
20
8.72610625
30
0
0
VERTEX
8
0
10
37.766209375
20
8.727606250000001
30
0
0
VERTEX
8
0
10
37.76940625
20
8.73059375
30
0
0
VERTEX
8
0
10
42.36160625
20
13.32279375
30
0
0
VERTEX
8
0
10
42.371356250000005
20
13.333878125
30
0
0
VERTEX
8
0
10
42.3817125
20
13.344521875
30
0
42
0.17215206902225355
0
VERTEX
8
0
10
42.472871875
20
13.582393750000001
30
0
0
VERTEX
8
0
10
42.473146875000005
20
13.585803125
30
0
0
VERTEX
8
0
10
42.473053125
20
13.587803125
30
0
0
VERTEX
8
0
10
42.4732
20
13.5922
30
0
0
VERTEX
8
0
10
42.4732
20
15.1578
30
0
0
VERTEX
8
0
10
42.472253125
20
15.172578125000001
30
0
0
VERTEX
8
0
10
42.47205
20
15.187381250000001
30
0
42
0.17212934215951697
0
VERTEX
8
0
10
42.368331250000004
20
15.420015625000001
30
0
0
VERTEX
8
0
10
42.366093750000005
20
15.422646875
30
0
0
VERTEX
8
0
10
42.364593750000004
20
15.424009375
30
0
0
VERTEX
8
0
10
42.36160625
20
15.427206250000001
30
0
0
VERTEX
8
0
10
40.51940625
20
17.26940625
30
0
0
VERTEX
8
0
10
40.509290625
20
17.278303125
30
0
0
VERTEX
8
0
10
40.499625
20
17.287834375
30
0
42
0.032037400025607
0
VERTEX
8
0
10
40.460806250000005
20
17.317365625
30
0
0
VERTEX
8
0
10
40.44460625
20
17.327359375
30
0
0
VERTEX
8
0
10
40.44234375
20
17.328884375
30
0
0
VERTEX
8
0
10
40.441215625000005
20
17.32945
30
0
0
VERTEX
8
0
10
40.439028125
20
17.3308
30
0
0
VERTEX
8
0
10
40.229028125
20
17.4508
30
0
0
VERTEX
8
0
10
40.185218750000004
20
17.472237500000002
30
0
42
0.9068362148150945
0
VERTEX
8
0
10
39.82919375
20
16.802634375
30
0
0
VERTEX
8
0
10
39.850971875
20
16.7892
30
0
0
VERTEX
8
0
10
40.016675
20
16.694512500000002
30
0
0
VERTEX
8
0
10
41.711200000000005
20
14.999987500000001
30
0
0
VERTEX
8
0
10
41.711200000000005
20
13.7500125
30
0
0
VERTEX
8
0
10
37.3421875
20
9.381
30
0
0
VERTEX
8
0
10
34
20
9.381
30
0
0
VERTEX
8
0
10
33.985221875
20
9.380053125
30
0
0
VERTEX
8
0
10
33.97041875
20
9.379850000000001
30
0
42
0.17212934215951697
0
VERTEX
8
0
10
33.737784375000004
20
9.27613125
30
0
0
VERTEX
8
0
10
33.735153125000004
20
9.273893750000001
30
0
0
VERTEX
8
0
10
33.733790625000005
20
9.27239375
30
0
0
VERTEX
8
0
10
33.730593750000004
20
9.269406250000001
30
0
0
VERTEX
8
0
10
33.4981375
20
9.036950000000001
30
0
0
VERTEX
8
0
10
33.315850000000005
20
9.036950000000001
30
0
0
VERTEX
8
0
10
33.315850000000005
20
8.06305
30
0
0
VERTEX
8
0
10
34.11455
20
8.06305
30
0
0
SEQEND
0
POLYLINE
66
1
8
1_copper
10
0.0
20
0.0
30
0.0
70
1
0
VERTEX
8
0
10
38.261618750000004
20
6.8699062500000005
30
0
0
VERTEX
8
0
10
38.27958125
20
6.870150000000001
30
0
42
0.16150821689739783
0
VERTEX
8
0
10
38.500715625000005
20
6.963115625
30
0
0
VERTEX
8
0
10
38.507596875000004
20
6.96955
30
0
42
0.004435912791181587
0
VERTEX
8
0
10
38.51253125
20
6.974165625
30
0
0
VERTEX
8
0
10
38.51940625
20
6.980593750000001
30
0
0
VERTEX
8
0
10
38.6578125
20
7.119000000000001
30
0
0
VERTEX
8
0
10
40.75
20
7.119000000000001
30
0
0
VERTEX
8
0
10
40.7679625
20
7.120153125000001
30
0
0
VERTEX
8
0
10
40.785956250000005
20
7.1207
30
0
42
0.3676104576071682
0
VERTEX
8
0
10
41.130140625
20
7.474425
30
0
0
VERTEX
8
0
10
41.130459375
20
7.483875
30
0
42
0.004386780023370658
0
VERTEX
8
0
10
41.13068125
20
7.490553125
30
0
0
VERTEX
8
0
10
41.131
20
7.5
30
0
0
VERTEX
8
0
10
41.131
20
7.5921875000000005
30
0
0
VERTEX
8
0
10
44.1578125
20
10.619
30
0
0
VERTEX
8
0
10
47
20
10.619
30
0
0
VERTEX
8
0
10
47.014778125
20
10.619946875
30
0
0
VERTEX
8
0
10
47.02958125
20
10.62015
30
0
42
0.10910025388709471
0
VERTEX
8
0
10
47.18679375
20
10.66793125
30
0
0
VERTEX
8
0
10
47.199215625
20
10.67600625
30
0
0
VERTEX
8
0
10
47.202303125
20
10.677800000000001
30
0
0
VERTEX
8
0
10
47.8898625
20
10.677800000000001
30
0
0
VERTEX
8
0
10
47.904640625
20
10.678746875
30
0
0
VERTEX
8
0
10
47.91944375
20
10.67895
30
0
42
0.17212934215951697
0
VERTEX
8
0
10
48.152078125
20
10.782668750000001
30
0
0
VERTEX
8
0
10
48.154709375
20
10.78490625
30
0
0
VERTEX
8
0
10
48.156071875
20
10.78640625
30
0
0
VERTEX
8
0
10
48.15926875
20
10.78939375
30
0
0
VERTEX
8
0
10
50.01940625
20
12.64953125
30
0
0
VERTEX
8
0
10
50.02915625
20
12.660615625
30
0
0
VERTEX
8
0
10
50.0395125
20
12.671259375
30
0
42
0.17215206902225355
0
VERTEX
8
0
10
50.130671875000004
20
12.909131250000002
30
0
0
VERTEX
8
0
10
50.130946875
20
12.912540625
30
0
0
VERTEX
8
0
10
50.130853125
20
12.914540625
30
0
0
VERTEX
8
0
10
50.131
20
12.9189375
30
0
0
VERTEX
8
0
10
50.131
20
13.75
30
0
0
VERTEX
8
0
10
50.127878125
20
13.798671875
30
0
42
0.9068369069401623
0
VERTEX
8
0
10
49.369859375000004
20
13.775575
30
0
0
VERTEX
8
0
10
49.369
20
13.75
30
0
0
VERTEX
8
0
10
49.369
20
13.07675
30
0
0
VERTEX
8
0
10
47.73205
20
11.4398
30
0
0
VERTEX
8
0
10
47.058800000000005
20
11.4398
30
0
0
VERTEX
8
0
10
47.044021875000006
20
11.438853125000001
30
0
0
VERTEX
8
0
10
47.029218750000005
20
11.43865
30
0
42
0.10910025388709471
0
VERTEX
8
0
10
46.872006250000005
20
11.390868750000001
30
0
0
VERTEX
8
0
10
46.859584375000004
20
11.382793750000001
30
0
0
VERTEX
8
0
10
46.856496875000005
20
11.381
30
0
0
VERTEX
8
0
10
44
20
11.381
30
0
0
VERTEX
8
0
10
43.985221875
20
11.380053125
30
0
0
VERTEX
8
0
10
43.97041875
20
11.379850000000001
30
0
42
0.17212934215951697
0
VERTEX
8
0
10
43.737784375000004
20
11.27613125
30
0
0
VERTEX
8
0
10
43.735153125000004
20
11.273893750000001
30
0
0
VERTEX
8
0
10
43.733790625000005
20
11.27239375
30
0
0
VERTEX
8
0
10
43.730593750000004
20
11.269406250000001
30
0
0
VERTEX
8
0
10
40.480593750000004
20
8.019406250000001
30
0
0
VERTEX
8
0
10
40.47084375
20
8.008321875
30
0
0
VERTEX
8
0
10
40.4604875
20
7.997678125
30
0
42
0.07679629158907189
0
VERTEX
8
0
10
40.399237500000005
20
7.898753125000001
30
0
0
VERTEX
8
0
10
40.3943375
20
7.88476875
30
0
0
VERTEX
8
0
10
40.3928
20
7.881
30
0
0
VERTEX
8
0
10
38.5
20
7.881
30
0
0
VERTEX
8
0
10
38.485221875
20
7.880053125000001
30
0
0
VERTEX
8
0
10
38.47041875
20
7.87985
30
0
42
0.044649469688799084
0
VERTEX
8
0
10
38.403453125
20
7.8685625
30
0
0
VERTEX
8
0
10
38.389443750000005
20
7.863915625000001
30
0
0
VERTEX
8
0
10
38.381
20
7.86158125
30
0
0
VERTEX
8
0
10
38.381
20
12.25
30
0
0
VERTEX
8
0
10
38.377878125
20
12.298671875
30
0
42
0.9068369069401623
0
VERTEX
8
0
10
37.619859375000004
20
12.275575
30
0
0
VERTEX
8
0
10
37.619
20
12.25
30
0
0
VERTEX
8
0
10
37.619
20
7.5
30
0
0
VERTEX
8
0
10
37.619946875000004
20
7.485221875000001
30
0
0
VERTEX
8
0
10
37.62015
20
7.47041875
30
0
42
0.17212934215951697
0
VERTEX
8
0
10
37.72386875
20
7.237784375
30
0
0
VERTEX
8
0
10
37.72610625
20
7.235153125
30
0
0
VERTEX
8
0
10
37.72760625
20
7.233790625
30
0
0
VERTEX
8
0
10
37.730593750000004
20
7.230593750000001
30
0
0
VERTEX
8
0
10
37.980593750000004
20
6.980593750000001
30
0
0
VERTEX
8
0
10
37.994071875
20
6.9687375000000005
30
0
0
VERTEX
8
0
10
38.00721875
20
6.95636875
30
0
42
0.17013711995257788
0
VERTEX
8
0
10
38.243603125
20
6.869053125000001
30
0
0
SEQEND
0
POLYLINE
66
1
8
16_copper
10
0.0
20
0.0
30
0.0
70
1
0
VERTEX
8
0
10
49.803859375
20
13.525662500000001
30
0
42
0.9999999999999999
0
VERTEX
8
0
10
49.696140625000005
20
13.9743375
30
0
0
VERTEX
8
0
10
49.661709375
20
13.96315
30
0
42
0.854076345154308
0
VERTEX
8
0
10
49.768100000000004
20
13.520000000000001
30
0
0
SEQEND
0
POLYLINE
66
1
8
16_copper
10
0.0
20
0.0
30
0.0
70
1
0
VERTEX
8
0
10
38.053859375
20
12.025662500000001
30
0
42
0.9999999999999999
0
VERTEX
8
0
10
37.946140625000005
20
12.4743375
30
0
0
VERTEX
8
0
10
37.911709375
20
12.46315
30
0
42
0.854076345154308
0
VERTEX
8
0
10
38.018100000000004
20
12.020000000000001
30
0
0
SEQEND
0
POLYLINE
66
1
8
16_copper
10
0.0
20
0.0
30
0.0
70
1
0
VERTEX
8
0
10
34.11455
20
6.869000000000001
30
0
0
VERTEX
8
0
10
38.25
20
6.869000000000001
30
0
0
VERTEX
8
0
10
38.298671875000004
20
6.872121875
30
0
42
0.9068369069401623
0
VERTEX
8
0
10
38.275575
20
7.630140625
30
0
0
VERTEX
8
0
10
38.25
20
7.631
30
0
0
VERTEX
8
0
10
33.75
20
7.631
30
0
0
VERTEX
8
0
10
33.740440625000005
20
7.6303875
30
0
0
VERTEX
8
0
10
33.730828125
20
7.63051875
30
0
42
0.16808555955107723
0
VERTEX
8
0
10
33.50011875
20
7.53695
30
0
0
VERTEX
8
0
10
33.315850000000005
20
7.53695
30
0
0
VERTEX
8
0
10
33.315850000000005
20
6.5630500000000005
30
0
0
VERTEX
8
0
10
34.11455
20
6.5630500000000005
30
0
0
SEQEND
0
POLYLINE
66
1
8
1_copper
10
0.0
20
0.0
30
0.0
70
1
0
VERTEX
8
0
10
12.264778125000001
20
70.869946875
30
0
0
VERTEX
8
0
10
12.279581250000001
20
70.87015000000001
30
0
42
0.17212934215951697
0
VERTEX
8
0
10
12.512215625000001
20
70.97386875000001
30
0
0
VERTEX
8
0
10
12.514846875
20
70.97610625
30
0
0
VERTEX
8
0
10
12.516209375
20
70.97760625000001
30
0
0
VERTEX
8
0
10
12.519406250000001
20
70.98059375
30
0
0
VERTEX
8
0
10
15.269406250000001
20
73.73059375
30
0
0
VERTEX
8
0
10
15.27093125
20
73.73232812500001
30
0
0
VERTEX
8
0
10
15.272665625
20
73.733890625
30
0
42
0.09637382111580847
0
VERTEX
8
0
10
15.352546875000002
20
73.855528125
30
0
0
VERTEX
8
0
10
15.361446875
20
73.87951875
30
0
0
VERTEX
8
0
10
15.401446875000001
20
73.99951875000001
30
0
0
VERTEX
8
0
10
15.413878125
20
74.04668125
30
0
42
0.9068363408466821
0
VERTEX
8
0
10
14.687453125000001
20
74.264471875
30
0
0
VERTEX
8
0
10
14.678553125
20
74.24048125
30
0
0
VERTEX
8
0
10
14.666996875
20
74.205809375
30
0
0
VERTEX
8
0
10
12.092187500000001
20
71.631
30
0
0
VERTEX
8
0
10
7.5
20
71.631
30
0
0
VERTEX
8
0
10
7.451328125000001
20
71.62787812500001
30
0
42
0.9068369069401623
0
VERTEX
8
0
10
7.474425
20
70.869859375
30
0
0
VERTEX
8
0
10
7.5
20
70.869
30
0
0
VERTEX
8
0
10
12.25
20
70.869
30
0
0
SEQEND
0
POLYLINE
66
1
8
1_copper
10
0.0
20
0.0
30
0.0
70
1
0
VERTEX
8
0
10
7.529581250000001
20
47.12015
30
0
42
0.16150821689739783
0
VERTEX
8
0
10
7.750715625000001
20
47.213115625
30
0
0
VERTEX
8
0
10
7.76940625
20
47.230593750000004
30
0
0
VERTEX
8
0
10
15.269406250000001
20
54.730593750000004
30
0
0
VERTEX
8
0
10
15.27093125
20
54.732328125
30
0
0
VERTEX
8
0
10
15.272665625
20
54.733890625
30
0
42
0.09637382111580847
0
VERTEX
8
0
10
15.352546875000002
20
54.855528125
30
0
0
VERTEX
8
0
10
15.361446875
20
54.87951875
30
0
0
VERTEX
8
0
10
15.401446875000001
20
54.99951875
30
0
0
VERTEX
8
0
10
15.413878125
20
55.046681250000006
30
0
42
0.9068363408466821
0
VERTEX
8
0
10
14.687453125000001
20
55.264471875000005
30
0
0
VERTEX
8
0
10
14.678553125
20
55.24048125
30
0
0
VERTEX
8
0
10
14.666993750000001
20
55.20580625
30
0
0
VERTEX
8
0
10
7.230593750000001
20
47.76940625
30
0
0
VERTEX
8
0
10
7.198381250000001
20
47.732784375
30
0
42
0.6054645308799077
0
VERTEX
8
0
10
7.480812500000001
20
47.119484375
30
0
0
SEQEND
0
POLYLINE
66
1
8
1_copper
10
0.0
20
0.0
30
0.0
70
1
0
VERTEX
8
0
10
12.279581250000001
20
31.620150000000002
30
0
42
0.16150821689739783
0
VERTEX
8
0
10
12.500715625
20
31.713115625
30
0
0
VERTEX
8
0
10
12.519406250000001
20
31.73059375
30
0
0
VERTEX
8
0
10
15.019406250000001
20
34.230593750000004
30
0
0
VERTEX
8
0
10
15.029156250000002
20
34.241678125
30
0
0
VERTEX
8
0
10
15.0395125
20
34.252321875
30
0
42
0.17215206902225355
0
VERTEX
8
0
10
15.130671875
20
34.49019375
30
0
0
VERTEX
8
0
10
15.130946875000001
20
34.493603125
30
0
0
VERTEX
8
0
10
15.130853125000002
20
34.495603125
30
0
0
VERTEX
8
0
10
15.131
20
34.5
30
0
0
VERTEX
8
0
10
15.131
20
35.5921875
30
0
0
VERTEX
8
0
10
15.269406250000001
20
35.730593750000004
30
0
0
VERTEX
8
0
10
15.27093125
20
35.732328125
30
0
0
VERTEX
8
0
10
15.272665625
20
35.733890625
30
0
42
0.09637382111580847
0
VERTEX
8
0
10
15.352546875000002
20
35.855528125
30
0
0
VERTEX
8
0
10
15.361446875
20
35.87951875
30
0
0
VERTEX
8
0
10
15.401446875000001
20
35.99951875
30
0
0
VERTEX
8
0
10
15.413878125
20
36.04668125
30
0
42
0.9068363408466821
0
VERTEX
8
0
10
14.687453125000001
20
36.264471875000005
30
0
0
VERTEX
8
0
10
14.678553125
20
36.24048125
30
0
0
VERTEX
8
0
10
14.666996875
20
36.205809375
30
0
0
VERTEX
8
0
10
14.48059375
20
36.01940625
30
0
0
VERTEX
8
0
10
14.47084375
20
36.008321875
30
0
0
VERTEX
8
0
10
14.460487500000001
20
35.997678125
30
0
42
0.17215206902225355
0
VERTEX
8
0
10
14.369328125000001
20
35.759806250000004
30
0
0
VERTEX
8
0
10
14.369053125
20
35.756396875
30
0
0
VERTEX
8
0
10
14.369146875
20
35.754396875000005
30
0
0
VERTEX
8
0
10
14.369000000000002
20
35.75
30
0
0
VERTEX
8
0
10
14.369000000000002
20
34.6578125
30
0
0
VERTEX
8
0
10
11.98059375
20
32.26940625
30
0
0
VERTEX
8
0
10
11.94838125
20
32.232784375
30
0
42
0.6054645308799077
0
VERTEX
8
0
10
12.2308125
20
31.619484375000003
30
0
0
SEQEND
0
POLYLINE
66
1
8
1_copper
10
0.0
20
0.0
30
0.0
70
1
0
VERTEX
8
0
10
2.403859375
20
28.0756625
30
0
42
0.9999999999999999
0
VERTEX
8
0
10
2.296140625
20
28.5243375
30
0
0
VERTEX
8
0
10
2.261709375
20
28.513150000000003
30
0
42
0.854076345154308
0
VERTEX
8
0
10
2.3681
20
28.07
30
0
0
SEQEND
0
POLYLINE
66
1
8
1_copper
10
0.0
20
0.0
30
0.0
70
1
0
VERTEX
8
0
10
35.042321875
20
4.37135625
30
0
42
0.6054631140802934
0
VERTEX
8
0
10
35.286884375
20
5.000715625000001
30
0
0
VERTEX
8
0
10
35.26940625
20
5.01940625
30
0
0
VERTEX
8
0
10
27.269406250000003
20
13.019406250000001
30
0
0
VERTEX
8
0
10
27.232784375
20
13.051618750000001
30
0
42
0.9068353674675843
0
VERTEX
8
0
10
26.713115625
20
12.499284375
30
0
0
VERTEX
8
0
10
26.73059375
20
12.48059375
30
0
0
VERTEX
8
0
10
34.730593750000004
20
4.480593750000001
30
0
0
VERTEX
8
0
10
34.767215625
20
4.448381250000001
30
0
42
0.16150950116414037
0
VERTEX
8
0
10
34.993603125
20
4.369053125000001
30
0
0
SEQEND
0
POLYLINE
66
1
8
16_copper
10
0.0
20
0.0
30
0.0
70
1
0
VERTEX
8
0
10
7.80161875
20
47.267215625000006
30
0
42
0.9068353674675843
0
VERTEX
8
0
10
7.249284375
20
47.786884375
30
0
0
VERTEX
8
0
10
7.230593750000001
20
47.76940625
30
0
0
VERTEX
8
0
10
5.499209375
20
46.038021875000005
30
0
0
VERTEX
8
0
10
5.497678125
20
46.0395125
30
0
42
0.17215206902225355
0
VERTEX
8
0
10
5.2598062500000005
20
46.130671875000004
30
0
0
VERTEX
8
0
10
5.256396875
20
46.130946875
30
0
0
VERTEX
8
0
10
5.254396875
20
46.130853125
30
0
0
VERTEX
8
0
10
5.25
20
46.131
30
0
0
VERTEX
8
0
10
3.5267500000000003
20
46.131
30
0
0
VERTEX
8
0
10
1.3898000000000001
20
48.26795
30
0
0
VERTEX
8
0
10
1.3898000000000001
20
53.9912
30
0
0
VERTEX
8
0
10
1.388853125
20
54.005978125000006
30
0
0
VERTEX
8
0
10
1.3886500000000002
20
54.020781250000006
30
0
42
0.031399979081508496
0
VERTEX
8
0
10
1.3817593750000001
20
54.069065625
30
0
0
VERTEX
8
0
10
1.381
20
54.071809375
30
0
0
VERTEX
8
0
10
1.381
20
60.8421875
30
0
0
VERTEX
8
0
10
5.350406250000001
20
64.81159375
30
0
0
VERTEX
8
0
10
5.36015625
20
64.82267812500001
30
0
0
VERTEX
8
0
10
5.3705125
20
64.83332187500001
30
0
42
0.17215206902225355
0
VERTEX
8
0
10
5.461671875
20
65.07119375
30
0
0
VERTEX
8
0
10
5.461946875000001
20
65.07460312500001
30
0
0
VERTEX
8
0
10
5.461853125
20
65.076603125
30
0
0
VERTEX
8
0
10
5.462000000000001
20
65.081
30
0
0
VERTEX
8
0
10
5.462000000000001
20
68.6731875
30
0
0
VERTEX
8
0
10
7.76940625
20
70.98059375
30
0
0
VERTEX
8
0
10
7.80161875
20
71.017215625
30
0
42
0.9068353674675843
0
VERTEX
8
0
10
7.249284375
20
71.536884375
30
0
0
VERTEX
8
0
10
7.230593750000001
20
71.51940625
30
0
0
VERTEX
8
0
10
4.81159375
20
69.10040625
30
0
0
VERTEX
8
0
10
4.801843750000001
20
69.08932187500001
30
0
0
VERTEX
8
0
10
4.791487500000001
20
69.07867812500001
30
0
42
0.17215206902225355
0
VERTEX
8
0
10
4.700328125
20
68.84080625
30
0
0
VERTEX
8
0
10
4.700053125
20
68.83739687500001
30
0
0
VERTEX
8
0
10
4.700146875000001
20
68.835396875
30
0
0
VERTEX
8
0
10
4.7
20
68.831
30
0
0
VERTEX
8
0
10
4.7
20
65.23881250000001
30
0
0
VERTEX
8
0
10
0.73059375
20
61.26940625
30
0
0
VERTEX
8
0
10
0.72084375
20
61.258321875
30
0
0
VERTEX
8
0
10
0.7104875
20
61.247678125
30
0
42
0.17215206902225355
0
VERTEX
8
0
10
0.619328125
20
61.009806250000004
30
0
0
VERTEX
8
0
10
0.619053125
20
61.006396875
30
0
0
VERTEX
8
0
10
0.619146875
20
61.004396875000005
30
0
0
VERTEX
8
0
10
0.619
20
61
30
0
0
VERTEX
8
0
10
0.619
20
54
30
0
0
VERTEX
8
0
10
0.619946875
20
53.985221875
30
0
0
VERTEX
8
0
10
0.62015
20
53.97041875
30
0
42
0.03203645889914721
0
VERTEX
8
0
10
0.627040625
20
53.922134375000006
30
0
0
VERTEX
8
0
10
0.6278
20
53.919390625000005
30
0
0
VERTEX
8
0
10
0.6278
20
48.1101375
30
0
0
VERTEX
8
0
10
0.628746875
20
48.095359375
30
0
0
VERTEX
8
0
10
0.62895
20
48.08055625
30
0
42
0.17212934215951697
0
VERTEX
8
0
10
0.73266875
20
47.847921875000004
30
0
0
VERTEX
8
0
10
0.73490625
20
47.845290625000004
30
0
0
VERTEX
8
0
10
0.73640625
20
47.843928125000005
30
0
0
VERTEX
8
0
10
0.7393937500000001
20
47.840731250000005
30
0
0
VERTEX
8
0
10
3.09953125
20
45.480593750000004
30
0
0
VERTEX
8
0
10
3.1106156250000003
20
45.47084375
30
0
0
VERTEX
8
0
10
3.121259375
20
45.4604875
30
0
42
0.17215206902225355
0
VERTEX
8
0
10
3.3591312500000003
20
45.369328125
30
0
0
VERTEX
8
0
10
3.3625406250000003
20
45.369053125
30
0
0
VERTEX
8
0
10
3.364540625
20
45.369146875000006
30
0
0
VERTEX
8
0
10
3.3689375000000004
20
45.369
30
0
0
VERTEX
8
0
10
4.8301875
20
45.369
30
0
0
VERTEX
8
0
10
0.73059375
20
41.26940625
30
0
0
VERTEX
8
0
10
0.72084375
20
41.258321875
30
0
0
VERTEX
8
0
10
0.7104875
20
41.247678125
30
0
42
0.17215206902225355
0
VERTEX
8
0
10
0.619328125
20
41.009806250000004
30
0
0
VERTEX
8
0
10
0.619053125
20
41.006396875
30
0
0
VERTEX
8
0
10
0.619146875
20
41.004396875000005
30
0
0
VERTEX
8
0
10
0.619
20
41
30
0
0
VERTEX
8
0
10
0.619
20
31
30
0
0
VERTEX
8
0
10
0.619946875
20
30.985221875
30
0
0
VERTEX
8
0
10
0.62015
20
30.97041875
30
0
42
0.17212934215951697
0
VERTEX
8
0
10
0.7238687500000001
20
30.737784375
30
0
0
VERTEX
8
0
10
0.7261062500000001
20
30.735153125
30
0
0
VERTEX
8
0
10
0.72760625
20
30.733790625
30
0
0
VERTEX
8
0
10
0.73059375
20
30.73059375
30
0
0
VERTEX
8
0
10
1.969
20
29.4921875
30
0
0
VERTEX
8
0
10
1.969
20
28.3
30
0
0
VERTEX
8
0
10
1.972121875
20
28.251328125
30
0
42
0.9068369069401623
0
VERTEX
8
0
10
2.730140625
20
28.274425
30
0
0
VERTEX
8
0
10
2.7310000000000003
20
28.3
30
0
0
VERTEX
8
0
10
2.7310000000000003
20
29.650000000000002
30
0
0
VERTEX
8
0
10
2.730053125
20
29.664778125
30
0
0
VERTEX
8
0
10
2.7298500000000003
20
29.679581250000002
30
0
42
0.17212934215951697
0
VERTEX
8
0
10
2.6261312500000003
20
29.912215625
30
0
0
VERTEX
8
0
10
2.62389375
20
29.914846875000002
30
0
0
VERTEX
8
0
10
2.62239375
20
29.916209375
30
0
0
VERTEX
8
0
10
2.61940625
20
29.91940625
30
0
0
VERTEX
8
0
10
1.381
20
31.157812500000002
30
0
0
VERTEX
8
0
10
1.381
20
40.8421875
30
0
0
VERTEX
8
0
10
7.76940625
20
47.230593750000004
30
0
0
SEQEND
0
POLYLINE
66
1
8
16_copper
10
0.0
20
0.0
30
0.0
70
1
0
VERTEX
8
0
10
12.303859375
20
31.775662500000003
30
0
42
0.9999999999999999
0
VERTEX
8
0
10
12.196140625
20
32.224337500000004
30
0
0
VERTEX
8
0
10
12.161709375000001
20
32.21315
30
0
42
0.854076345154308
0
VERTEX
8
0
10
12.2681
20
31.770000000000003
30
0
0
SEQEND
0
POLYLINE
66
1
8
16_copper
10
0.0
20
0.0
30
0.0
70
1
0
VERTEX
8
0
10
27.053859375000002
20
12.525662500000001
30
0
42
0.9999999999999999
0
VERTEX
8
0
10
26.946140625
20
12.9743375
30
0
0
VERTEX
8
0
10
26.911709375
20
12.96315
30
0
42
0.854076345154308
0
VERTEX
8
0
10
27.0181
20
12.520000000000001
30
0
0
SEQEND
0
POLYLINE
66
1
8
16_copper
10
0.0
20
0.0
30
0.0
70
1
0
VERTEX
8
0
10
35.048671875000004
20
4.372121875
30
0
42
0.9068369069401623
0
VERTEX
8
0
10
35.025575
20
5.130140625
30
0
0
VERTEX
8
0
10
35
20
5.131
30
0
0
VERTEX
8
0
10
34.4078125
20
5.131
30
0
0
VERTEX
8
0
10
34.11455
20
5.4242625
30
0
0
VERTEX
8
0
10
34.11455
20
5.78695
30
0
0
VERTEX
8
0
10
33.315850000000005
20
5.78695
30
0
0
VERTEX
8
0
10
33.315850000000005
20
4.8130500000000005
30
0
0
VERTEX
8
0
10
33.648137500000004
20
4.8130500000000005
30
0
0
VERTEX
8
0
10
33.980593750000004
20
4.480593750000001
30
0
0
VERTEX
8
0
10
33.991678125
20
4.47084375
30
0
0
VERTEX
8
0
10
34.002321875
20
4.4604875
30
0
42
0.17215206902225355
0
VERTEX
8
0
10
34.24019375
20
4.369328125
30
0
0
VERTEX
8
0
10
34.243603125
20
4.369053125000001
30
0
0
VERTEX
8
0
10
34.245603125
20
4.369146875
30
0
0
VERTEX
8
0
10
34.25
20
4.369
30
0
0
VERTEX
8
0
10
35
20
4.369
30
0
0
SEQEND
0
POLYLINE
66
1
8
1_copper
10
0.0
20
0.0
30
0.0
70
1
0
VERTEX
8
0
10
12.53595625
20
16.7407
30
0
42
0.36493547785087893
0
VERTEX
8
0
10
12.87966875
20
17.09085625
30
0
0
VERTEX
8
0
10
14.7828125
20
18.994
30
0
0
VERTEX
8
0
10
23.375
20
18.994
30
0
0
VERTEX
8
0
10
23.389778125
20
18.994946875
30
0
0
VERTEX
8
0
10
23.40458125
20
18.995150000000002
30
0
42
0.17212934215951697
0
VERTEX
8
0
10
23.637215625
20
19.09886875
30
0
0
VERTEX
8
0
10
23.639846875
20
19.10110625
30
0
0
VERTEX
8
0
10
23.641209375000003
20
19.10260625
30
0
0
VERTEX
8
0
10
23.64440625
20
19.10559375
30
0
0
VERTEX
8
0
10
24.26940625
20
19.73059375
30
0
0
VERTEX
8
0
10
24.27915625
20
19.741678125
30
0
0
VERTEX
8
0
10
24.2895125
20
19.752321875
30
0
42
0.17215206902225355
0
VERTEX
8
0
10
24.380671875
20
19.99019375
30
0
0
VERTEX
8
0
10
24.380946875000003
20
19.993603125
30
0
0
VERTEX
8
0
10
24.380853125
20
19.995603125000002
30
0
0
VERTEX
8
0
10
24.381
20
20
30
0
0
VERTEX
8
0
10
24.381
20
23.75
30
0
0
VERTEX
8
0
10
24.377878125000002
20
23.798671875
30
0
42
0.9068369069401623
0
VERTEX
8
0
10
23.619859375
20
23.775575
30
0
0
VERTEX
8
0
10
23.619
20
23.75
30
0
0
VERTEX
8
0
10
23.619
20
20.157812500000002
30
0
0
VERTEX
8
0
10
23.2171875
20
19.756
30
0
0
VERTEX
8
0
10
14.625
20
19.756
30
0
0
VERTEX
8
0
10
14.610221875
20
19.755053125
30
0
0
VERTEX
8
0
10
14.59541875
20
19.75485
30
0
42
0.17212934215951697
0
VERTEX
8
0
10
14.362784375
20
19.651131250000002
30
0
0
VERTEX
8
0
10
14.360153125
20
19.648893750000003
30
0
0
VERTEX
8
0
10
14.358790625000001
20
19.647393750000003
30
0
0
VERTEX
8
0
10
14.35559375
20
19.64440625
30
0
0
VERTEX
8
0
10
12.23059375
20
17.51940625
30
0
0
VERTEX
8
0
10
12.22084375
20
17.508321875
30
0
0
VERTEX
8
0
10
12.210487500000001
20
17.497678125
30
0
42
0.17215206902225355
0
VERTEX
8
0
10
12.119328125000001
20
17.25980625
30
0
0
VERTEX
8
0
10
12.119053125
20
17.256396875
30
0
0
VERTEX
8
0
10
12.119146875
20
17.254396875
30
0
0
VERTEX
8
0
10
12.119
20
17.25
30
0
0
VERTEX
8
0
10
12.119
20
17.12
30
0
0
VERTEX
8
0
10
12.122121875000001
20
17.071328125
30
0
42
0.36761238908169436
0
VERTEX
8
0
10
12.48720625
20
16.739215625
30
0
0
SEQEND
0
POLYLINE
66
1
8
1_copper
10
0.0
20
0.0
30
0.0
70
1
0
VERTEX
8
0
10
22.303859375000002
20
11.275662500000001
30
0
42
0.9999999999999999
0
VERTEX
8
0
10
22.196140625
20
11.7243375
30
0
0
VERTEX
8
0
10
22.161709375
20
11.71315
30
0
42
0.854076345154308
0
VERTEX
8
0
10
22.2681
20
11.270000000000001
30
0
0
SEQEND
0
POLYLINE
66
1
8
16_copper
10
0.0
20
0.0
30
0.0
70
1
0
VERTEX
8
0
10
24.053859375000002
20
23.525662500000003
30
0
42
0.9999999999999999
0
VERTEX
8
0
10
23.946140625
20
23.9743375
30
0
0
VERTEX
8
0
10
23.911709375
20
23.963150000000002
30
0
42
0.854076345154308
0
VERTEX
8
0
10
24.0181
20
23.52
30
0
0
SEQEND
0
POLYLINE
66
1
8
16_copper
10
0.0
20
0.0
30
0.0
70
1
0
VERTEX
8
0
10
31.764778125000003
20
2.869946875
30
0
0
VERTEX
8
0
10
31.779581250000003
20
2.87015
30
0
42
0.17212934215951697
0
VERTEX
8
0
10
32.012215625
20
2.9738687500000003
30
0
0
VERTEX
8
0
10
32.014846875
20
2.97610625
30
0
0
VERTEX
8
0
10
32.016209375
20
2.97760625
30
0
0
VERTEX
8
0
10
32.01940625
20
2.98059375
30
0
0
VERTEX
8
0
10
32.1018625
20
3.06305
30
0
0
VERTEX
8
0
10
32.48415
20
3.06305
30
0
0
VERTEX
8
0
10
32.48415
20
4.03695
30
0
0
VERTEX
8
0
10
31.685450000000003
20
4.03695
30
0
0
VERTEX
8
0
10
31.685450000000003
20
3.7242625
30
0
0
VERTEX
8
0
10
31.5921875
20
3.6310000000000002
30
0
0
VERTEX
8
0
10
29.157812500000002
20
3.6310000000000002
30
0
0
VERTEX
8
0
10
22.631
20
10.1578125
30
0
0
VERTEX
8
0
10
22.631
20
11.5
30
0
0
VERTEX
8
0
10
22.627878125000002
20
11.548671875
30
0
42
0.9068369069401623
0
VERTEX
8
0
10
21.869859375
20
11.525575
30
0
0
VERTEX
8
0
10
21.869
20
11.5
30
0
0
VERTEX
8
0
10
21.869
20
10
30
0
0
VERTEX
8
0
10
21.869946875
20
9.985221875
30
0
0
VERTEX
8
0
10
21.870150000000002
20
9.97041875
30
0
42
0.17212934215951697
0
VERTEX
8
0
10
21.97386875
20
9.737784375
30
0
0
VERTEX
8
0
10
21.97610625
20
9.735153125
30
0
0
VERTEX
8
0
10
21.97760625
20
9.733790625000001
30
0
0
VERTEX
8
0
10
21.98059375
20
9.73059375
30
0
0
VERTEX
8
0
10
28.73059375
20
2.98059375
30
0
0
VERTEX
8
0
10
28.741678125
20
2.9708437500000002
30
0
0
VERTEX
8
0
10
28.752321875
20
2.9604875
30
0
42
0.17215206902225355
0
VERTEX
8
0
10
28.990193750000003
20
2.869328125
30
0
0
VERTEX
8
0
10
28.993603125
20
2.869053125
30
0
0
VERTEX
8
0
10
28.995603125000002
20
2.869146875
30
0
0
VERTEX
8
0
10
29
20
2.869
30
0
0
VERTEX
8
0
10
31.75
20
2.869
30
0
0
SEQEND
0
POLYLINE
66
1
8
1_copper
10
0.0
20
0.0
30
0.0
70
1
0
VERTEX
8
0
10
45.303859375
20
49.2756625
30
0
42
0.9999999999999999
0
VERTEX
8
0
10
45.196140625000005
20
49.724337500000004
30
0
0
VERTEX
8
0
10
45.175915625
20
49.717765625000006
30
0
0
VERTEX
8
0
10
44.601600000000005
20
50.29208125
30
0
0
VERTEX
8
0
10
44.601600000000005
20
54.5
30
0
0
VERTEX
8
0
10
44.600809375000004
20
54.5063375
30
0
42
0.1407252340376049
0
VERTEX
8
0
10
44.582571875
20
54.559200000000004
30
0
0
VERTEX
8
0
10
44.5764875
20
54.566365625
30
0
0
VERTEX
8
0
10
44.574715625
20
54.568846875000006
30
0
0
VERTEX
8
0
10
44.57353125
20
54.56985
30
0
0
VERTEX
8
0
10
44.571840625
20
54.571840625
30
0
0
VERTEX
8
0
10
44.2516
20
54.892081250000004
30
0
0
VERTEX
8
0
10
44.2516
20
60.293631250000004
30
0
0
VERTEX
8
0
10
44.270546875
20
60.3032875
30
0
42
0.9999999999999999
0
VERTEX
8
0
10
44.029453125
20
60.696712500000004
30
0
0
VERTEX
8
0
10
44.000165625
20
60.675434375
30
0
42
0.509524700761689
0
VERTEX
8
0
10
44.029453125
20
60.3032875
30
0
0
VERTEX
8
0
10
44.0484
20
60.293631250000004
30
0
0
VERTEX
8
0
10
44.0484
20
54.85
30
0
0
VERTEX
8
0
10
44.049190625
20
54.8436625
30
0
42
0.1407252340376049
0
VERTEX
8
0
10
44.067428125
20
54.790800000000004
30
0
0
VERTEX
8
0
10
44.0735125
20
54.783634375000005
30
0
0
VERTEX
8
0
10
44.075284375
20
54.781153125
30
0
0
VERTEX
8
0
10
44.076468750000004
20
54.780150000000006
30
0
0
VERTEX
8
0
10
44.078159375000006
20
54.778159375
30
0
0
VERTEX
8
0
10
44.3984
20
54.457918750000005
30
0
0
VERTEX
8
0
10
44.3984
20
50.25
30
0
0
VERTEX
8
0
10
44.399190625
20
50.2436625
30
0
42
0.1407252340376049
0
VERTEX
8
0
10
44.417428125
20
50.1908
30
0
0
VERTEX
8
0
10
44.4235125
20
50.183634375000004
30
0
0
VERTEX
8
0
10
44.425284375000004
20
50.181153125
30
0
0
VERTEX
8
0
10
44.426468750000005
20
50.180150000000005
30
0
0
VERTEX
8
0
10
44.428159375
20
50.178159375
30
0
0
VERTEX
8
0
10
45.032234375
20
49.574084375000005
30
0
0
VERTEX
8
0
10
45.0256625
20
49.553859375
30
0
42
0.5095244921166611
0
VERTEX
8
0
10
45.268100000000004
20
49.27
30
0
0
SEQEND
0
POLYLINE
66
1
8
16_copper
10
0.0
20
0.0
30
0.0
70
1
0
VERTEX
8
0
10
44.203859375
20
60.2756625
30
0
42
0.6681758240280553
0
VERTEX
8
0
10
44.270546875
20
60.696712500000004
30
0
0
VERTEX
8
0
10
44.2516
20
60.70636875
30
0
0
VERTEX
8
0
10
44.2516
20
61.8984
30
0
0
VERTEX
8
0
10
45.9058
20
61.8984
30
0
0
VERTEX
8
0
10
45.9058
20
61.755
30
0
0
VERTEX
8
0
10
47.1058
20
61.755
30
0
0
VERTEX
8
0
10
47.1058
20
62.355000000000004
30
0
0
VERTEX
8
0
10
45.9058
20
62.355000000000004
30
0
0
VERTEX
8
0
10
45.9058
20
62.101600000000005
30
0
0
VERTEX
8
0
10
44.15
20
62.101600000000005
30
0
0
VERTEX
8
0
10
44.141603125
20
62.100553125000005
30
0
0
VERTEX
8
0
10
44.133162500000005
20
62.10019375
30
0
42
0.3205751741838904
0
VERTEX
8
0
10
44.049753125
20
62.016528125
30
0
0
VERTEX
8
0
10
44.0493
20
62.010978125
30
0
42
0.013451900187748484
0
VERTEX
8
0
10
44.048853125
20
62.005546875
30
0
0
VERTEX
8
0
10
44.0484
20
62
30
0
0
VERTEX
8
0
10
44.0484
20
60.70636875
30
0
0
VERTEX
8
0
10
44.029453125
20
60.696712500000004
30
0
42
0.7883320478279906
0
VERTEX
8
0
10
44.1681
20
60.27
30
0
0
SEQEND
0
POLYLINE
66
1
8
16_copper
10
0.0
20
0.0
30
0.0
70
1
0
VERTEX
8
0
10
47.1058
20
49.705000000000005
30
0
0
VERTEX
8
0
10
45.9058
20
49.705000000000005
30
0
0
VERTEX
8
0
10
45.9058
20
49.601600000000005
30
0
0
VERTEX
8
0
10
45.45636875
20
49.601600000000005
30
0
0
VERTEX
8
0
10
45.446712500000004
20
49.620546875
30
0
42
0.9999999999999999
0
VERTEX
8
0
10
45.0532875
20
49.379453125000005
30
0
0
VERTEX
8
0
10
45.074565625000005
20
49.350165625
30
0
42
0.509524700761689
0
VERTEX
8
0
10
45.446712500000004
20
49.379453125000005
30
0
0
VERTEX
8
0
10
45.45636875
20
49.3984
30
0
0
VERTEX
8
0
10
45.9058
20
49.3984
30
0
0
VERTEX
8
0
10
45.9058
20
49.105000000000004
30
0
0
VERTEX
8
0
10
47.1058
20
49.105000000000004
30
0
0
SEQEND
0
POLYLINE
66
1
8
1_copper
10
0.0
20
0.0
30
0.0
70
1
0
VERTEX
8
0
10
48.303859375
20
6.7756625
30
0
42
0.4142135623730951
0
VERTEX
8
0
10
48.474337500000004
20
7.053859375
30
0
0
VERTEX
8
0
10
48.467765625000006
20
7.074084375
30
0
0
VERTEX
8
0
10
50.821840625
20
9.428159375
30
0
0
VERTEX
8
0
10
50.825753125000006
20
9.4331875
30
0
42
0.14075965647395222
0
VERTEX
8
0
10
50.850246875
20
9.483471875000001
30
0
0
VERTEX
8
0
10
50.8510125
20
9.492834375000001
30
0
0
VERTEX
8
0
10
50.851515625000005
20
9.49585
30
0
0
VERTEX
8
0
10
50.8513875
20
9.49739375
30
0
0
VERTEX
8
0
10
50.851600000000005
20
9.5
30
0
0
VERTEX
8
0
10
50.851600000000005
20
17.45791875
30
0
0
VERTEX
8
0
10
51.571840625
20
18.178159375
30
0
0
VERTEX
8
0
10
51.575753125000006
20
18.183187500000003
30
0
42
0.14075965647395222
0
VERTEX
8
0
10
51.600246875
20
18.233471875
30
0
0
VERTEX
8
0
10
51.6010125
20
18.242834375
30
0
0
VERTEX
8
0
10
51.601515625000005
20
18.24585
30
0
0
VERTEX
8
0
10
51.6013875
20
18.24739375
30
0
0
VERTEX
8
0
10
51.601600000000005
20
18.25
30
0
0
VERTEX
8
0
10
51.601600000000005
20
20.5
30
0
0
VERTEX
8
0
10
51.600809375000004
20
20.5063375
30
0
42
0.1407252340376049
0
VERTEX
8
0
10
51.582571875
20
20.5592
30
0
0
VERTEX
8
0
10
51.5764875
20
20.566365625
30
0
0
VERTEX
8
0
10
51.574715625
20
20.568846875000002
30
0
0
VERTEX
8
0
10
51.57353125
20
20.569850000000002
30
0
0
VERTEX
8
0
10
51.571840625
20
20.571840625
30
0
0
VERTEX
8
0
10
50.4016
20
21.742081250000002
30
0
0
VERTEX
8
0
10
50.4016
20
23.393631250000002
30
0
0
VERTEX
8
0
10
50.420546875
20
23.4032875
30
0
42
0.9999999999999999
0
VERTEX
8
0
10
50.179453125
20
23.7967125
30
0
0
VERTEX
8
0
10
50.150165625
20
23.775434375
30
0
42
0.509524700761689
0
VERTEX
8
0
10
50.179453125
20
23.4032875
30
0
0
VERTEX
8
0
10
50.1984
20
23.393631250000002
30
0
0
VERTEX
8
0
10
50.1984
20
21.7
30
0
0
VERTEX
8
0
10
50.199190625
20
21.693662500000002
30
0
42
0.1407252340376049
0
VERTEX
8
0
10
50.217428125000005
20
21.640800000000002
30
0
0
VERTEX
8
0
10
50.223512500000005
20
21.633634375
30
0
0
VERTEX
8
0
10
50.225284375
20
21.631153125
30
0
0
VERTEX
8
0
10
50.22646875
20
21.63015
30
0
0
VERTEX
8
0
10
50.228159375000004
20
21.628159375000003
30
0
0
VERTEX
8
0
10
51.3984
20
20.45791875
30
0
0
VERTEX
8
0
10
51.3984
20
18.292081250000003
30
0
0
VERTEX
8
0
10
50.678159375
20
17.571840625
30
0
0
VERTEX
8
0
10
50.674246875
20
17.5668125
30
0
42
0.14075965647395222
0
VERTEX
8
0
10
50.649753125000004
20
17.516528125
30
0
0
VERTEX
8
0
10
50.648987500000004
20
17.507165625000003
30
0
0
VERTEX
8
0
10
50.648484375
20
17.50415
30
0
0
VERTEX
8
0
10
50.648612500000006
20
17.50260625
30
0
0
VERTEX
8
0
10
50.6484
20
17.5
30
0
0
VERTEX
8
0
10
50.6484
20
9.54208125
30
0
0
VERTEX
8
0
10
48.324084375000005
20
7.217765625
30
0
0
VERTEX
8
0
10
48.303859375
20
7.224337500000001
30
0
42
0.9999999999999999
0
VERTEX
8
0
10
48.196140625000005
20
6.7756625
30
0
0
VERTEX
8
0
10
48.2319
20
6.7700000000000005
30
0
0
VERTEX
8
0
10
48.268100000000004
20
6.7700000000000005
30
0
0
SEQEND
0
POLYLINE
66
1
8
16_copper
10
0.0
20
0.0
30
0.0
70
1
0
VERTEX
8
0
10
50.353859375
20
23.3756625
30
0
42
0.9999999999999999
0
VERTEX
8
0
10
50.246140625
20
23.824337500000002
30
0
0
VERTEX
8
0
10
50.225915625
20
23.817765625
30
0
0
VERTEX
8
0
10
49.971840625000006
20
24.071840625
30
0
0
VERTEX
8
0
10
49.9668125
20
24.075753125000002
30
0
42
0.14075965647395222
0
VERTEX
8
0
10
49.916528125
20
24.100246875
30
0
0
VERTEX
8
0
10
49.907165625000005
20
24.1010125
30
0
0
VERTEX
8
0
10
49.90415
20
24.101515625
30
0
0
VERTEX
8
0
10
49.902606250000005
20
24.1013875
30
0
0
VERTEX
8
0
10
49.900000000000006
20
24.1016
30
0
0
VERTEX
8
0
10
47.1058
20
24.1016
30
0
0
VERTEX
8
0
10
47.1058
20
24.355
30
0
0
VERTEX
8
0
10
45.9058
20
24.355
30
0
0
VERTEX
8
0
10
45.9058
20
23.755000000000003
30
0
0
VERTEX
8
0
10
47.1058
20
23.755000000000003
30
0
0
VERTEX
8
0
10
47.1058
20
23.898400000000002
30
0
0
VERTEX
8
0
10
49.85791875
20
23.898400000000002
30
0
0
VERTEX
8
0
10
50.082234375000006
20
23.674084375
30
0
0
VERTEX
8
0
10
50.0756625
20
23.653859375
30
0
42
0.5095244921166611
0
VERTEX
8
0
10
50.3181
20
23.37
30
0
0
SEQEND
0
POLYLINE
66
1
8
16_copper
10
0.0
20
0.0
30
0.0
70
1
0
VERTEX
8
0
10
48.303859375
20
6.7756625
30
0
42
0.6681758240280553
0
VERTEX
8
0
10
48.370546875
20
7.1967125
30
0
0
VERTEX
8
0
10
48.351600000000005
20
7.20636875
30
0
0
VERTEX
8
0
10
48.351600000000005
20
9.75
30
0
0
VERTEX
8
0
10
48.350809375000004
20
9.7563375
30
0
42
0.1407252340376049
0
VERTEX
8
0
10
48.332571875
20
9.8092
30
0
0
VERTEX
8
0
10
48.3264875
20
9.816365625000001
30
0
0
VERTEX
8
0
10
48.324715625
20
9.818846875
30
0
0
VERTEX
8
0
10
48.32353125
20
9.81985
30
0
0
VERTEX
8
0
10
48.321840625
20
9.821840625
30
0
0
VERTEX
8
0
10
47.03868125
20
11.105
30
0
0
VERTEX
8
0
10
47.1058
20
11.105
30
0
0
VERTEX
8
0
10
47.1058
20
11.705
30
0
0
VERTEX
8
0
10
45.9058
20
11.705
30
0
0
VERTEX
8
0
10
45.9058
20
11.105
30
0
0
VERTEX
8
0
10
46.75131875
20
11.105
30
0
0
VERTEX
8
0
10
48.1484
20
9.707918750000001
30
0
0
VERTEX
8
0
10
48.1484
20
7.20636875
30
0
0
VERTEX
8
0
10
48.129453125000005
20
7.1967125
30
0
42
0.7883320478279906
0
VERTEX
8
0
10
48.268100000000004
20
6.7700000000000005
30
0
0
SEQEND
0
POLYLINE
66
1
8
1_copper
10
0.0
20
0.0
30
0.0
70
1
0
VERTEX
8
0
10
12.303859375
20
25.025662500000003
30
0
42
0.4142135623730951
0
VERTEX
8
0
10
12.4743375
20
25.303859375000002
30
0
0
VERTEX
8
0
10
12.467765625
20
25.324084375
30
0
0
VERTEX
8
0
10
18.571840625
20
31.428159375
30
0
0
VERTEX
8
0
10
18.575753125000002
20
31.433187500000003
30
0
42
0.14075965647395222
0
VERTEX
8
0
10
18.600246875
20
31.483471875000003
30
0
0
VERTEX
8
0
10
18.6010125
20
31.492834375
30
0
0
VERTEX
8
0
10
18.601515625
20
31.49585
30
0
0
VERTEX
8
0
10
18.6013875
20
31.49739375
30
0
0
VERTEX
8
0
10
18.6016
20
31.5
30
0
0
VERTEX
8
0
10
18.6016
20
44.793631250000004
30
0
0
VERTEX
8
0
10
18.620546875000002
20
44.8032875
30
0
42
0.32491919122640284
0
VERTEX
8
0
10
18.7243375
20
45.053859375
30
0
0
VERTEX
8
0
10
18.717765625000002
20
45.074084375000005
30
0
0
VERTEX
8
0
10
19.071840625
20
45.428159375
30
0
0
VERTEX
8
0
10
19.075753125000002
20
45.4331875
30
0
42
0.14075965647395222
0
VERTEX
8
0
10
19.100246875
20
45.483471875
30
0
0
VERTEX
8
0
10
19.1010125
20
45.492834375
30
0
0
VERTEX
8
0
10
19.101515625
20
45.495850000000004
30
0
0
VERTEX
8
0
10
19.1013875
20
45.49739375
30
0
0
VERTEX
8
0
10
19.1016
20
45.5
30
0
0
VERTEX
8
0
10
19.1016
20
63.793631250000004
30
0
0
VERTEX
8
0
10
19.120546875000002
20
63.8032875
30
0
42
0.9999999999999999
0
VERTEX
8
0
10
18.879453125
20
64.1967125
30
0
0
VERTEX
8
0
10
18.850165625000002
20
64.17543437500001
30
0
42
0.509524700761689
0
VERTEX
8
0
10
18.879453125
20
63.8032875
30
0
0
VERTEX
8
0
10
18.898400000000002
20
63.793631250000004
30
0
0
VERTEX
8
0
10
18.898400000000002
20
45.54208125
30
0
0
VERTEX
8
0
10
18.574084375
20
45.217765625000006
30
0
0
VERTEX
8
0
10
18.553859375000002
20
45.224337500000004
30
0
42
0.8540798954791192
0
VERTEX
8
0
10
18.379453125
20
44.8032875
30
0
0
VERTEX
8
0
10
18.398400000000002
20
44.793631250000004
30
0
0
VERTEX
8
0
10
18.398400000000002
20
31.542081250000003
30
0
0
VERTEX
8
0
10
12.324084375
20
25.467765625000002
30
0
0
VERTEX
8
0
10
12.303859375
20
25.4743375
30
0
42
0.9999999999999999
0
VERTEX
8
0
10
12.196140625
20
25.025662500000003
30
0
0
VERTEX
8
0
10
12.231900000000001
20
25.02
30
0
0
VERTEX
8
0
10
12.2681
20
25.02
30
0
0
SEQEND
0
POLYLINE
66
1
8
1_copper
10
0.0
20
0.0
30
0.0
70
1
0
VERTEX
8
0
10
11.053859375
20
9.275662500000001
30
0
42
0.9999999999999999
0
VERTEX
8
0
10
10.946140625
20
9.7243375
30
0
0
VERTEX
8
0
10
10.911709375000001
20
9.71315
30
0
42
0.854076345154308
0
VERTEX
8
0
10
11.0181
20
9.27
30
0
0
SEQEND
0
POLYLINE
66
1
8
1_copper
10
0.0
20
0.0
30
0.0
70
1
0
VERTEX
8
0
10
39.053859375
20
8.275662500000001
30
0
42
0.9999999999999999
0
VERTEX
8
0
10
38.946140625000005
20
8.7243375
30
0
0
VERTEX
8
0
10
38.911709375
20
8.71315
30
0
42
0.854076345154308
0
VERTEX
8
0
10
39.018100000000004
20
8.27
30
0
0
SEQEND
0
POLYLINE
66
1
8
16_copper
10
0.0
20
0.0
30
0.0
70
1
0
VERTEX
8
0
10
16.6
20
63.8984
30
0
0
VERTEX
8
0
10
18.79363125
20
63.8984
30
0
0
VERTEX
8
0
10
18.8032875
20
63.879453125000005
30
0
42
0.5600237529473715
0
VERTEX
8
0
10
19.1967125
20
63.879453125000005
30
0
0
VERTEX
8
0
10
19.20636875
20
63.8984
30
0
0
VERTEX
8
0
10
46
20
63.8984
30
0
0
VERTEX
8
0
10
46.0063375
20
63.899190625
30
0
42
0.1407252340376049
0
VERTEX
8
0
10
46.059200000000004
20
63.917428125
30
0
0
VERTEX
8
0
10
46.066365625
20
63.9235125
30
0
0
VERTEX
8
0
10
46.068846875000006
20
63.925284375000004
30
0
0
VERTEX
8
0
10
46.06985
20
63.926468750000005
30
0
0
VERTEX
8
0
10
46.071840625
20
63.928159375
30
0
0
VERTEX
8
0
10
46.43868125
20
64.295
30
0
0
VERTEX
8
0
10
47.1058
20
64.295
30
0
0
VERTEX
8
0
10
47.1058
20
64.895
30
0
0
VERTEX
8
0
10
45.9058
20
64.895
30
0
0
VERTEX
8
0
10
45.9058
20
64.295
30
0
0
VERTEX
8
0
10
46.15131875
20
64.295
30
0
0
VERTEX
8
0
10
45.957918750000005
20
64.1016
30
0
0
VERTEX
8
0
10
19.20636875
20
64.1016
30
0
0
VERTEX
8
0
10
19.1967125
20
64.120546875
30
0
42
0.5600237529473715
0
VERTEX
8
0
10
18.8032875
20
64.120546875
30
0
0
VERTEX
8
0
10
18.79363125
20
64.1016
30
0
0
VERTEX
8
0
10
16.6
20
64.1016
30
0
0
VERTEX
8
0
10
16.6
20
64.595
30
0
0
VERTEX
8
0
10
13.4
20
64.595
30
0
0
VERTEX
8
0
10
13.4
20
63.325
30
0
0
VERTEX
8
0
10
16.6
20
63.325
30
0
0
SEQEND
0
POLYLINE
66
1
8
16_copper
10
0.0
20
0.0
30
0.0
70
1
0
VERTEX
8
0
10
16.6
20
44.8984
30
0
0
VERTEX
8
0
10
18.29363125
20
44.8984
30
0
0
VERTEX
8
0
10
18.3032875
20
44.879453125000005
30
0
42
0.5600237529473715
0
VERTEX
8
0
10
18.6967125
20
44.879453125000005
30
0
0
VERTEX
8
0
10
18.70636875
20
44.8984
30
0
0
VERTEX
8
0
10
46
20
44.8984
30
0
0
VERTEX
8
0
10
46.0063375
20
44.899190625
30
0
42
0.1407252340376049
0
VERTEX
8
0
10
46.059200000000004
20
44.917428125
30
0
0
VERTEX
8
0
10
46.066365625
20
44.9235125
30
0
0
VERTEX
8
0
10
46.068846875000006
20
44.925284375000004
30
0
0
VERTEX
8
0
10
46.06985
20
44.926468750000005
30
0
0
VERTEX
8
0
10
46.071840625
20
44.928159375
30
0
0
VERTEX
8
0
10
46.43868125
20
45.295
30
0
0
VERTEX
8
0
10
47.1058
20
45.295
30
0
0
VERTEX
8
0
10
47.1058
20
45.895
30
0
0
VERTEX
8
0
10
45.9058
20
45.895
30
0
0
VERTEX
8
0
10
45.9058
20
45.295
30
0
0
VERTEX
8
0
10
46.15131875
20
45.295
30
0
0
VERTEX
8
0
10
45.957918750000005
20
45.101600000000005
30
0
0
VERTEX
8
0
10
18.70636875
20
45.101600000000005
30
0
0
VERTEX
8
0
10
18.6967125
20
45.120546875
30
0
42
0.5600237529473715
0
VERTEX
8
0
10
18.3032875
20
45.120546875
30
0
0
VERTEX
8
0
10
18.29363125
20
45.101600000000005
30
0
0
VERTEX
8
0
10
16.6
20
45.101600000000005
30
0
0
VERTEX
8
0
10
16.6
20
45.595
30
0
0
VERTEX
8
0
10
13.4
20
45.595
30
0
0
VERTEX
8
0
10
13.4
20
44.325
30
0
0
VERTEX
8
0
10
16.6
20
44.325
30
0
0
SEQEND
0
POLYLINE
66
1
8
16_copper
10
0.0
20
0.0
30
0.0
70
1
0
VERTEX
8
0
10
12.303859375
20
25.025662500000003
30
0
42
0.4142135623730951
0
VERTEX
8
0
10
12.4743375
20
25.303859375000002
30
0
0
VERTEX
8
0
10
12.467765625
20
25.324084375
30
0
0
VERTEX
8
0
10
12.79208125
20
25.648400000000002
30
0
0
VERTEX
8
0
10
13.4
20
25.648400000000002
30
0
0
VERTEX
8
0
10
13.4
20
25.325000000000003
30
0
0
VERTEX
8
0
10
16.6
20
25.325000000000003
30
0
0
VERTEX
8
0
10
16.6
20
26.398400000000002
30
0
0
VERTEX
8
0
10
45.9058
20
26.398400000000002
30
0
0
VERTEX
8
0
10
45.9058
20
26.295
30
0
0
VERTEX
8
0
10
47.1058
20
26.295
30
0
0
VERTEX
8
0
10
47.1058
20
26.895
30
0
0
VERTEX
8
0
10
45.9058
20
26.895
30
0
0
VERTEX
8
0
10
45.9058
20
26.6016
30
0
0
VERTEX
8
0
10
15.5
20
26.6016
30
0
0
VERTEX
8
0
10
15.493662500000001
20
26.600809375
30
0
42
0.06211629415796415
0
VERTEX
8
0
10
15.469096875
20
26.596165625
30
0
0
VERTEX
8
0
10
15.464528125000001
20
26.595000000000002
30
0
0
VERTEX
8
0
10
13.4
20
26.595000000000002
30
0
0
VERTEX
8
0
10
13.4
20
25.8516
30
0
0
VERTEX
8
0
10
12.75
20
25.8516
30
0
0
VERTEX
8
0
10
12.743662500000001
20
25.850809375
30
0
42
0.1407252340376049
0
VERTEX
8
0
10
12.690800000000001
20
25.832571875000003
30
0
0
VERTEX
8
0
10
12.683634375
20
25.826487500000002
30
0
0
VERTEX
8
0
10
12.681153125
20
25.824715625
30
0
0
VERTEX
8
0
10
12.680150000000001
20
25.823531250000002
30
0
0
VERTEX
8
0
10
12.678159375
20
25.821840625
30
0
0
VERTEX
8
0
10
12.324084375
20
25.467765625000002
30
0
0
VERTEX
8
0
10
12.303859375
20
25.4743375
30
0
42
0.9999999999999999
0
VERTEX
8
0
10
12.196140625
20
25.025662500000003
30
0
0
VERTEX
8
0
10
12.231900000000001
20
25.02
30
0
0
VERTEX
8
0
10
12.2681
20
25.02
30
0
0
SEQEND
0
POLYLINE
66
1
8
16_copper
10
0.0
20
0.0
30
0.0
70
1
0
VERTEX
8
0
10
9.6058
20
7.8950000000000005
30
0
0
VERTEX
8
0
10
9.53868125
20
7.8950000000000005
30
0
0
VERTEX
8
0
10
10.925915625
20
9.282234375
30
0
0
VERTEX
8
0
10
10.946140625
20
9.275662500000001
30
0
42
0.9999999999999999
0
VERTEX
8
0
10
11.053859375
20
9.7243375
30
0
0
VERTEX
8
0
10
11.0181
20
9.73
30
0
42
0.5095244921166611
0
VERTEX
8
0
10
10.775662500000001
20
9.446140625
30
0
0
VERTEX
8
0
10
10.782234375
20
9.425915625
30
0
0
VERTEX
8
0
10
9.251318750000001
20
7.8950000000000005
30
0
0
VERTEX
8
0
10
8.405800000000001
20
7.8950000000000005
30
0
0
VERTEX
8
0
10
8.405800000000001
20
7.295
30
0
0
VERTEX
8
0
10
9.6058
20
7.295
30
0
0
SEQEND
0
POLYLINE
66
1
8
16_copper
10
0.0
20
0.0
30
0.0
70
1
0
VERTEX
8
0
10
47.1058
20
7.8950000000000005
30
0
0
VERTEX
8
0
10
45.9058
20
7.8950000000000005
30
0
0
VERTEX
8
0
10
45.9058
20
7.6016
30
0
0
VERTEX
8
0
10
42.29208125
20
7.6016
30
0
0
VERTEX
8
0
10
41.321840625
20
8.571840625
30
0
0
VERTEX
8
0
10
41.316812500000005
20
8.575753125
30
0
42
0.14075965647395222
0
VERTEX
8
0
10
41.266528125
20
8.600246875
30
0
0
VERTEX
8
0
10
41.257165625
20
8.601012500000001
30
0
0
VERTEX
8
0
10
41.25415
20
8.601515625000001
30
0
0
VERTEX
8
0
10
41.25260625
20
8.601387500000001
30
0
0
VERTEX
8
0
10
41.25
20
8.601600000000001
30
0
0
VERTEX
8
0
10
39.20636875
20
8.601600000000001
30
0
0
VERTEX
8
0
10
39.196712500000004
20
8.620546875
30
0
42
0.9999999999999999
0
VERTEX
8
0
10
38.8032875
20
8.379453125000001
30
0
0
VERTEX
8
0
10
38.824565625000005
20
8.350165625
30
0
42
0.509524700761689
0
VERTEX
8
0
10
39.196712500000004
20
8.379453125000001
30
0
0
VERTEX
8
0
10
39.20636875
20
8.3984
30
0
0
VERTEX
8
0
10
41.207918750000005
20
8.3984
30
0
0
VERTEX
8
0
10
42.178159375
20
7.428159375000001
30
0
0
VERTEX
8
0
10
42.1831875
20
7.424246875000001
30
0
42
0.14075965647395222
0
VERTEX
8
0
10
42.233471875
20
7.399753125
30
0
0
VERTEX
8
0
10
42.242834375
20
7.3989875000000005
30
0
0
VERTEX
8
0
10
42.245850000000004
20
7.398484375000001
30
0
0
VERTEX
8
0
10
42.24739375
20
7.3986125000000005
30
0
0
VERTEX
8
0
10
42.25
20
7.3984000000000005
30
0
0
VERTEX
8
0
10
45.9058
20
7.3984000000000005
30
0
0
VERTEX
8
0
10
45.9058
20
7.295
30
0
0
VERTEX
8
0
10
47.1058
20
7.295
30
0
0
SEQEND
0
POLYLINE
66
1
8
1_copper
10
0.0
20
0.0
30
0.0
70
1
0
VERTEX
8
0
10
21.553859375000002
20
25.525662500000003
30
0
42
0.6681758240280553
0
VERTEX
8
0
10
21.620546875000002
20
25.9467125
30
0
0
VERTEX
8
0
10
21.6016
20
25.956368750000003
30
0
0
VERTEX
8
0
10
21.6016
20
40.957918750000005
30
0
0
VERTEX
8
0
10
24.175915625000002
20
43.532234375
30
0
0
VERTEX
8
0
10
24.196140625
20
43.5256625
30
0
42
0.8540798954791192
0
VERTEX
8
0
10
24.370546875000002
20
43.946712500000004
30
0
0
VERTEX
8
0
10
24.3516
20
43.95636875
30
0
0
VERTEX
8
0
10
24.3516
20
60.793631250000004
30
0
0
VERTEX
8
0
10
24.370546875000002
20
60.8032875
30
0
42
0.9999999999999999
0
VERTEX
8
0
10
24.129453125
20
61.196712500000004
30
0
0
VERTEX
8
0
10
24.100165625000002
20
61.175434375
30
0
42
0.509524700761689
0
VERTEX
8
0
10
24.129453125
20
60.8032875
30
0
0
VERTEX
8
0
10
24.148400000000002
20
60.793631250000004
30
0
0
VERTEX
8
0
10
24.148400000000002
20
43.95636875
30
0
0
VERTEX
8
0
10
24.129453125
20
43.946712500000004
30
0
42
0.32491919122640284
0
VERTEX
8
0
10
24.025662500000003
20
43.696140625000005
30
0
0
VERTEX
8
0
10
24.032234375
20
43.675915625
30
0
0
VERTEX
8
0
10
21.428159375
20
41.071840625
30
0
0
VERTEX
8
0
10
21.424246875
20
41.066812500000005
30
0
42
0.14075965647395222
0
VERTEX
8
0
10
21.399753125
20
41.016528125
30
0
0
VERTEX
8
0
10
21.3989875
20
41.007165625
30
0
0
VERTEX
8
0
10
21.398484375000002
20
41.00415
30
0
0
VERTEX
8
0
10
21.398612500000002
20
41.00260625
30
0
0
VERTEX
8
0
10
21.398400000000002
20
41
30
0
0
VERTEX
8
0
10
21.398400000000002
20
25.956368750000003
30
0
0
VERTEX
8
0
10
21.379453125
20
25.9467125
30
0
42
0.7883320478279906
0
VERTEX
8
0
10
21.5181
20
25.52
30
0
0
SEQEND
0
POLYLINE
66
1
8
1_copper
10
0.0
20
0.0
30
0.0
70
1
0
VERTEX
8
0
10
13.303859375
20
9.025662500000001
30
0
42
0.9999999999999999
0
VERTEX
8
0
10
13.196140625
20
9.4743375
30
0
0
VERTEX
8
0
10
13.161709375000001
20
9.46315
30
0
42
0.854076345154308
0
VERTEX
8
0
10
13.2681
20
9.02
30
0
0
SEQEND
0
POLYLINE
66
1
8
1_copper
10
0.0
20
0.0
30
0.0
70
1
0
VERTEX
8
0
10
42.803859375
20
8.025662500000001
30
0
42
0.9999999999999999
0
VERTEX
8
0
10
42.696140625000005
20
8.4743375
30
0
0
VERTEX
8
0
10
42.661709375
20
8.46315
30
0
42
0.854076345154308
0
VERTEX
8
0
10
42.768100000000004
20
8.02
30
0
0
SEQEND
0
POLYLINE
66
1
8
16_copper
10
0.0
20
0.0
30
0.0
70
1
0
VERTEX
8
0
10
16.2436625
20
62.850809375000004
30
0
42
0.1407252340376049
0
VERTEX
8
0
10
16.1908
20
62.832571875000006
30
0
0
VERTEX
8
0
10
16.183634375
20
62.826487500000006
30
0
0
VERTEX
8
0
10
16.181153125
20
62.824715625
30
0
0
VERTEX
8
0
10
16.18015
20
62.82353125
30
0
0
VERTEX
8
0
10
16.178159375
20
62.821840625
30
0
0
VERTEX
8
0
10
15.411318750000001
20
62.055
30
0
0
VERTEX
8
0
10
13.4
20
62.055
30
0
0
VERTEX
8
0
10
13.4
20
60.785000000000004
30
0
0
VERTEX
8
0
10
16.6
20
60.785000000000004
30
0
0
VERTEX
8
0
10
16.6
20
62.055
30
0
0
VERTEX
8
0
10
15.69868125
20
62.055
30
0
0
VERTEX
8
0
10
16.292081250000003
20
62.6484
30
0
0
VERTEX
8
0
10
24.148400000000002
20
62.6484
30
0
0
VERTEX
8
0
10
24.148400000000002
20
61.20636875
30
0
0
VERTEX
8
0
10
24.129453125
20
61.196712500000004
30
0
42
0.9999999999999999
0
VERTEX
8
0
10
24.370546875000002
20
60.8032875
30
0
0
VERTEX
8
0
10
24.399834375
20
60.824565625000005
30
0
42
0.509524700761689
0
VERTEX
8
0
10
24.370546875000002
20
61.196712500000004
30
0
0
VERTEX
8
0
10
24.3516
20
61.20636875
30
0
0
VERTEX
8
0
10
24.3516
20
62.6484
30
0
0
VERTEX
8
0
10
46
20
62.6484
30
0
0
VERTEX
8
0
10
46.0063375
20
62.649190625
30
0
42
0.1407252340376049
0
VERTEX
8
0
10
46.059200000000004
20
62.667428125
30
0
0
VERTEX
8
0
10
46.066365625
20
62.6735125
30
0
0
VERTEX
8
0
10
46.068846875000006
20
62.675284375000004
30
0
0
VERTEX
8
0
10
46.06985
20
62.676468750000005
30
0
0
VERTEX
8
0
10
46.071840625
20
62.678159375
30
0
0
VERTEX
8
0
10
46.41868125
20
63.025000000000006
30
0
0
VERTEX
8
0
10
47.1058
20
63.025000000000006
30
0
0
VERTEX
8
0
10
47.1058
20
63.625
30
0
0
VERTEX
8
0
10
45.9058
20
63.625
30
0
0
VERTEX
8
0
10
45.9058
20
63.025000000000006
30
0
0
VERTEX
8
0
10
46.131318750000005
20
63.025000000000006
30
0
0
VERTEX
8
0
10
45.957918750000005
20
62.851600000000005
30
0
0
VERTEX
8
0
10
16.25
20
62.851600000000005
30
0
0
SEQEND
0
POLYLINE
66
1
8
16_copper
10
0.0
20
0.0
30
0.0
70
1
0
VERTEX
8
0
10
16.6
20
43.055
30
0
0
VERTEX
8
0
10
15.69868125
20
43.055
30
0
0
VERTEX
8
0
10
16.292081250000003
20
43.6484
30
0
0
VERTEX
8
0
10
24.04363125
20
43.6484
30
0
0
VERTEX
8
0
10
24.0532875
20
43.629453125000005
30
0
42
0.5600237529473715
0
VERTEX
8
0
10
24.4467125
20
43.629453125000005
30
0
0
VERTEX
8
0
10
24.456368750000003
20
43.6484
30
0
0
VERTEX
8
0
10
46
20
43.6484
30
0
0
VERTEX
8
0
10
46.0063375
20
43.649190625
30
0
42
0.1407252340376049
0
VERTEX
8
0
10
46.059200000000004
20
43.667428125
30
0
0
VERTEX
8
0
10
46.066365625
20
43.6735125
30
0
0
VERTEX
8
0
10
46.068846875000006
20
43.675284375000004
30
0
0
VERTEX
8
0
10
46.06985
20
43.676468750000005
30
0
0
VERTEX
8
0
10
46.071840625
20
43.678159375
30
0
0
VERTEX
8
0
10
46.41868125
20
44.025
30
0
0
VERTEX
8
0
10
47.1058
20
44.025
30
0
0
VERTEX
8
0
10
47.1058
20
44.625
30
0
0
VERTEX
8
0
10
45.9058
20
44.625
30
0
0
VERTEX
8
0
10
45.9058
20
44.025
30
0
0
VERTEX
8
0
10
46.131318750000005
20
44.025
30
0
0
VERTEX
8
0
10
45.957918750000005
20
43.851600000000005
30
0
0
VERTEX
8
0
10
24.456368750000003
20
43.851600000000005
30
0
0
VERTEX
8
0
10
24.4467125
20
43.870546875
30
0
42
0.5600237529473715
0
VERTEX
8
0
10
24.0532875
20
43.870546875
30
0
0
VERTEX
8
0
10
24.04363125
20
43.851600000000005
30
0
0
VERTEX
8
0
10
16.25
20
43.851600000000005
30
0
0
VERTEX
8
0
10
16.2436625
20
43.850809375000004
30
0
42
0.1407252340376049
0
VERTEX
8
0
10
16.1908
20
43.832571875
30
0
0
VERTEX
8
0
10
16.183634375
20
43.8264875
30
0
0
VERTEX
8
0
10
16.181153125
20
43.824715625
30
0
0
VERTEX
8
0
10
16.18015
20
43.82353125
30
0
0
VERTEX
8
0
10
16.178159375
20
43.821840625
30
0
0
VERTEX
8
0
10
15.411318750000001
20
43.055
30
0
0
VERTEX
8
0
10
13.4
20
43.055
30
0
0
VERTEX
8
0
10
13.4
20
41.785000000000004
30
0
0
VERTEX
8
0
10
16.6
20
41.785000000000004
30
0
0
SEQEND
0
POLYLINE
66
1
8
16_copper
10
0.0
20
0.0
30
0.0
70
1
0
VERTEX
8
0
10
46.0063375
20
24.649190625000003
30
0
42
0.1407252340376049
0
VERTEX
8
0
10
46.059200000000004
20
24.667428125
30
0
0
VERTEX
8
0
10
46.066365625
20
24.6735125
30
0
0
VERTEX
8
0
10
46.068846875000006
20
24.675284375
30
0
0
VERTEX
8
0
10
46.06985
20
24.67646875
30
0
0
VERTEX
8
0
10
46.071840625
20
24.678159375
30
0
0
VERTEX
8
0
10
46.41868125
20
25.025000000000002
30
0
0
VERTEX
8
0
10
47.1058
20
25.025000000000002
30
0
0
VERTEX
8
0
10
47.1058
20
25.625
30
0
0
VERTEX
8
0
10
45.9058
20
25.625
30
0
0
VERTEX
8
0
10
45.9058
20
25.025000000000002
30
0
0
VERTEX
8
0
10
46.131318750000005
20
25.025000000000002
30
0
0
VERTEX
8
0
10
45.957918750000005
20
24.8516
30
0
0
VERTEX
8
0
10
20.24528125
20
24.8516
30
0
0
VERTEX
8
0
10
21.042081250000003
20
25.648400000000002
30
0
0
VERTEX
8
0
10
21.29363125
20
25.648400000000002
30
0
0
VERTEX
8
0
10
21.3032875
20
25.629453125
30
0
42
0.9999999999999999
0
VERTEX
8
0
10
21.6967125
20
25.870546875000002
30
0
0
VERTEX
8
0
10
21.675434375000002
20
25.899834375
30
0
42
0.509524700761689
0
VERTEX
8
0
10
21.3032875
20
25.870546875000002
30
0
0
VERTEX
8
0
10
21.29363125
20
25.8516
30
0
0
VERTEX
8
0
10
21
20
25.8516
30
0
0
VERTEX
8
0
10
20.993662500000003
20
25.850809375
30
0
42
0.1407252340376049
0
VERTEX
8
0
10
20.9408
20
25.832571875000003
30
0
0
VERTEX
8
0
10
20.933634375
20
25.826487500000002
30
0
0
VERTEX
8
0
10
20.931153125
20
25.824715625
30
0
0
VERTEX
8
0
10
20.93015
20
25.823531250000002
30
0
0
VERTEX
8
0
10
20.928159375
20
25.821840625
30
0
0
VERTEX
8
0
10
19.95791875
20
24.8516
30
0
0
VERTEX
8
0
10
16.25
20
24.8516
30
0
0
VERTEX
8
0
10
16.2436625
20
24.850809375
30
0
42
0.1407252340376049
0
VERTEX
8
0
10
16.1908
20
24.832571875000003
30
0
0
VERTEX
8
0
10
16.183634375
20
24.826487500000002
30
0
0
VERTEX
8
0
10
16.181153125
20
24.824715625
30
0
0
VERTEX
8
0
10
16.18015
20
24.823531250000002
30
0
0
VERTEX
8
0
10
16.178159375
20
24.821840625
30
0
0
VERTEX
8
0
10
15.411318750000001
20
24.055
30
0
0
VERTEX
8
0
10
14.58868125
20
24.055
30
0
0
VERTEX
8
0
10
14.071840625
20
24.571840625
30
0
0
VERTEX
8
0
10
14.066812500000001
20
24.575753125000002
30
0
42
0.14075965647395222
0
VERTEX
8
0
10
14.016528125
20
24.600246875
30
0
0
VERTEX
8
0
10
14.007165625
20
24.6010125
30
0
0
VERTEX
8
0
10
14.004150000000001
20
24.601515625
30
0
0
VERTEX
8
0
10
14.002606250000001
20
24.6013875
30
0
0
VERTEX
8
0
10
14
20
24.6016
30
0
0
VERTEX
8
0
10
2
20
24.6016
30
0
0
VERTEX
8
0
10
1.9936625000000001
20
24.600809375
30
0
42
0.1407252340376049
0
VERTEX
8
0
10
1.9408
20
24.582571875000003
30
0
0
VERTEX
8
0
10
1.933634375
20
24.576487500000002
30
0
0
VERTEX
8
0
10
1.931153125
20
24.574715625
30
0
0
VERTEX
8
0
10
1.93015
20
24.573531250000002
30
0
0
VERTEX
8
0
10
1.9281593750000001
20
24.571840625
30
0
0
VERTEX
8
0
10
1.1781593750000001
20
23.821840625
30
0
0
VERTEX
8
0
10
1.1742468750000001
20
23.8168125
30
0
42
0.14075965647395222
0
VERTEX
8
0
10
1.1497531250000002
20
23.766528125
30
0
0
VERTEX
8
0
10
1.1489875
20
23.757165625000003
30
0
0
VERTEX
8
0
10
1.148484375
20
23.754150000000003
30
0
0
VERTEX
8
0
10
1.1486125
20
23.75260625
30
0
0
VERTEX
8
0
10
1.1484
20
23.75
30
0
0
VERTEX
8
0
10
1.1484
20
14
30
0
0
VERTEX
8
0
10
1.1491906250000001
20
13.993662500000001
30
0
42
0.1407252340376049
0
VERTEX
8
0
10
1.167428125
20
13.940800000000001
30
0
0
VERTEX
8
0
10
1.1735125
20
13.933634375
30
0
0
VERTEX
8
0
10
1.1752843750000002
20
13.931153125
30
0
0
VERTEX
8
0
10
1.17646875
20
13.930150000000001
30
0
0
VERTEX
8
0
10
1.1781593750000001
20
13.928159375
30
0
0
VERTEX
8
0
10
8.428159375
20
6.678159375
30
0
0
VERTEX
8
0
10
8.4331875
20
6.674246875000001
30
0
42
0.14075965647395222
0
VERTEX
8
0
10
8.483471875000001
20
6.649753125
30
0
0
VERTEX
8
0
10
8.492834375000001
20
6.6489875000000005
30
0
0
VERTEX
8
0
10
8.49585
20
6.648484375000001
30
0
0
VERTEX
8
0
10
8.49739375
20
6.6486125000000005
30
0
0
VERTEX
8
0
10
8.5
20
6.6484000000000005
30
0
0
VERTEX
8
0
10
8.707918750000001
20
6.6484000000000005
30
0
0
VERTEX
8
0
10
8.73131875
20
6.625
30
0
0
VERTEX
8
0
10
8.405800000000001
20
6.625
30
0
0
VERTEX
8
0
10
8.405800000000001
20
6.025
30
0
0
VERTEX
8
0
10
9.6058
20
6.025
30
0
0
VERTEX
8
0
10
9.6058
20
6.3984000000000005
30
0
0
VERTEX
8
0
10
10.5
20
6.3984000000000005
30
0
0
VERTEX
8
0
10
10.5063375
20
6.399190625
30
0
42
0.1407252340376049
0
VERTEX
8
0
10
10.5592
20
6.417428125000001
30
0
0
VERTEX
8
0
10
10.566365625000001
20
6.4235125
30
0
0
VERTEX
8
0
10
10.568846875
20
6.425284375
30
0
0
VERTEX
8
0
10
10.56985
20
6.426468750000001
30
0
0
VERTEX
8
0
10
10.571840625
20
6.428159375
30
0
0
VERTEX
8
0
10
13.175915625
20
9.032234375
30
0
0
VERTEX
8
0
10
13.196140625
20
9.025662500000001
30
0
42
0.9999999999999999
0
VERTEX
8
0
10
13.303859375
20
9.4743375
30
0
0
VERTEX
8
0
10
13.2681
20
9.48
30
0
42
0.5095244921166611
0
VERTEX
8
0
10
13.025662500000001
20
9.196140625
30
0
0
VERTEX
8
0
10
13.032234375
20
9.175915625
30
0
0
VERTEX
8
0
10
10.457918750000001
20
6.6016
30
0
0
VERTEX
8
0
10
9.6058
20
6.6016
30
0
0
VERTEX
8
0
10
9.6058
20
6.625
30
0
0
VERTEX
8
0
10
9.01868125
20
6.625
30
0
0
VERTEX
8
0
10
8.821840625
20
6.821840625
30
0
0
VERTEX
8
0
10
8.816812500000001
20
6.825753125
30
0
42
0.14075965647395222
0
VERTEX
8
0
10
8.766528125
20
6.850246875000001
30
0
0
VERTEX
8
0
10
8.757165625
20
6.8510125
30
0
0
VERTEX
8
0
10
8.754150000000001
20
6.851515625
30
0
0
VERTEX
8
0
10
8.752606250000001
20
6.8513875
30
0
0
VERTEX
8
0
10
8.75
20
6.8516
30
0
0
VERTEX
8
0
10
8.54208125
20
6.8516
30
0
0
VERTEX
8
0
10
1.3516000000000001
20
14.04208125
30
0
0
VERTEX
8
0
10
1.3516000000000001
20
23.70791875
30
0
0
VERTEX
8
0
10
2.0420812500000003
20
24.398400000000002
30
0
0
VERTEX
8
0
10
13.957918750000001
20
24.398400000000002
30
0
0
VERTEX
8
0
10
14.30131875
20
24.055
30
0
0
VERTEX
8
0
10
13.4
20
24.055
30
0
0
VERTEX
8
0
10
13.4
20
22.785
30
0
0
VERTEX
8
0
10
16.6
20
22.785
30
0
0
VERTEX
8
0
10
16.6
20
24.055
30
0
0
VERTEX
8
0
10
15.69868125
20
24.055
30
0
0
VERTEX
8
0
10
16.292081250000003
20
24.648400000000002
30
0
0
VERTEX
8
0
10
46
20
24.648400000000002
30
0
0
SEQEND
0
POLYLINE
66
1
8
16_copper
10
0.0
20
0.0
30
0.0
70
1
0
VERTEX
8
0
10
47.1058
20
6.625
30
0
0
VERTEX
8
0
10
47.01868125
20
6.625
30
0
0
VERTEX
8
0
10
47.571840625
20
7.178159375000001
30
0
0
VERTEX
8
0
10
47.575753125000006
20
7.183187500000001
30
0
42
0.14075965647395222
0
VERTEX
8
0
10
47.600246875
20
7.233471875
30
0
0
VERTEX
8
0
10
47.6010125
20
7.242834375
30
0
0
VERTEX
8
0
10
47.601515625000005
20
7.245850000000001
30
0
0
VERTEX
8
0
10
47.6013875
20
7.2473937500000005
30
0
0
VERTEX
8
0
10
47.601600000000005
20
7.25
30
0
0
VERTEX
8
0
10
47.601600000000005
20
8
30
0
0
VERTEX
8
0
10
47.600809375000004
20
8.0063375
30
0
42
0.1407252340376049
0
VERTEX
8
0
10
47.582571875
20
8.0592
30
0
0
VERTEX
8
0
10
47.5764875
20
8.066365625
30
0
0
VERTEX
8
0
10
47.574715625
20
8.068846875
30
0
0
VERTEX
8
0
10
47.57353125
20
8.06985
30
0
0
VERTEX
8
0
10
47.571840625
20
8.071840625
30
0
0
VERTEX
8
0
10
47.321840625
20
8.321840625
30
0
0
VERTEX
8
0
10
47.316812500000005
20
8.325753125
30
0
42
0.14075965647395222
0
VERTEX
8
0
10
47.266528125
20
8.350246875
30
0
0
VERTEX
8
0
10
47.257165625
20
8.351012500000001
30
0
0
VERTEX
8
0
10
47.25415
20
8.351515625000001
30
0
0
VERTEX
8
0
10
47.25260625
20
8.3513875
30
0
0
VERTEX
8
0
10
47.25
20
8.351600000000001
30
0
0
VERTEX
8
0
10
42.95636875
20
8.351600000000001
30
0
0
VERTEX
8
0
10
42.946712500000004
20
8.370546875
30
0
42
0.9999999999999999
0
VERTEX
8
0
10
42.5532875
20
8.129453125
30
0
0
VERTEX
8
0
10
42.574565625000005
20
8.100165625
30
0
42
0.509524700761689
0
VERTEX
8
0
10
42.946712500000004
20
8.129453125
30
0
0
VERTEX
8
0
10
42.95636875
20
8.1484
30
0
0
VERTEX
8
0
10
47.207918750000005
20
8.1484
30
0
0
VERTEX
8
0
10
47.3984
20
7.95791875
30
0
0
VERTEX
8
0
10
47.3984
20
7.292081250000001
30
0
0
VERTEX
8
0
10
46.73131875
20
6.625
30
0
0
VERTEX
8
0
10
45.9058
20
6.625
30
0
0
VERTEX
8
0
10
45.9058
20
6.025
30
0
0
VERTEX
8
0
10
47.1058
20
6.025
30
0
0
SEQEND
0
POLYLINE
66
1
8
1_copper
10
0.0
20
0.0
30
0.0
70
1
0
VERTEX
8
0
10
33.553859375
20
47.7756625
30
0
42
0.6681758240280553
0
VERTEX
8
0
10
33.620546875
20
48.196712500000004
30
0
0
VERTEX
8
0
10
33.601600000000005
20
48.20636875
30
0
0
VERTEX
8
0
10
33.601600000000005
20
66.29363125
30
0
0
VERTEX
8
0
10
33.620546875
20
66.3032875
30
0
42
0.9999999999999999
0
VERTEX
8
0
10
33.379453125000005
20
66.6967125
30
0
0
VERTEX
8
0
10
33.350165625
20
66.67543437500001
30
0
42
0.509524700761689
0
VERTEX
8
0
10
33.379453125000005
20
66.3032875
30
0
0
VERTEX
8
0
10
33.3984
20
66.29363125
30
0
0
VERTEX
8
0
10
33.3984
20
48.20636875
30
0
0
VERTEX
8
0
10
33.379453125000005
20
48.196712500000004
30
0
42
0.7883320478279906
0
VERTEX
8
0
10
33.518100000000004
20
47.77
30
0
0
SEQEND
0
POLYLINE
66
1
8
1_copper
10
0.0
20
0.0
30
0.0
70
1
0
VERTEX
8
0
10
2.6038593750000003
20
14.675662500000001
30
0
42
0.9999999999999999
0
VERTEX
8
0
10
2.4961406250000002
20
15.124337500000001
30
0
0
VERTEX
8
0
10
2.4759156250000003
20
15.117765625
30
0
0
VERTEX
8
0
10
1.3516000000000001
20
16.242081250000002
30
0
0
VERTEX
8
0
10
1.3516000000000001
20
46.65791875
30
0
0
VERTEX
8
0
10
2.425915625
20
47.732234375000004
30
0
0
VERTEX
8
0
10
2.446140625
20
47.725662500000006
30
0
42
0.9999999999999999
0
VERTEX
8
0
10
2.553859375
20
48.1743375
30
0
0
VERTEX
8
0
10
2.5181
20
48.18
30
0
42
0.5095244921166611
0
VERTEX
8
0
10
2.2756625
20
47.896140625
30
0
0
VERTEX
8
0
10
2.2822343750000003
20
47.875915625000005
30
0
0
VERTEX
8
0
10
1.1781593750000001
20
46.771840625
30
0
0
VERTEX
8
0
10
1.1742468750000001
20
46.7668125
30
0
42
0.14075965647395222
0
VERTEX
8
0
10
1.1497531250000002
20
46.716528125
30
0
0
VERTEX
8
0
10
1.1489875
20
46.707165625
30
0
0
VERTEX
8
0
10
1.148484375
20
46.704150000000006
30
0
0
VERTEX
8
0
10
1.1486125
20
46.70260625
30
0
0
VERTEX
8
0
10
1.1484
20
46.7
30
0
0
VERTEX
8
0
10
1.1484
20
16.2
30
0
0
VERTEX
8
0
10
1.1491906250000001
20
16.193662500000002
30
0
42
0.1407252340376049
0
VERTEX
8
0
10
1.167428125
20
16.140800000000002
30
0
0
VERTEX
8
0
10
1.1735125
20
16.133634375
30
0
0
VERTEX
8
0
10
1.1752843750000002
20
16.131153125
30
0
0
VERTEX
8
0
10
1.17646875
20
16.13015
30
0
0
VERTEX
8
0
10
1.1781593750000001
20
16.128159375
30
0
0
VERTEX
8
0
10
2.332234375
20
14.974084375
30
0
0
VERTEX
8
0
10
2.3256625
20
14.953859375
30
0
42
0.5095244921166611
0
VERTEX
8
0
10
2.5681000000000003
20
14.67
30
0
0
SEQEND
0
POLYLINE
66
1
8
1_copper
10
0.0
20
0.0
30
0.0
70
1
0
VERTEX
8
0
10
12.803859375
20
28.775662500000003
30
0
42
0.4142135623730951
0
VERTEX
8
0
10
12.9743375
20
29.053859375000002
30
0
0
VERTEX
8
0
10
12.967765625
20
29.074084375
30
0
0
VERTEX
8
0
10
16.321840625
20
32.428159375
30
0
0
VERTEX
8
0
10
16.325753125000002
20
32.4331875
30
0
42
0.14075965647395222
0
VERTEX
8
0
10
16.350246875
20
32.483471875
30
0
0
VERTEX
8
0
10
16.3510125
20
32.492834375
30
0
0
VERTEX
8
0
10
16.351515625
20
32.495850000000004
30
0
0
VERTEX
8
0
10
16.3513875
20
32.49739375
30
0
0
VERTEX
8
0
10
16.3516
20
32.5
30
0
0
VERTEX
8
0
10
16.3516
20
40.5
30
0
0
VERTEX
8
0
10
16.350809375
20
40.5063375
30
0
42
0.1407252340376049
0
VERTEX
8
0
10
16.332571875
20
40.559200000000004
30
0
0
VERTEX
8
0
10
16.326487500000002
20
40.566365625
30
0
0
VERTEX
8
0
10
16.324715625
20
40.568846875
30
0
0
VERTEX
8
0
10
16.323531250000002
20
40.56985
30
0
0
VERTEX
8
0
10
16.321840625
20
40.571840625
30
0
0
VERTEX
8
0
10
15.851600000000001
20
41.04208125
30
0
0
VERTEX
8
0
10
15.851600000000001
20
46.043631250000004
30
0
0
VERTEX
8
0
10
15.870546875
20
46.0532875
30
0
42
0.9999999999999999
0
VERTEX
8
0
10
15.629453125000001
20
46.446712500000004
30
0
0
VERTEX
8
0
10
15.600165625
20
46.425434375
30
0
42
0.509524700761689
0
VERTEX
8
0
10
15.629453125000001
20
46.0532875
30
0
0
VERTEX
8
0
10
15.6484
20
46.043631250000004
30
0
0
VERTEX
8
0
10
15.6484
20
41
30
0
0
VERTEX
8
0
10
15.649190625000001
20
40.9936625
30
0
42
0.1407252340376049
0
VERTEX
8
0
10
15.667428125
20
40.9408
30
0
0
VERTEX
8
0
10
15.673512500000001
20
40.933634375000004
30
0
0
VERTEX
8
0
10
15.675284375
20
40.931153125
30
0
0
VERTEX
8
0
10
15.676468750000002
20
40.930150000000005
30
0
0
VERTEX
8
0
10
15.678159375
20
40.928159375
30
0
0
VERTEX
8
0
10
16.148400000000002
20
40.457918750000005
30
0
0
VERTEX
8
0
10
16.148400000000002
20
32.54208125
30
0
0
VERTEX
8
0
10
12.824084375
20
29.217765625000002
30
0
0
VERTEX
8
0
10
12.803859375
20
29.2243375
30
0
42
0.9999999999999999
0
VERTEX
8
0
10
12.696140625
20
28.775662500000003
30
0
0
VERTEX
8
0
10
12.731900000000001
20
28.770000000000003
30
0
0
VERTEX
8
0
10
12.7681
20
28.770000000000003
30
0
0
SEQEND
0
POLYLINE
66
1
8
1_copper
10
0.0
20
0.0
30
0.0
70
1
0
VERTEX
8
0
10
41.053859375
20
9.275662500000001
30
0
42
0.9999999999999999
0
VERTEX
8
0
10
40.946140625000005
20
9.7243375
30
0
0
VERTEX
8
0
10
40.925915625
20
9.717765625
30
0
0
VERTEX
8
0
10
39.101600000000005
20
11.54208125
30
0
0
VERTEX
8
0
10
39.101600000000005
20
12.75
30
0
0
VERTEX
8
0
10
39.100809375000004
20
12.7563375
30
0
42
0.1407252340376049
0
VERTEX
8
0
10
39.082571875
20
12.8092
30
0
0
VERTEX
8
0
10
39.0764875
20
12.816365625000001
30
0
0
VERTEX
8
0
10
39.074715625
20
12.818846875
30
0
0
VERTEX
8
0
10
39.07353125
20
12.81985
30
0
0
VERTEX
8
0
10
39.071840625
20
12.821840625
30
0
0
VERTEX
8
0
10
38.221840625
20
13.671840625000002
30
0
0
VERTEX
8
0
10
38.2168125
20
13.675753125
30
0
42
0.14075965647395222
0
VERTEX
8
0
10
38.166528125
20
13.700246875000001
30
0
0
VERTEX
8
0
10
38.157165625000005
20
13.701012500000001
30
0
0
VERTEX
8
0
10
38.15415
20
13.701515625
30
0
0
VERTEX
8
0
10
38.152606250000005
20
13.701387500000001
30
0
0
VERTEX
8
0
10
38.15
20
13.701600000000001
30
0
0
VERTEX
8
0
10
15.100000000000001
20
13.701600000000001
30
0
0
VERTEX
8
0
10
15.0936625
20
13.700809375
30
0
42
0.1407252340376049
0
VERTEX
8
0
10
15.0408
20
13.682571875
30
0
0
VERTEX
8
0
10
15.033634375
20
13.6764875
30
0
0
VERTEX
8
0
10
15.031153125000001
20
13.674715625000001
30
0
0
VERTEX
8
0
10
15.03015
20
13.67353125
30
0
0
VERTEX
8
0
10
15.028159375000001
20
13.671840625000002
30
0
0
VERTEX
8
0
10
12.574084375
20
11.217765625
30
0
0
VERTEX
8
0
10
12.553859375
20
11.2243375
30
0
42
0.9999999999999999
0
VERTEX
8
0
10
12.446140625
20
10.775662500000001
30
0
0
VERTEX
8
0
10
12.481900000000001
20
10.770000000000001
30
0
42
0.5095244921166611
0
VERTEX
8
0
10
12.7243375
20
11.053859375
30
0
0
VERTEX
8
0
10
12.717765625
20
11.074084375
30
0
0
VERTEX
8
0
10
15.14208125
20
13.4984
30
0
0
VERTEX
8
0
10
38.10791875
20
13.4984
30
0
0
VERTEX
8
0
10
38.8984
20
12.707918750000001
30
0
0
VERTEX
8
0
10
38.8984
20
11.5
30
0
0
VERTEX
8
0
10
38.899190625
20
11.493662500000001
30
0
42
0.1407252340376049
0
VERTEX
8
0
10
38.917428125
20
11.440800000000001
30
0
0
VERTEX
8
0
10
38.9235125
20
11.433634375
30
0
0
VERTEX
8
0
10
38.925284375000004
20
11.431153125
30
0
0
VERTEX
8
0
10
38.926468750000005
20
11.430150000000001
30
0
0
VERTEX
8
0
10
38.928159375
20
11.428159375
30
0
0
VERTEX
8
0
10
40.782234375
20
9.574084375
30
0
0
VERTEX
8
0
10
40.7756625
20
9.553859375
30
0
42
0.5095244921166611
0
VERTEX
8
0
10
41.018100000000004
20
9.27
30
0
0
SEQEND
0
POLYLINE
66
1
8
16_copper
10
0.0
20
0.0
30
0.0
70
1
0
VERTEX
8
0
10
47.1058
20
66.165
30
0
0
VERTEX
8
0
10
46.47868125
20
66.165
30
0
0
VERTEX
8
0
10
46.071840625
20
66.57184062500001
30
0
0
VERTEX
8
0
10
46.066812500000005
20
66.575753125
30
0
42
0.14075965647395222
0
VERTEX
8
0
10
46.016528125
20
66.600246875
30
0
0
VERTEX
8
0
10
46.007165625
20
66.60101250000001
30
0
0
VERTEX
8
0
10
46.00415
20
66.601515625
30
0
0
VERTEX
8
0
10
46.00260625
20
66.6013875
30
0
0
VERTEX
8
0
10
46
20
66.6016
30
0
0
VERTEX
8
0
10
33.70636875
20
66.6016
30
0
0
VERTEX
8
0
10
33.696712500000004
20
66.620546875
30
0
42
0.5600237529473715
0
VERTEX
8
0
10
33.3032875
20
66.620546875
30
0
0
VERTEX
8
0
10
33.293631250000004
20
66.6016
30
0
0
VERTEX
8
0
10
16.6
20
66.6016
30
0
0
VERTEX
8
0
10
16.6
20
67.135
30
0
0
VERTEX
8
0
10
13.4
20
67.135
30
0
0
VERTEX
8
0
10
13.4
20
65.86500000000001
30
0
0
VERTEX
8
0
10
16.6
20
65.86500000000001
30
0
0
VERTEX
8
0
10
16.6
20
66.39840000000001
30
0
0
VERTEX
8
0
10
33.293631250000004
20
66.39840000000001
30
0
0
VERTEX
8
0
10
33.3032875
20
66.379453125
30
0
42
0.5600237529473715
0
VERTEX
8
0
10
33.696712500000004
20
66.379453125
30
0
0
VERTEX
8
0
10
33.70636875
20
66.39840000000001
30
0
0
VERTEX
8
0
10
45.957918750000005
20
66.39840000000001
30
0
0
VERTEX
8
0
10
46.19131875
20
66.165
30
0
0
VERTEX
8
0
10
45.9058
20
66.165
30
0
0
VERTEX
8
0
10
45.9058
20
65.565
30
0
0
VERTEX
8
0
10
47.1058
20
65.565
30
0
0
SEQEND
0
POLYLINE
66
1
8
16_copper
10
0.0
20
0.0
30
0.0
70
1
0
VERTEX
8
0
10
46.19131875
20
47.165
30
0
0
VERTEX
8
0
10
45.9058
20
47.165
30
0
0
VERTEX
8
0
10
45.9058
20
46.565000000000005
30
0
0
VERTEX
8
0
10
47.1058
20
46.565000000000005
30
0
0
VERTEX
8
0
10
47.1058
20
47.165
30
0
0
VERTEX
8
0
10
46.47868125
20
47.165
30
0
0
VERTEX
8
0
10
46.071840625
20
47.571840625
30
0
0
VERTEX
8
0
10
46.066812500000005
20
47.575753125000006
30
0
42
0.14075965647395222
0
VERTEX
8
0
10
46.016528125
20
47.600246875
30
0
0
VERTEX
8
0
10
46.007165625
20
47.6010125
30
0
0
VERTEX
8
0
10
46.00415
20
47.601515625000005
30
0
0
VERTEX
8
0
10
46.00260625
20
47.6013875
30
0
0
VERTEX
8
0
10
46
20
47.601600000000005
30
0
0
VERTEX
8
0
10
33.601600000000005
20
47.601600000000005
30
0
0
VERTEX
8
0
10
33.601600000000005
20
47.793631250000004
30
0
0
VERTEX
8
0
10
33.620546875
20
47.8032875
30
0
42
0.9999999999999999
0
VERTEX
8
0
10
33.379453125000005
20
48.196712500000004
30
0
0
VERTEX
8
0
10
33.350165625
20
48.175434375
30
0
42
0.509524700761689
0
VERTEX
8
0
10
33.379453125000005
20
47.8032875
30
0
0
VERTEX
8
0
10
33.3984
20
47.793631250000004
30
0
0
VERTEX
8
0
10
33.3984
20
47.601600000000005
30
0
0
VERTEX
8
0
10
16.6
20
47.601600000000005
30
0
0
VERTEX
8
0
10
16.6
20
48.135000000000005
30
0
0
VERTEX
8
0
10
14.50868125
20
48.135000000000005
30
0
0
VERTEX
8
0
10
13.821840625
20
48.821840625
30
0
0
VERTEX
8
0
10
13.816812500000001
20
48.825753125000006
30
0
42
0.14075965647395222
0
VERTEX
8
0
10
13.766528125
20
48.850246875
30
0
0
VERTEX
8
0
10
13.757165625
20
48.8510125
30
0
0
VERTEX
8
0
10
13.754150000000001
20
48.851515625000005
30
0
0
VERTEX
8
0
10
13.752606250000001
20
48.8513875
30
0
0
VERTEX
8
0
10
13.75
20
48.851600000000005
30
0
0
VERTEX
8
0
10
3.3000000000000003
20
48.851600000000005
30
0
0
VERTEX
8
0
10
3.2936625
20
48.850809375000004
30
0
42
0.1407252340376049
0
VERTEX
8
0
10
3.2408
20
48.832571875
30
0
0
VERTEX
8
0
10
3.2336343750000003
20
48.8264875
30
0
0
VERTEX
8
0
10
3.231153125
20
48.824715625
30
0
0
VERTEX
8
0
10
3.23015
20
48.82353125
30
0
0
VERTEX
8
0
10
3.228159375
20
48.821840625
30
0
0
VERTEX
8
0
10
2.574084375
20
48.167765625
30
0
0
VERTEX
8
0
10
2.553859375
20
48.1743375
30
0
42
0.9999999999999999
0
VERTEX
8
0
10
2.446140625
20
47.725662500000006
30
0
0
VERTEX
8
0
10
2.4819
20
47.72
30
0
42
0.5095244921166611
0
VERTEX
8
0
10
2.7243375000000003
20
48.003859375000005
30
0
0
VERTEX
8
0
10
2.717765625
20
48.024084375
30
0
0
VERTEX
8
0
10
3.34208125
20
48.6484
30
0
0
VERTEX
8
0
10
13.707918750000001
20
48.6484
30
0
0
VERTEX
8
0
10
14.22131875
20
48.135000000000005
30
0
0
VERTEX
8
0
10
13.4
20
48.135000000000005
30
0
0
VERTEX
8
0
10
13.4
20
46.865
30
0
0
VERTEX
8
0
10
15.6484
20
46.865
30
0
0
VERTEX
8
0
10
15.6484
20
46.45636875
30
0
0
VERTEX
8
0
10
15.629453125000001
20
46.446712500000004
30
0
42
0.9999999999999999
0
VERTEX
8
0
10
15.870546875
20
46.0532875
30
0
0
VERTEX
8
0
10
15.899834375000001
20
46.074565625000005
30
0
42
0.509524700761689
0
VERTEX
8
0
10
15.870546875
20
46.446712500000004
30
0
0
VERTEX
8
0
10
15.851600000000001
20
46.45636875
30
0
0
VERTEX
8
0
10
15.851600000000001
20
46.865
30
0
0
VERTEX
8
0
10
16.6
20
46.865
30
0
0
VERTEX
8
0
10
16.6
20
47.3984
30
0
0
VERTEX
8
0
10
45.957918750000005
20
47.3984
30
0
0
SEQEND
0
POLYLINE
66
1
8
16_copper
10
0.0
20
0.0
30
0.0
70
1
0
VERTEX
8
0
10
47.1058
20
28.165000000000003
30
0
0
VERTEX
8
0
10
46.47868125
20
28.165000000000003
30
0
0
VERTEX
8
0
10
46.071840625
20
28.571840625
30
0
0
VERTEX
8
0
10
46.066812500000005
20
28.575753125000002
30
0
42
0.14075965647395222
0
VERTEX
8
0
10
46.016528125
20
28.600246875
30
0
0
VERTEX
8
0
10
46.007165625
20
28.601012500000003
30
0
0
VERTEX
8
0
10
46.00415
20
28.601515625
30
0
0
VERTEX
8
0
10
46.00260625
20
28.6013875
30
0
0
VERTEX
8
0
10
46
20
28.6016
30
0
0
VERTEX
8
0
10
16.6
20
28.6016
30
0
0
VERTEX
8
0
10
16.6
20
29.135
30
0
0
VERTEX
8
0
10
13.4
20
29.135
30
0
0
VERTEX
8
0
10
13.4
20
29.1016
30
0
0
VERTEX
8
0
10
12.956368750000001
20
29.1016
30
0
0
VERTEX
8
0
10
12.9467125
20
29.120546875000002
30
0
42
0.9999999999999999
0
VERTEX
8
0
10
12.553287500000001
20
28.879453125
30
0
0
VERTEX
8
0
10
12.574565625
20
28.850165625000002
30
0
42
0.509524700761689
0
VERTEX
8
0
10
12.9467125
20
28.879453125
30
0
0
VERTEX
8
0
10
12.956368750000001
20
28.898400000000002
30
0
0
VERTEX
8
0
10
13.4
20
28.898400000000002
30
0
0
VERTEX
8
0
10
13.4
20
27.865000000000002
30
0
0
VERTEX
8
0
10
16.6
20
27.865000000000002
30
0
0
VERTEX
8
0
10
16.6
20
28.398400000000002
30
0
0
VERTEX
8
0
10
45.957918750000005
20
28.398400000000002
30
0
0
VERTEX
8
0
10
46.19131875
20
28.165000000000003
30
0
0
VERTEX
8
0
10
45.9058
20
28.165000000000003
30
0
0
VERTEX
8
0
10
45.9058
20
27.565
30
0
0
VERTEX
8
0
10
47.1058
20
27.565
30
0
0
SEQEND
0
POLYLINE
66
1
8
16_copper
10
0.0
20
0.0
30
0.0
70
1
0
VERTEX
8
0
10
9.6058
20
9.165000000000001
30
0
0
VERTEX
8
0
10
8.978681250000001
20
9.165000000000001
30
0
0
VERTEX
8
0
10
8.571840625
20
9.571840625
30
0
0
VERTEX
8
0
10
8.566812500000001
20
9.575753125
30
0
42
0.14075965647395222
0
VERTEX
8
0
10
8.516528125
20
9.600246875
30
0
0
VERTEX
8
0
10
8.507165625
20
9.601012500000001
30
0
0
VERTEX
8
0
10
8.504150000000001
20
9.601515625000001
30
0
0
VERTEX
8
0
10
8.502606250000001
20
9.601387500000001
30
0
0
VERTEX
8
0
10
8.5
20
9.601600000000001
30
0
0
VERTEX
8
0
10
6.74208125
20
9.601600000000001
30
0
0
VERTEX
8
0
10
5.69528125
20
10.6484
30
0
0
VERTEX
8
0
10
12.25
20
10.6484
30
0
0
VERTEX
8
0
10
12.2563375
20
10.649190625000001
30
0
42
0.1407252340376049
0
VERTEX
8
0
10
12.3092
20
10.667428125
30
0
0
VERTEX
8
0
10
12.316365625000001
20
10.673512500000001
30
0
0
VERTEX
8
0
10
12.318846875
20
10.675284375
30
0
0
VERTEX
8
0
10
12.31985
20
10.67646875
30
0
0
VERTEX
8
0
10
12.321840625
20
10.678159375
30
0
0
VERTEX
8
0
10
12.425915625
20
10.782234375
30
0
0
VERTEX
8
0
10
12.446140625
20
10.775662500000001
30
0
42
0.9999999999999999
0
VERTEX
8
0
10
12.553859375
20
11.2243375
30
0
0
VERTEX
8
0
10
12.5181
20
11.23
30
0
42
0.5095244921166611
0
VERTEX
8
0
10
12.275662500000001
20
10.946140625
30
0
0
VERTEX
8
0
10
12.282234375
20
10.925915625
30
0
0
VERTEX
8
0
10
12.207918750000001
20
10.851600000000001
30
0
0
VERTEX
8
0
10
5.54208125
20
10.851600000000001
30
0
0
VERTEX
8
0
10
2.6516
20
13.74208125
30
0
0
VERTEX
8
0
10
2.6516
20
14.693631250000001
30
0
0
VERTEX
8
0
10
2.6705468750000003
20
14.7032875
30
0
42
0.9999999999999999
0
VERTEX
8
0
10
2.429453125
20
15.0967125
30
0
0
VERTEX
8
0
10
2.400165625
20
15.075434375
30
0
42
0.509524700761689
0
VERTEX
8
0
10
2.429453125
20
14.7032875
30
0
0
VERTEX
8
0
10
2.4484
20
14.693631250000001
30
0
0
VERTEX
8
0
10
2.4484
20
13.700000000000001
30
0
0
VERTEX
8
0
10
2.449190625
20
13.6936625
30
0
42
0.1407252340376049
0
VERTEX
8
0
10
2.467428125
20
13.6408
30
0
0
VERTEX
8
0
10
2.4735125
20
13.633634375000002
30
0
0
VERTEX
8
0
10
2.475284375
20
13.631153125
30
0
0
VERTEX
8
0
10
2.47646875
20
13.63015
30
0
0
VERTEX
8
0
10
2.478159375
20
13.628159375000001
30
0
0
VERTEX
8
0
10
5.3487687500000005
20
10.75755
30
0
0
VERTEX
8
0
10
5.349184375
20
10.747784375
30
0
0
VERTEX
8
0
10
5.349200000000001
20
10.73726875
30
0
42
0.12473477533889851
0
VERTEX
8
0
10
5.367428125
20
10.690800000000001
30
0
0
VERTEX
8
0
10
5.369125
20
10.688803125
30
0
0
VERTEX
8
0
10
5.369915625
20
10.687478125
30
0
0
VERTEX
8
0
10
5.37208125
20
10.68531875
30
0
0
VERTEX
8
0
10
5.378159375
20
10.678159375
30
0
0
VERTEX
8
0
10
6.628159375
20
9.428159375
30
0
0
VERTEX
8
0
10
6.6331875
20
9.424246875
30
0
42
0.14075965647395222
0
VERTEX
8
0
10
6.683471875
20
9.399753125
30
0
0
VERTEX
8
0
10
6.692834375
20
9.3989875
30
0
0
VERTEX
8
0
10
6.69585
20
9.398484375
30
0
0
VERTEX
8
0
10
6.697393750000001
20
9.3986125
30
0
0
VERTEX
8
0
10
6.7
20
9.3984
30
0
0
VERTEX
8
0
10
8.457918750000001
20
9.3984
30
0
0
VERTEX
8
0
10
8.69131875
20
9.165000000000001
30
0
0
VERTEX
8
0
10
8.405800000000001
20
9.165000000000001
30
0
0
VERTEX
8
0
10
8.405800000000001
20
8.565000000000001
30
0
0
VERTEX
8
0
10
9.6058
20
8.565000000000001
30
0
0
SEQEND
0
POLYLINE
66
1
8
16_copper
10
0.0
20
0.0
30
0.0
70
1
0
VERTEX
8
0
10
47.1058
20
9.165000000000001
30
0
0
VERTEX
8
0
10
46.47868125
20
9.165000000000001
30
0
0
VERTEX
8
0
10
46.071840625
20
9.571840625
30
0
0
VERTEX
8
0
10
46.066812500000005
20
9.575753125
30
0
42
0.14075965647395222
0
VERTEX
8
0
10
46.016528125
20
9.600246875
30
0
0
VERTEX
8
0
10
46.007165625
20
9.601012500000001
30
0
0
VERTEX
8
0
10
46.00415
20
9.601515625000001
30
0
0
VERTEX
8
0
10
46.00260625
20
9.601387500000001
30
0
0
VERTEX
8
0
10
46
20
9.601600000000001
30
0
0
VERTEX
8
0
10
41.20636875
20
9.601600000000001
30
0
0
VERTEX
8
0
10
41.196712500000004
20
9.620546875
30
0
42
0.9999999999999999
0
VERTEX
8
0
10
40.8032875
20
9.379453125000001
30
0
0
VERTEX
8
0
10
40.824565625000005
20
9.350165625
30
0
42
0.509524700761689
0
VERTEX
8
0
10
41.196712500000004
20
9.379453125000001
30
0
0
VERTEX
8
0
10
41.20636875
20
9.3984
30
0
0
VERTEX
8
0
10
45.957918750000005
20
9.3984
30
0
0
VERTEX
8
0
10
46.19131875
20
9.165000000000001
30
0
0
VERTEX
8
0
10
45.9058
20
9.165000000000001
30
0
0
VERTEX
8
0
10
45.9058
20
8.565000000000001
30
0
0
VERTEX
8
0
10
47.1058
20
8.565000000000001
30
0
0
SEQEND
0
POLYLINE
66
1
8
1_copper
10
0.0
20
0.0
30
0.0
70
1
0
VERTEX
8
0
10
25.120546875000002
20
67.0532875
30
0
42
0.9999999999999999
0
VERTEX
8
0
10
24.879453125
20
67.4467125
30
0
0
VERTEX
8
0
10
24.850165625000002
20
67.42543437500001
30
0
42
0.509524700761689
0
VERTEX
8
0
10
24.879453125
20
67.0532875
30
0
0
VERTEX
8
0
10
24.898400000000002
20
67.04363125
30
0
0
VERTEX
8
0
10
24.898400000000002
20
61.851600000000005
30
0
0
VERTEX
8
0
10
21
20
61.851600000000005
30
0
0
VERTEX
8
0
10
20.991603125
20
61.850553125000005
30
0
0
VERTEX
8
0
10
20.983162500000002
20
61.85019375
30
0
42
0.3205751741838904
0
VERTEX
8
0
10
20.899753125
20
61.766528125
30
0
0
VERTEX
8
0
10
20.8993
20
61.760978125
30
0
42
0.013451900187748484
0
VERTEX
8
0
10
20.898853125000002
20
61.755546875
30
0
0
VERTEX
8
0
10
20.898400000000002
20
61.75
30
0
0
VERTEX
8
0
10
20.898400000000002
20
34.29208125
30
0
0
VERTEX
8
0
10
20.824084375
20
34.217765625
30
0
0
VERTEX
8
0
10
20.803859375000002
20
34.224337500000004
30
0
42
0.9999999999999999
0
VERTEX
8
0
10
20.696140625
20
33.7756625
30
0
0
VERTEX
8
0
10
20.7319
20
33.77
30
0
42
0.5095244921166611
0
VERTEX
8
0
10
20.9743375
20
34.053859375
30
0
0
VERTEX
8
0
10
20.967765625000002
20
34.074084375
30
0
0
VERTEX
8
0
10
21.071840625
20
34.178159375
30
0
0
VERTEX
8
0
10
21.075753125000002
20
34.1831875
30
0
42
0.14075965647395222
0
VERTEX
8
0
10
21.100246875
20
34.233471875
30
0
0
VERTEX
8
0
10
21.1010125
20
34.242834375
30
0
0
VERTEX
8
0
10
21.101515625
20
34.245850000000004
30
0
0
VERTEX
8
0
10
21.1013875
20
34.24739375
30
0
0
VERTEX
8
0
10
21.1016
20
34.25
30
0
0
VERTEX
8
0
10
21.1016
20
61.6484
30
0
0
VERTEX
8
0
10
24.898400000000002
20
61.6484
30
0
0
VERTEX
8
0
10
24.898400000000002
20
48.95636875
30
0
0
VERTEX
8
0
10
24.879453125
20
48.946712500000004
30
0
42
0.9999999999999999
0
VERTEX
8
0
10
25.120546875000002
20
48.5532875
30
0
0
VERTEX
8
0
10
25.149834375
20
48.574565625000005
30
0
42
0.509524700761689
0
VERTEX
8
0
10
25.120546875000002
20
48.946712500000004
30
0
0
VERTEX
8
0
10
25.1016
20
48.95636875
30
0
0
VERTEX
8
0
10
25.1016
20
67.04363125
30
0
0
SEQEND
0
POLYLINE
66
1
8
1_copper
10
0.0
20
0.0
30
0.0
70
1
0
VERTEX
8
0
10
47.553859375
20
27.025662500000003
30
0
42
0.9999999999999999
0
VERTEX
8
0
10
47.446140625000005
20
27.4743375
30
0
0
VERTEX
8
0
10
47.411709375
20
27.463150000000002
30
0
42
0.854076345154308
0
VERTEX
8
0
10
47.518100000000004
20
27.02
30
0
0
SEQEND
0
POLYLINE
66
1
8
1_copper
10
0.0
20
0.0
30
0.0
70
1
0
VERTEX
8
0
10
44.703859375
20
11.775662500000001
30
0
42
0.9999999999999999
0
VERTEX
8
0
10
44.596140625000004
20
12.2243375
30
0
0
VERTEX
8
0
10
44.561709375
20
12.21315
30
0
42
0.854076345154308
0
VERTEX
8
0
10
44.6681
20
11.770000000000001
30
0
0
SEQEND
0
POLYLINE
66
1
8
16_copper
10
0.0
20
0.0
30
0.0
70
1
0
VERTEX
8
0
10
47.1058
20
67.435
30
0
0
VERTEX
8
0
10
45.9058
20
67.435
30
0
0
VERTEX
8
0
10
45.9058
20
67.3516
30
0
0
VERTEX
8
0
10
25.206368750000003
20
67.3516
30
0
0
VERTEX
8
0
10
25.1967125
20
67.370546875
30
0
42
0.5600237529473715
0
VERTEX
8
0
10
24.8032875
20
67.370546875
30
0
0
VERTEX
8
0
10
24.79363125
20
67.3516
30
0
0
VERTEX
8
0
10
17.042081250000003
20
67.3516
30
0
0
VERTEX
8
0
10
15.98868125
20
68.405
30
0
0
VERTEX
8
0
10
16.6
20
68.405
30
0
0
VERTEX
8
0
10
16.6
20
69.675
30
0
0
VERTEX
8
0
10
13.4
20
69.675
30
0
0
VERTEX
8
0
10
13.4
20
68.405
30
0
0
VERTEX
8
0
10
15.70131875
20
68.405
30
0
0
VERTEX
8
0
10
16.928159375
20
67.178159375
30
0
0
VERTEX
8
0
10
16.933187500000003
20
67.17424687500001
30
0
42
0.14075965647395222
0
VERTEX
8
0
10
16.983471875
20
67.149753125
30
0
0
VERTEX
8
0
10
16.992834375
20
67.1489875
30
0
0
VERTEX
8
0
10
16.99585
20
67.14848437500001
30
0
0
VERTEX
8
0
10
16.99739375
20
67.1486125
30
0
0
VERTEX
8
0
10
17
20
67.14840000000001
30
0
0
VERTEX
8
0
10
24.79363125
20
67.14840000000001
30
0
0
VERTEX
8
0
10
24.8032875
20
67.129453125
30
0
42
0.5600237529473715
0
VERTEX
8
0
10
25.1967125
20
67.129453125
30
0
0
VERTEX
8
0
10
25.206368750000003
20
67.14840000000001
30
0
0
VERTEX
8
0
10
45.9058
20
67.14840000000001
30
0
0
VERTEX
8
0
10
45.9058
20
66.83500000000001
30
0
0
VERTEX
8
0
10
47.1058
20
66.83500000000001
30
0
0
SEQEND
0
POLYLINE
66
1
8
16_copper
10
0.0
20
0.0
30
0.0
70
1
0
VERTEX
8
0
10
47.1058
20
48.435
30
0
0
VERTEX
8
0
10
46.458681250000005
20
48.435
30
0
0
VERTEX
8
0
10
46.071840625
20
48.821840625
30
0
0
VERTEX
8
0
10
46.066812500000005
20
48.825753125000006
30
0
42
0.14075965647395222
0
VERTEX
8
0
10
46.016528125
20
48.850246875
30
0
0
VERTEX
8
0
10
46.007165625
20
48.8510125
30
0
0
VERTEX
8
0
10
46.00415
20
48.851515625000005
30
0
0
VERTEX
8
0
10
46.00260625
20
48.8513875
30
0
0
VERTEX
8
0
10
46
20
48.851600000000005
30
0
0
VERTEX
8
0
10
25.206368750000003
20
48.851600000000005
30
0
0
VERTEX
8
0
10
25.1967125
20
48.870546875
30
0
42
0.5600237529473715
0
VERTEX
8
0
10
24.8032875
20
48.870546875
30
0
0
VERTEX
8
0
10
24.79363125
20
48.851600000000005
30
0
0
VERTEX
8
0
10
16.292081250000003
20
48.851600000000005
30
0
0
VERTEX
8
0
10
15.73868125
20
49.405
30
0
0
VERTEX
8
0
10
16.6
20
49.405
30
0
0
VERTEX
8
0
10
16.6
20
50.675000000000004
30
0
0
VERTEX
8
0
10
13.4
20
50.675000000000004
30
0
0
VERTEX
8
0
10
13.4
20
49.405
30
0
0
VERTEX
8
0
10
15.45131875
20
49.405
30
0
0
VERTEX
8
0
10
16.178159375
20
48.678159375
30
0
0
VERTEX
8
0
10
16.183187500000003
20
48.674246875
30
0
42
0.14075965647395222
0
VERTEX
8
0
10
16.233471875
20
48.649753125000004
30
0
0
VERTEX
8
0
10
16.242834375
20
48.648987500000004
30
0
0
VERTEX
8
0
10
16.24585
20
48.648484375
30
0
0
VERTEX
8
0
10
16.24739375
20
48.648612500000006
30
0
0
VERTEX
8
0
10
16.25
20
48.6484
30
0
0
VERTEX
8
0
10
24.79363125
20
48.6484
30
0
0
VERTEX
8
0
10
24.8032875
20
48.629453125000005
30
0
42
0.5600237529473715
0
VERTEX
8
0
10
25.1967125
20
48.629453125000005
30
0
0
VERTEX
8
0
10
25.206368750000003
20
48.6484
30
0
0
VERTEX
8
0
10
45.957918750000005
20
48.6484
30
0
0
VERTEX
8
0
10
46.171318750000005
20
48.435
30
0
0
VERTEX
8
0
10
45.9058
20
48.435
30
0
0
VERTEX
8
0
10
45.9058
20
47.835
30
0
0
VERTEX
8
0
10
47.1058
20
47.835
30
0
0
SEQEND
0
POLYLINE
66
1
8
16_copper
10
0.0
20
0.0
30
0.0
70
1
0
VERTEX
8
0
10
46.171318750000005
20
29.435000000000002
30
0
0
VERTEX
8
0
10
45.9058
20
29.435000000000002
30
0
0
VERTEX
8
0
10
45.9058
20
28.835
30
0
0
VERTEX
8
0
10
47.1058
20
28.835
30
0
0
VERTEX
8
0
10
47.1058
20
28.898400000000002
30
0
0
VERTEX
8
0
10
47.3984
20
28.898400000000002
30
0
0
VERTEX
8
0
10
47.3984
20
27.456368750000003
30
0
0
VERTEX
8
0
10
47.379453125000005
20
27.4467125
30
0
42
0.9999999999999999
0
VERTEX
8
0
10
47.620546875
20
27.0532875
30
0
0
VERTEX
8
0
10
47.649834375000005
20
27.074565625
30
0
42
0.509524700761689
0
VERTEX
8
0
10
47.620546875
20
27.4467125
30
0
0
VERTEX
8
0
10
47.601600000000005
20
27.456368750000003
30
0
0
VERTEX
8
0
10
47.601600000000005
20
29
30
0
0
VERTEX
8
0
10
47.600553125000005
20
29.008396875000003
30
0
0
VERTEX
8
0
10
47.60019375
20
29.0168375
30
0
42
0.3205751741838904
0
VERTEX
8
0
10
47.516528125
20
29.100246875
30
0
0
VERTEX
8
0
10
47.510978125
20
29.1007
30
0
42
0.013451900187748484
0
VERTEX
8
0
10
47.505546875
20
29.101146875
30
0
0
VERTEX
8
0
10
47.5
20
29.1016
30
0
0
VERTEX
8
0
10
47.1058
20
29.1016
30
0
0
VERTEX
8
0
10
47.1058
20
29.435000000000002
30
0
0
VERTEX
8
0
10
46.458681250000005
20
29.435000000000002
30
0
0
VERTEX
8
0
10
46.071840625
20
29.821840625
30
0
0
VERTEX
8
0
10
46.066812500000005
20
29.825753125000002
30
0
42
0.14075965647395222
0
VERTEX
8
0
10
46.016528125
20
29.850246875
30
0
0
VERTEX
8
0
10
46.007165625
20
29.851012500000003
30
0
0
VERTEX
8
0
10
46.00415
20
29.851515625
30
0
0
VERTEX
8
0
10
46.00260625
20
29.8513875
30
0
0
VERTEX
8
0
10
46
20
29.8516
30
0
0
VERTEX
8
0
10
18.24528125
20
29.8516
30
0
0
VERTEX
8
0
10
20.821840625
20
32.428159375
30
0
0
VERTEX
8
0
10
20.825753125000002
20
32.4331875
30
0
42
0.14075965647395222
0
VERTEX
8
0
10
20.850246875
20
32.483471875
30
0
0
VERTEX
8
0
10
20.8510125
20
32.492834375
30
0
0
VERTEX
8
0
10
20.851515625
20
32.495850000000004
30
0
0
VERTEX
8
0
10
20.8513875
20
32.49739375
30
0
0
VERTEX
8
0
10
20.8516
20
32.5
30
0
0
VERTEX
8
0
10
20.8516
20
33.793631250000004
30
0
0
VERTEX
8
0
10
20.870546875000002
20
33.8032875
30
0
42
0.9999999999999999
0
VERTEX
8
0
10
20.629453125
20
34.196712500000004
30
0
0
VERTEX
8
0
10
20.600165625000002
20
34.175434375
30
0
42
0.509524700761689
0
VERTEX
8
0
10
20.629453125
20
33.8032875
30
0
0
VERTEX
8
0
10
20.648400000000002
20
33.793631250000004
30
0
0
VERTEX
8
0
10
20.648400000000002
20
32.54208125
30
0
0
VERTEX
8
0
10
17.95791875
20
29.8516
30
0
0
VERTEX
8
0
10
13.995281250000001
20
29.8516
30
0
0
VERTEX
8
0
10
14.548681250000001
20
30.405
30
0
0
VERTEX
8
0
10
16.6
20
30.405
30
0
0
VERTEX
8
0
10
16.6
20
31.675
30
0
0
VERTEX
8
0
10
13.4
20
31.675
30
0
0
VERTEX
8
0
10
13.4
20
30.405
30
0
0
VERTEX
8
0
10
14.261318750000001
20
30.405
30
0
0
VERTEX
8
0
10
13.707918750000001
20
29.8516
30
0
0
VERTEX
8
0
10
8.25
20
29.8516
30
0
0
VERTEX
8
0
10
8.243662500000001
20
29.850809375
30
0
42
0.1407252340376049
0
VERTEX
8
0
10
8.190800000000001
20
29.832571875000003
30
0
0
VERTEX
8
0
10
8.183634375
20
29.826487500000002
30
0
0
VERTEX
8
0
10
8.181153125
20
29.824715625000003
30
0
0
VERTEX
8
0
10
8.180150000000001
20
29.823531250000002
30
0
0
VERTEX
8
0
10
8.178159375
20
29.821840625
30
0
0
VERTEX
8
0
10
5.70791875
20
27.3516
30
0
0
VERTEX
8
0
10
2
20
27.3516
30
0
0
VERTEX
8
0
10
1.9936625000000001
20
27.350809375
30
0
42
0.1407252340376049
0
VERTEX
8
0
10
1.9408
20
27.332571875000003
30
0
0
VERTEX
8
0
10
1.933634375
20
27.326487500000002
30
0
0
VERTEX
8
0
10
1.931153125
20
27.324715625
30
0
0
VERTEX
8
0
10
1.93015
20
27.323531250000002
30
0
0
VERTEX
8
0
10
1.9281593750000001
20
27.321840625
30
0
0
VERTEX
8
0
10
0.678159375
20
26.071840625
30
0
0
VERTEX
8
0
10
0.674246875
20
26.0668125
30
0
42
0.14075965647395222
0
VERTEX
8
0
10
0.649753125
20
26.016528125
30
0
0
VERTEX
8
0
10
0.6489875
20
26.007165625000003
30
0
0
VERTEX
8
0
10
0.648484375
20
26.004150000000003
30
0
0
VERTEX
8
0
10
0.6486125
20
26.00260625
30
0
0
VERTEX
8
0
10
0.6484
20
26
30
0
0
VERTEX
8
0
10
0.6484
20
9
30
0
0
VERTEX
8
0
10
0.649190625
20
8.993662500000001
30
0
42
0.1407252340376049
0
VERTEX
8
0
10
0.667428125
20
8.940800000000001
30
0
0
VERTEX
8
0
10
0.6735125000000001
20
8.933634375
30
0
0
VERTEX
8
0
10
0.675284375
20
8.931153125
30
0
0
VERTEX
8
0
10
0.6764687500000001
20
8.930150000000001
30
0
0
VERTEX
8
0
10
0.678159375
20
8.928159375
30
0
0
VERTEX
8
0
10
5.428159375
20
4.178159375
30
0
0
VERTEX
8
0
10
5.4331875
20
4.174246875000001
30
0
42
0.14075965647395222
0
VERTEX
8
0
10
5.483471875
20
4.149753125
30
0
0
VERTEX
8
0
10
5.492834375
20
4.1489875000000005
30
0
0
VERTEX
8
0
10
5.49585
20
4.148484375
30
0
0
VERTEX
8
0
10
5.4973937500000005
20
4.1486125000000005
30
0
0
VERTEX
8
0
10
5.5
20
4.1484000000000005
30
0
0
VERTEX
8
0
10
9.75
20
4.1484000000000005
30
0
0
VERTEX
8
0
10
9.7563375
20
4.149190625
30
0
42
0.1407252340376049
0
VERTEX
8
0
10
9.8092
20
4.167428125
30
0
0
VERTEX
8
0
10
9.816365625000001
20
4.1735125
30
0
0
VERTEX
8
0
10
9.818846875
20
4.175284375
30
0
0
VERTEX
8
0
10
9.81985
20
4.176468750000001
30
0
0
VERTEX
8
0
10
9.821840625
20
4.178159375
30
0
0
VERTEX
8
0
10
10.29208125
20
4.6484000000000005
30
0
0
VERTEX
8
0
10
14
20
4.6484000000000005
30
0
0
VERTEX
8
0
10
14.008396875
20
4.649446875000001
30
0
0
VERTEX
8
0
10
14.016837500000001
20
4.64980625
30
0
42
0.3205751741838904
0
VERTEX
8
0
10
14.100246875
20
4.733471875
30
0
0
VERTEX
8
0
10
14.1007
20
4.739021875000001
30
0
42
0.013451900187748484
0
VERTEX
8
0
10
14.101146875000001
20
4.744453125000001
30
0
0
VERTEX
8
0
10
14.101600000000001
20
4.75
30
0
0
VERTEX
8
0
10
14.101600000000001
20
9.75
30
0
0
VERTEX
8
0
10
14.100809375
20
9.7563375
30
0
42
0.1407252340376049
0
VERTEX
8
0
10
14.082571875000001
20
9.8092
30
0
0
VERTEX
8
0
10
14.0764875
20
9.816365625000001
30
0
0
VERTEX
8
0
10
14.074715625000001
20
9.818846875
30
0
0
VERTEX
8
0
10
14.07353125
20
9.81985
30
0
0
VERTEX
8
0
10
14.071840625
20
9.821840625
30
0
0
VERTEX
8
0
10
13.571840625
20
10.321840625
30
0
0
VERTEX
8
0
10
13.566812500000001
20
10.325753125
30
0
42
0.14075965647395222
0
VERTEX
8
0
10
13.516528125
20
10.350246875
30
0
0
VERTEX
8
0
10
13.507165625
20
10.351012500000001
30
0
0
VERTEX
8
0
10
13.504150000000001
20
10.351515625000001
30
0
0
VERTEX
8
0
10
13.502606250000001
20
10.351387500000001
30
0
0
VERTEX
8
0
10
13.5
20
10.351600000000001
30
0
0
VERTEX
8
0
10
9.6058
20
10.351600000000001
30
0
0
VERTEX
8
0
10
9.6058
20
10.435
30
0
0
VERTEX
8
0
10
8.405800000000001
20
10.435
30
0
0
VERTEX
8
0
10
8.405800000000001
20
9.835
30
0
0
VERTEX
8
0
10
9.6058
20
9.835
30
0
0
VERTEX
8
0
10
9.6058
20
10.1484
30
0
0
VERTEX
8
0
10
13.457918750000001
20
10.1484
30
0
0
VERTEX
8
0
10
13.8984
20
9.707918750000001
30
0
0
VERTEX
8
0
10
13.8984
20
4.8516
30
0
0
VERTEX
8
0
10
10.25
20
4.8516
30
0
0
VERTEX
8
0
10
10.243662500000001
20
4.850809375
30
0
42
0.1407252340376049
0
VERTEX
8
0
10
10.190800000000001
20
4.832571875
30
0
0
VERTEX
8
0
10
10.183634375
20
4.8264875
30
0
0
VERTEX
8
0
10
10.181153125
20
4.8247156250000005
30
0
0
VERTEX
8
0
10
10.180150000000001
20
4.82353125
30
0
0
VERTEX
8
0
10
10.178159375
20
4.821840625
30
0
0
VERTEX
8
0
10
9.707918750000001
20
4.3516
30
0
0
VERTEX
8
0
10
5.54208125
20
4.3516
30
0
0
VERTEX
8
0
10
0.8516
20
9.04208125
30
0
0
VERTEX
8
0
10
0.8516
20
25.95791875
30
0
0
VERTEX
8
0
10
2.0420812500000003
20
27.148400000000002
30
0
0
VERTEX
8
0
10
5.75
20
27.148400000000002
30
0
0
VERTEX
8
0
10
5.7563375
20
27.149190625000003
30
0
42
0.1407252340376049
0
VERTEX
8
0
10
5.809200000000001
20
27.167428125
30
0
0
VERTEX
8
0
10
5.816365625
20
27.1735125
30
0
0
VERTEX
8
0
10
5.818846875
20
27.175284375
30
0
0
VERTEX
8
0
10
5.819850000000001
20
27.17646875
30
0
0
VERTEX
8
0
10
5.821840625
20
27.178159375
30
0
0
VERTEX
8
0
10
8.29208125
20
29.648400000000002
30
0
0
VERTEX
8
0
10
45.957918750000005
20
29.648400000000002
30
0
0
SEQEND
0
POLYLINE
66
1
8
16_copper
10
0.0
20
0.0
30
0.0
70
1
0
VERTEX
8
0
10
47.1058
20
10.435
30
0
0
VERTEX
8
0
10
45.9058
20
10.435
30
0
0
VERTEX
8
0
10
45.9058
20
10.236600000000001
30
0
0
VERTEX
8
0
10
45.25708125
20
10.236600000000001
30
0
0
VERTEX
8
0
10
44.7516
20
10.74208125
30
0
0
VERTEX
8
0
10
44.7516
20
11.79363125
30
0
0
VERTEX
8
0
10
44.770546875
20
11.8032875
30
0
42
0.9999999999999999
0
VERTEX
8
0
10
44.529453125
20
12.1967125
30
0
0
VERTEX
8
0
10
44.500165625
20
12.175434375
30
0
42
0.509524700761689
0
VERTEX
8
0
10
44.529453125
20
11.8032875
30
0
0
VERTEX
8
0
10
44.5484
20
11.79363125
30
0
0
VERTEX
8
0
10
44.5484
20
10.700000000000001
30
0
0
VERTEX
8
0
10
44.549190625
20
10.6936625
30
0
42
0.1407252340376049
0
VERTEX
8
0
10
44.567428125
20
10.6408
30
0
0
VERTEX
8
0
10
44.5735125
20
10.633634375
30
0
0
VERTEX
8
0
10
44.575284375
20
10.631153125
30
0
0
VERTEX
8
0
10
44.576468750000004
20
10.63015
30
0
0
VERTEX
8
0
10
44.578159375000006
20
10.628159375000001
30
0
0
VERTEX
8
0
10
45.143159375
20
10.063159375
30
0
0
VERTEX
8
0
10
45.1481875
20
10.059246875000001
30
0
42
0.14075965647395222
0
VERTEX
8
0
10
45.198471875
20
10.034753125
30
0
0
VERTEX
8
0
10
45.207834375000004
20
10.0339875
30
0
0
VERTEX
8
0
10
45.21085
20
10.033484375
30
0
0
VERTEX
8
0
10
45.212393750000004
20
10.0336125
30
0
0
VERTEX
8
0
10
45.215
20
10.0334
30
0
0
VERTEX
8
0
10
45.9058
20
10.0334
30
0
0
VERTEX
8
0
10
45.9058
20
9.835
30
0
0
VERTEX
8
0
10
47.1058
20
9.835
30
0
0
SEQEND
0
POLYLINE
66
1
8
1_copper
10
0.0
20
0.0
30
0.0
70
1
0
VERTEX
8
0
10
3.370546875
20
41.3032875
30
0
42
0.506128929775846
0
VERTEX
8
0
10
3.4016
20
41.673668750000004
30
0
0
VERTEX
8
0
10
3.4016
20
60.143631250000006
30
0
0
VERTEX
8
0
10
3.4205468750000003
20
60.153287500000005
30
0
42
0.9999999999999999
0
VERTEX
8
0
10
3.179453125
20
60.546712500000005
30
0
0
VERTEX
8
0
10
3.150165625
20
60.525434375
30
0
42
0.509524700761689
0
VERTEX
8
0
10
3.179453125
20
60.153287500000005
30
0
0
VERTEX
8
0
10
3.1984000000000004
20
60.143631250000006
30
0
0
VERTEX
8
0
10
3.1984000000000004
20
41.72469375
30
0
0
VERTEX
8
0
10
3.196140625
20
41.724337500000004
30
0
42
0.6681758240280553
0
VERTEX
8
0
10
3.129453125
20
41.3032875
30
0
0
VERTEX
8
0
10
3.1484
20
41.293631250000004
30
0
0
VERTEX
8
0
10
3.1484
20
21.99528125
30
0
0
VERTEX
8
0
10
2.967765625
20
22.175915625000002
30
0
0
VERTEX
8
0
10
2.9743375000000003
20
22.196140625
30
0
42
0.9999999999999999
0
VERTEX
8
0
10
2.5256625
20
22.303859375000002
30
0
0
VERTEX
8
0
10
2.52
20
22.2681
30
0
42
0.5095244921166611
0
VERTEX
8
0
10
2.803859375
20
22.025662500000003
30
0
0
VERTEX
8
0
10
2.824084375
20
22.032234375
30
0
0
VERTEX
8
0
10
3.1484
20
21.70791875
30
0
0
VERTEX
8
0
10
3.1484
20
13.5
30
0
0
VERTEX
8
0
10
3.149190625
20
13.493662500000001
30
0
42
0.1407252340376049
0
VERTEX
8
0
10
3.1674281250000003
20
13.440800000000001
30
0
0
VERTEX
8
0
10
3.1735125
20
13.433634375
30
0
0
VERTEX
8
0
10
3.175284375
20
13.431153125
30
0
0
VERTEX
8
0
10
3.17646875
20
13.430150000000001
30
0
0
VERTEX
8
0
10
3.1781593750000003
20
13.428159375
30
0
0
VERTEX
8
0
10
4.8984000000000005
20
11.707918750000001
30
0
0
VERTEX
8
0
10
4.8984000000000005
20
9.25
30
0
0
VERTEX
8
0
10
4.899190625
20
9.243662500000001
30
0
42
0.1407252340376049
0
VERTEX
8
0
10
4.917428125
20
9.190800000000001
30
0
0
VERTEX
8
0
10
4.9235125
20
9.183634375
30
0
0
VERTEX
8
0
10
4.925284375
20
9.181153125
30
0
0
VERTEX
8
0
10
4.926468750000001
20
9.180150000000001
30
0
0
VERTEX
8
0
10
4.928159375
20
9.178159375
30
0
0
VERTEX
8
0
10
7.532234375000001
20
6.574084375
30
0
0
VERTEX
8
0
10
7.5256625
20
6.553859375
30
0
42
0.9999999999999999
0
VERTEX
8
0
10
7.974337500000001
20
6.446140625
30
0
0
VERTEX
8
0
10
7.98
20
6.4819
30
0
42
0.5095244921166611
0
VERTEX
8
0
10
7.696140625
20
6.724337500000001
30
0
0
VERTEX
8
0
10
7.675915625
20
6.717765625
30
0
0
VERTEX
8
0
10
5.1016
20
9.29208125
30
0
0
VERTEX
8
0
10
5.1016
20
11.75
30
0
0
VERTEX
8
0
10
5.100809375
20
11.7563375
30
0
42
0.1407252340376049
0
VERTEX
8
0
10
5.082571875
20
11.8092
30
0
0
VERTEX
8
0
10
5.0764875
20
11.816365625000001
30
0
0
VERTEX
8
0
10
5.0747156250000005
20
11.818846875
30
0
0
VERTEX
8
0
10
5.07353125
20
11.81985
30
0
0
VERTEX
8
0
10
5.071840625
20
11.821840625
30
0
0
VERTEX
8
0
10
3.3516000000000004
20
13.54208125
30
0
0
VERTEX
8
0
10
3.3516000000000004
20
41.293631250000004
30
0
0
SEQEND
0
POLYLINE
66
1
8
1_copper
10
0.0
20
0.0
30
0.0
70
1
0
VERTEX
8
0
10
36.553859375
20
4.2756625
30
0
42
0.9999999999999999
0
VERTEX
8
0
10
36.446140625000005
20
4.7243375
30
0
0
VERTEX
8
0
10
36.411709375
20
4.713150000000001
30
0
42
0.854076345154308
0
VERTEX
8
0
10
36.518100000000004
20
4.2700000000000005
30
0
0
SEQEND
0
POLYLINE
66
1
8
16_copper
10
0.0
20
0.0
30
0.0
70
1
0
VERTEX
8
0
10
3.3538593750000003
20
60.125662500000004
30
0
42
0.19891034504702793
0
VERTEX
8
0
10
3.4967125
20
60.229453125000006
30
0
0
VERTEX
8
0
10
3.50636875
20
60.248400000000004
30
0
0
VERTEX
8
0
10
9.1
20
60.248400000000004
30
0
0
VERTEX
8
0
10
9.1063375
20
60.249190625000004
30
0
42
0.1407252340376049
0
VERTEX
8
0
10
9.1592
20
60.267428125
30
0
0
VERTEX
8
0
10
9.166365625000001
20
60.2735125
30
0
0
VERTEX
8
0
10
9.168846875
20
60.275284375000005
30
0
0
VERTEX
8
0
10
9.16985
20
60.27646875
30
0
0
VERTEX
8
0
10
9.171840625
20
60.278159375
30
0
0
VERTEX
8
0
10
9.67868125
20
60.785000000000004
30
0
0
VERTEX
8
0
10
11.600000000000001
20
60.785000000000004
30
0
0
VERTEX
8
0
10
11.600000000000001
20
62.055
30
0
0
VERTEX
8
0
10
8.4
20
62.055
30
0
0
VERTEX
8
0
10
8.4
20
60.785000000000004
30
0
0
VERTEX
8
0
10
9.39131875
20
60.785000000000004
30
0
0
VERTEX
8
0
10
9.05791875
20
60.451600000000006
30
0
0
VERTEX
8
0
10
3.50636875
20
60.451600000000006
30
0
0
VERTEX
8
0
10
3.4967125
20
60.470546875000004
30
0
42
0.9999999999999999
0
VERTEX
8
0
10
3.1032875
20
60.229453125000006
30
0
0
VERTEX
8
0
10
3.1245656250000002
20
60.200165625000004
30
0
42
0.2400778096533642
0
VERTEX
8
0
10
3.3181000000000003
20
60.120000000000005
30
0
0
SEQEND
0
POLYLINE
66
1
8
16_copper
10
0.0
20
0.0
30
0.0
70
1
0
VERTEX
8
0
10
3.303859375
20
41.2756625
30
0
42
0.19891034504702793
0
VERTEX
8
0
10
3.4467125000000003
20
41.379453125000005
30
0
0
VERTEX
8
0
10
3.45636875
20
41.3984
30
0
0
VERTEX
8
0
10
9.25
20
41.3984
30
0
0
VERTEX
8
0
10
9.2563375
20
41.399190625
30
0
42
0.1407252340376049
0
VERTEX
8
0
10
9.3092
20
41.417428125
30
0
0
VERTEX
8
0
10
9.316365625000001
20
41.4235125
30
0
0
VERTEX
8
0
10
9.318846875
20
41.425284375000004
30
0
0
VERTEX
8
0
10
9.31985
20
41.426468750000005
30
0
0
VERTEX
8
0
10
9.321840625
20
41.428159375
30
0
0
VERTEX
8
0
10
9.67868125
20
41.785000000000004
30
0
0
VERTEX
8
0
10
11.600000000000001
20
41.785000000000004
30
0
0
VERTEX
8
0
10
11.600000000000001
20
43.055
30
0
0
VERTEX
8
0
10
8.4
20
43.055
30
0
0
VERTEX
8
0
10
8.4
20
41.785000000000004
30
0
0
VERTEX
8
0
10
9.39131875
20
41.785000000000004
30
0
0
VERTEX
8
0
10
9.207918750000001
20
41.601600000000005
30
0
0
VERTEX
8
0
10
3.45636875
20
41.601600000000005
30
0
0
VERTEX
8
0
10
3.4467125000000003
20
41.620546875
30
0
42
0.9999999999999999
0
VERTEX
8
0
10
3.0532875
20
41.379453125000005
30
0
0
VERTEX
8
0
10
3.074565625
20
41.350165625
30
0
42
0.2400778096533642
0
VERTEX
8
0
10
3.2681
20
41.27
30
0
0
SEQEND
0
POLYLINE
66
1
8
16_copper
10
0.0
20
0.0
30
0.0
70
1
0
VERTEX
8
0
10
2.803859375
20
22.025662500000003
30
0
42
0.4142135623730951
0
VERTEX
8
0
10
2.9743375000000003
20
22.303859375000002
30
0
0
VERTEX
8
0
10
2.967765625
20
22.324084375
30
0
0
VERTEX
8
0
10
3.7920812500000003
20
23.148400000000002
30
0
0
VERTEX
8
0
10
8.4
20
23.148400000000002
30
0
0
VERTEX
8
0
10
8.4
20
22.785
30
0
0
VERTEX
8
0
10
11.600000000000001
20
22.785
30
0
0
VERTEX
8
0
10
11.600000000000001
20
24.055
30
0
0
VERTEX
8
0
10
8.4
20
24.055
30
0
0
VERTEX
8
0
10
8.4
20
23.3516
30
0
0
VERTEX
8
0
10
3.75
20
23.3516
30
0
0
VERTEX
8
0
10
3.7436625
20
23.350809375
30
0
42
0.1407252340376049
0
VERTEX
8
0
10
3.6908000000000003
20
23.332571875000003
30
0
0
VERTEX
8
0
10
3.683634375
20
23.326487500000002
30
0
0
VERTEX
8
0
10
3.6811531250000002
20
23.324715625
30
0
0
VERTEX
8
0
10
3.6801500000000003
20
23.323531250000002
30
0
0
VERTEX
8
0
10
3.6781593750000003
20
23.321840625
30
0
0
VERTEX
8
0
10
2.824084375
20
22.467765625000002
30
0
0
VERTEX
8
0
10
2.803859375
20
22.4743375
30
0
42
0.9999999999999999
0
VERTEX
8
0
10
2.696140625
20
22.025662500000003
30
0
0
VERTEX
8
0
10
2.7319
20
22.02
30
0
0
VERTEX
8
0
10
2.7681
20
22.02
30
0
0
SEQEND
0
POLYLINE
66
1
8
16_copper
10
0.0
20
0.0
30
0.0
70
1
0
VERTEX
8
0
10
7.803859375
20
6.2756625
30
0
42
0.9999999999999999
0
VERTEX
8
0
10
7.696140625
20
6.724337500000001
30
0
0
VERTEX
8
0
10
7.661709375
20
6.713150000000001
30
0
42
0.854076345154308
0
VERTEX
8
0
10
7.7681000000000004
20
6.2700000000000005
30
0
0
SEQEND
0
POLYLINE
66
1
8
16_copper
10
0.0
20
0.0
30
0.0
70
1
0
VERTEX
8
0
10
36.553859375
20
4.2756625
30
0
42
0.19891034504702793
0
VERTEX
8
0
10
36.696712500000004
20
4.379453125
30
0
0
VERTEX
8
0
10
36.70636875
20
4.3984000000000005
30
0
0
VERTEX
8
0
10
46
20
4.3984000000000005
30
0
0
VERTEX
8
0
10
46.0063375
20
4.399190625
30
0
42
0.1407252340376049
0
VERTEX
8
0
10
46.059200000000004
20
4.417428125
30
0
0
VERTEX
8
0
10
46.066365625
20
4.4235125
30
0
0
VERTEX
8
0
10
46.068846875000006
20
4.425284375
30
0
0
VERTEX
8
0
10
46.06985
20
4.426468750000001
30
0
0
VERTEX
8
0
10
46.071840625
20
4.428159375
30
0
0
VERTEX
8
0
10
46.39868125
20
4.755
30
0
0
VERTEX
8
0
10
47.1058
20
4.755
30
0
0
VERTEX
8
0
10
47.1058
20
5.355
30
0
0
VERTEX
8
0
10
45.9058
20
5.355
30
0
0
VERTEX
8
0
10
45.9058
20
4.755
30
0
0
VERTEX
8
0
10
46.11131875
20
4.755
30
0
0
VERTEX
8
0
10
45.957918750000005
20
4.6016
30
0
0
VERTEX
8
0
10
36.70636875
20
4.6016
30
0
0
VERTEX
8
0
10
36.696712500000004
20
4.6205468750000005
30
0
42
0.9999999999999999
0
VERTEX
8
0
10
36.3032875
20
4.379453125
30
0
0
VERTEX
8
0
10
36.324565625
20
4.350165625
30
0
42
0.2400778096533642
0
VERTEX
8
0
10
36.518100000000004
20
4.2700000000000005
30
0
0
SEQEND
0
POLYLINE
66
1
8
1_copper
10
0.0
20
0.0
30
0.0
70
1
0
VERTEX
8
0
10
3.8794531250000004
20
25.596712500000002
30
0
42
0.5600237529473715
0
VERTEX
8
0
10
3.8794531250000004
20
25.203287500000002
30
0
0
VERTEX
8
0
10
3.8984
20
25.193631250000003
30
0
0
VERTEX
8
0
10
3.8984
20
16
30
0
0
VERTEX
8
0
10
3.899190625
20
15.993662500000001
30
0
42
0.1407252340376049
0
VERTEX
8
0
10
3.9174281250000003
20
15.940800000000001
30
0
0
VERTEX
8
0
10
3.9235125
20
15.933634375
30
0
0
VERTEX
8
0
10
3.9252843750000004
20
15.931153125000002
30
0
0
VERTEX
8
0
10
3.92646875
20
15.930150000000001
30
0
0
VERTEX
8
0
10
3.9281593750000003
20
15.928159375
30
0
0
VERTEX
8
0
10
7.782234375000001
20
12.074084375
30
0
0
VERTEX
8
0
10
7.7756625
20
12.053859375
30
0
42
0.9999999999999999
0
VERTEX
8
0
10
8.2243375
20
11.946140625
30
0
0
VERTEX
8
0
10
8.23
20
11.981900000000001
30
0
42
0.5095244921166611
0
VERTEX
8
0
10
7.946140625
20
12.2243375
30
0
0
VERTEX
8
0
10
7.925915625
20
12.217765625
30
0
0
VERTEX
8
0
10
4.1016
20
16.042081250000003
30
0
0
VERTEX
8
0
10
4.1016
20
25.193631250000003
30
0
0
VERTEX
8
0
10
4.1205468750000005
20
25.203287500000002
30
0
42
0.5600237529473715
0
VERTEX
8
0
10
4.1205468750000005
20
25.596712500000002
30
0
0
VERTEX
8
0
10
4.1016
20
25.60636875
30
0
0
VERTEX
8
0
10
4.1016
20
42.457918750000005
30
0
0
VERTEX
8
0
10
4.925915625
20
43.282234375
30
0
0
VERTEX
8
0
10
4.946140625
20
43.2756625
30
0
42
0.9999999999999999
0
VERTEX
8
0
10
5.053859375
20
43.724337500000004
30
0
0
VERTEX
8
0
10
5.0181000000000004
20
43.730000000000004
30
0
42
0.5095244921166611
0
VERTEX
8
0
10
4.7756625
20
43.446140625000005
30
0
0
VERTEX
8
0
10
4.782234375
20
43.425915625
30
0
0
VERTEX
8
0
10
4.1016
20
42.745281250000005
30
0
0
VERTEX
8
0
10
4.1016
20
61.00791875
30
0
0
VERTEX
8
0
10
5.125915625
20
62.032234375
30
0
0
VERTEX
8
0
10
5.146140625
20
62.0256625
30
0
42
0.9999999999999999
0
VERTEX
8
0
10
5.253859375
20
62.474337500000004
30
0
0
VERTEX
8
0
10
5.218100000000001
20
62.480000000000004
30
0
42
0.5095244921166611
0
VERTEX
8
0
10
4.9756625
20
62.196140625000005
30
0
0
VERTEX
8
0
10
4.982234375
20
62.175915625
30
0
0
VERTEX
8
0
10
3.9281593750000003
20
61.121840625000004
30
0
0
VERTEX
8
0
10
3.924246875
20
61.1168125
30
0
42
0.14075965647395222
0
VERTEX
8
0
10
3.899753125
20
61.066528125000005
30
0
0
VERTEX
8
0
10
3.8989875
20
61.057165625
30
0
0
VERTEX
8
0
10
3.8984843750000002
20
61.05415
30
0
0
VERTEX
8
0
10
3.8986125
20
61.052606250000004
30
0
0
VERTEX
8
0
10
3.8984
20
61.050000000000004
30
0
0
VERTEX
8
0
10
3.8984
20
25.60636875
30
0
0
SEQEND
0
POLYLINE
66
1
8
16_copper
10
0.0
20
0.0
30
0.0
70
1
0
VERTEX
8
0
10
5.253859375
20
62.0256625
30
0
42
0.4142135623730951
0
VERTEX
8
0
10
5.4243375
20
62.303859375
30
0
0
VERTEX
8
0
10
5.417765625
20
62.324084375000005
30
0
0
VERTEX
8
0
10
5.74208125
20
62.6484
30
0
0
VERTEX
8
0
10
9
20
62.6484
30
0
0
VERTEX
8
0
10
9.0063375
20
62.649190625
30
0
42
0.1407252340376049
0
VERTEX
8
0
10
9.0592
20
62.667428125
30
0
0
VERTEX
8
0
10
9.066365625000001
20
62.6735125
30
0
0
VERTEX
8
0
10
9.068846875
20
62.675284375000004
30
0
0
VERTEX
8
0
10
9.06985
20
62.676468750000005
30
0
0
VERTEX
8
0
10
9.071840625
20
62.678159375
30
0
0
VERTEX
8
0
10
9.718681250000001
20
63.325
30
0
0
VERTEX
8
0
10
11.600000000000001
20
63.325
30
0
0
VERTEX
8
0
10
11.600000000000001
20
64.595
30
0
0
VERTEX
8
0
10
8.4
20
64.595
30
0
0
VERTEX
8
0
10
8.4
20
63.325
30
0
0
VERTEX
8
0
10
9.43131875
20
63.325
30
0
0
VERTEX
8
0
10
8.957918750000001
20
62.851600000000005
30
0
0
VERTEX
8
0
10
5.7
20
62.851600000000005
30
0
0
VERTEX
8
0
10
5.6936625
20
62.850809375000004
30
0
42
0.1407252340376049
0
VERTEX
8
0
10
5.6408000000000005
20
62.832571875000006
30
0
0
VERTEX
8
0
10
5.633634375000001
20
62.826487500000006
30
0
0
VERTEX
8
0
10
5.631153125
20
62.824715625
30
0
0
VERTEX
8
0
10
5.63015
20
62.82353125
30
0
0
VERTEX
8
0
10
5.628159375
20
62.821840625
30
0
0
VERTEX
8
0
10
5.274084375
20
62.467765625000006
30
0
0
VERTEX
8
0
10
5.253859375
20
62.474337500000004
30
0
42
0.9999999999999999
0
VERTEX
8
0
10
5.146140625
20
62.0256625
30
0
0
VERTEX
8
0
10
5.181900000000001
20
62.02
30
0
0
VERTEX
8
0
10
5.218100000000001
20
62.02
30
0
0
SEQEND
0
POLYLINE
66
1
8
16_copper
10
0.0
20
0.0
30
0.0
70
1
0
VERTEX
8
0
10
5.053859375
20
43.2756625
30
0
42
0.19891034504702793
0
VERTEX
8
0
10
5.1967125
20
43.379453125000005
30
0
0
VERTEX
8
0
10
5.20636875
20
43.3984
30
0
0
VERTEX
8
0
10
8.75
20
43.3984
30
0
0
VERTEX
8
0
10
8.7563375
20
43.399190625
30
0
42
0.1407252340376049
0
VERTEX
8
0
10
8.8092
20
43.417428125
30
0
0
VERTEX
8
0
10
8.816365625
20
43.4235125
30
0
0
VERTEX
8
0
10
8.818846875
20
43.425284375000004
30
0
0
VERTEX
8
0
10
8.81985
20
43.426468750000005
30
0
0
VERTEX
8
0
10
8.821840625
20
43.428159375
30
0
0
VERTEX
8
0
10
9.718681250000001
20
44.325
30
0
0
VERTEX
8
0
10
11.600000000000001
20
44.325
30
0
0
VERTEX
8
0
10
11.600000000000001
20
45.595
30
0
0
VERTEX
8
0
10
8.4
20
45.595
30
0
0
VERTEX
8
0
10
8.4
20
44.325
30
0
0
VERTEX
8
0
10
9.43131875
20
44.325
30
0
0
VERTEX
8
0
10
8.707918750000001
20
43.601600000000005
30
0
0
VERTEX
8
0
10
5.20636875
20
43.601600000000005
30
0
0
VERTEX
8
0
10
5.1967125
20
43.620546875
30
0
42
0.9999999999999999
0
VERTEX
8
0
10
4.803287500000001
20
43.379453125000005
30
0
0
VERTEX
8
0
10
4.824565625
20
43.350165625
30
0
42
0.2400778096533642
0
VERTEX
8
0
10
5.0181000000000004
20
43.27
30
0
0
SEQEND
0
POLYLINE
66
1
8
16_copper
10
0.0
20
0.0
30
0.0
70
1
0
VERTEX
8
0
10
4.053859375
20
25.1756625
30
0
42
0.19891034504702793
0
VERTEX
8
0
10
4.1967125
20
25.279453125
30
0
0
VERTEX
8
0
10
4.20636875
20
25.2984
30
0
0
VERTEX
8
0
10
7.25
20
25.2984
30
0
0
VERTEX
8
0
10
7.256337500000001
20
25.299190625
30
0
42
0.1407252340376049
0
VERTEX
8
0
10
7.309200000000001
20
25.317428125000003
30
0
0
VERTEX
8
0
10
7.316365625
20
25.3235125
30
0
0
VERTEX
8
0
10
7.318846875
20
25.325284375000003
30
0
0
VERTEX
8
0
10
7.319850000000001
20
25.32646875
30
0
0
VERTEX
8
0
10
7.321840625
20
25.328159375000002
30
0
0
VERTEX
8
0
10
7.64208125
20
25.648400000000002
30
0
0
VERTEX
8
0
10
8.4
20
25.648400000000002
30
0
0
VERTEX
8
0
10
8.4
20
25.325000000000003
30
0
0
VERTEX
8
0
10
11.600000000000001
20
25.325000000000003
30
0
0
VERTEX
8
0
10
11.600000000000001
20
26.595000000000002
30
0
0
VERTEX
8
0
10
8.4
20
26.595000000000002
30
0
0
VERTEX
8
0
10
8.4
20
25.8516
30
0
0
VERTEX
8
0
10
7.6000000000000005
20
25.8516
30
0
0
VERTEX
8
0
10
7.593662500000001
20
25.850809375
30
0
42
0.1407252340376049
0
VERTEX
8
0
10
7.5408
20
25.832571875000003
30
0
0
VERTEX
8
0
10
7.533634375
20
25.826487500000002
30
0
0
VERTEX
8
0
10
7.531153125
20
25.824715625
30
0
0
VERTEX
8
0
10
7.530150000000001
20
25.823531250000002
30
0
0
VERTEX
8
0
10
7.528159375
20
25.821840625
30
0
0
VERTEX
8
0
10
7.20791875
20
25.5016
30
0
0
VERTEX
8
0
10
4.20636875
20
25.5016
30
0
0
VERTEX
8
0
10
4.1967125
20
25.520546875
30
0
42
0.9999999999999999
0
VERTEX
8
0
10
3.8032875
20
25.279453125
30
0
0
VERTEX
8
0
10
3.824565625
20
25.250165625
30
0
42
0.2400778096533642
0
VERTEX
8
0
10
4.0181000000000004
20
25.17
30
0
0
SEQEND
0
POLYLINE
66
1
8
16_copper
10
0.0
20
0.0
30
0.0
70
1
0
VERTEX
8
0
10
9.6058
20
11.705
30
0
0
VERTEX
8
0
10
8.93868125
20
11.705
30
0
0
VERTEX
8
0
10
8.571840625
20
12.071840625
30
0
0
VERTEX
8
0
10
8.566812500000001
20
12.075753125
30
0
42
0.14075965647395222
0
VERTEX
8
0
10
8.516528125
20
12.100246875
30
0
0
VERTEX
8
0
10
8.507165625
20
12.101012500000001
30
0
0
VERTEX
8
0
10
8.504150000000001
20
12.101515625000001
30
0
0
VERTEX
8
0
10
8.502606250000001
20
12.101387500000001
30
0
0
VERTEX
8
0
10
8.5
20
12.101600000000001
30
0
0
VERTEX
8
0
10
8.206368750000001
20
12.101600000000001
30
0
0
VERTEX
8
0
10
8.1967125
20
12.120546875
30
0
42
0.9999999999999999
0
VERTEX
8
0
10
7.803287500000001
20
11.879453125000001
30
0
0
VERTEX
8
0
10
7.824565625
20
11.850165625
30
0
42
0.509524700761689
0
VERTEX
8
0
10
8.1967125
20
11.879453125000001
30
0
0
VERTEX
8
0
10
8.206368750000001
20
11.8984
30
0
0
VERTEX
8
0
10
8.457918750000001
20
11.8984
30
0
0
VERTEX
8
0
10
8.65131875
20
11.705
30
0
0
VERTEX
8
0
10
8.405800000000001
20
11.705
30
0
0
VERTEX
8
0
10
8.405800000000001
20
11.105
30
0
0
VERTEX
8
0
10
9.6058
20
11.105
30
0
0
SEQEND
0
POLYLINE
66
1
8
16_copper
10
0.0
20
0.0
30
0.0
70
1
0
VERTEX
8
0
10
34.11455
20
4.03695
30
0
0
VERTEX
8
0
10
33.35673125
20
4.03695
30
0
0
VERTEX
8
0
10
32.821840625
20
4.571840625
30
0
0
VERTEX
8
0
10
32.816812500000005
20
4.575753125
30
0
42
0.14075965647395222
0
VERTEX
8
0
10
32.766528125
20
4.600246875
30
0
0
VERTEX
8
0
10
32.757165625
20
4.6010125
30
0
0
VERTEX
8
0
10
32.75415
20
4.601515625
30
0
0
VERTEX
8
0
10
32.75260625
20
4.6013875
30
0
0
VERTEX
8
0
10
32.75
20
4.6016
30
0
0
VERTEX
8
0
10
31.075000000000003
20
4.6016
30
0
0
VERTEX
8
0
10
31.075000000000003
20
4.795
30
0
0
VERTEX
8
0
10
29.275000000000002
20
4.795
30
0
0
VERTEX
8
0
10
29.275000000000002
20
4.1450000000000005
30
0
0
VERTEX
8
0
10
31.075000000000003
20
4.1450000000000005
30
0
0
VERTEX
8
0
10
31.075000000000003
20
4.3984000000000005
30
0
0
VERTEX
8
0
10
32.707918750000005
20
4.3984000000000005
30
0
0
VERTEX
8
0
10
33.315850000000005
20
3.79046875
30
0
0
VERTEX
8
0
10
33.315850000000005
20
3.06305
30
0
0
VERTEX
8
0
10
34.11455
20
3.06305
30
0
0
SEQEND
0
POLYLINE
66
1
8
16_copper
10
0.0
20
0.0
30
0.0
70
1
0
VERTEX
8
0
10
32.48415
20
5.78695
30
0
0
VERTEX
8
0
10
31.685450000000003
20
5.78695
30
0
0
VERTEX
8
0
10
31.685450000000003
20
5.6016
30
0
0
VERTEX
8
0
10
31.075000000000003
20
5.6016
30
0
0
VERTEX
8
0
10
31.075000000000003
20
6.065
30
0
0
VERTEX
8
0
10
29.275000000000002
20
6.065
30
0
0
VERTEX
8
0
10
29.275000000000002
20
5.415
30
0
0
VERTEX
8
0
10
30.195253125
20
5.415
30
0
0
VERTEX
8
0
10
30.199221875000003
20
5.412
30
0
42
0.09023118387748154
0
VERTEX
8
0
10
30.233471875000003
20
5.399753125
30
0
0
VERTEX
8
0
10
30.244596875000003
20
5.39884375
30
0
0
VERTEX
8
0
10
30.247256250000003
20
5.3984375
30
0
0
VERTEX
8
0
10
30.2483
20
5.398540625
30
0
0
VERTEX
8
0
10
30.25
20
5.3984000000000005
30
0
0
VERTEX
8
0
10
31.685450000000003
20
5.3984000000000005
30
0
0
VERTEX
8
0
10
31.685450000000003
20
4.8130500000000005
30
0
0
VERTEX
8
0
10
32.48415
20
4.8130500000000005
30
0
0
SEQEND
0
POLYLINE
66
1
8
16_copper
10
0.0
20
0.0
30
0.0
70
1
0
VERTEX
8
0
10
32.48415
20
7.53695
30
0
0
VERTEX
8
0
10
31.685450000000003
20
7.53695
30
0
0
VERTEX
8
0
10
31.685450000000003
20
7.1016
30
0
0
VERTEX
8
0
10
31.075000000000003
20
7.1016
30
0
0
VERTEX
8
0
10
31.075000000000003
20
7.335
30
0
0
VERTEX
8
0
10
29.275000000000002
20
7.335
30
0
0
VERTEX
8
0
10
29.275000000000002
20
6.6850000000000005
30
0
0
VERTEX
8
0
10
31.075000000000003
20
6.6850000000000005
30
0
0
VERTEX
8
0
10
31.075000000000003
20
6.8984000000000005
30
0
0
VERTEX
8
0
10
31.685450000000003
20
6.8984000000000005
30
0
0
VERTEX
8
0
10
31.685450000000003
20
6.5630500000000005
30
0
0
VERTEX
8
0
10
32.48415
20
6.5630500000000005
30
0
0
SEQEND
0
POLYLINE
66
1
8
16_copper
10
0.0
20
0.0
30
0.0
70
1
0
VERTEX
8
0
10
31.075000000000003
20
8.3984
30
0
0
VERTEX
8
0
10
31.685450000000003
20
8.3984
30
0
0
VERTEX
8
0
10
31.685450000000003
20
8.06305
30
0
0
VERTEX
8
0
10
32.48415
20
8.06305
30
0
0
VERTEX
8
0
10
32.48415
20
9.036950000000001
30
0
0
VERTEX
8
0
10
31.685450000000003
20
9.036950000000001
30
0
0
VERTEX
8
0
10
31.685450000000003
20
8.601600000000001
30
0
0
VERTEX
8
0
10
31.075000000000003
20
8.601600000000001
30
0
0
VERTEX
8
0
10
31.075000000000003
20
8.605
30
0
0
VERTEX
8
0
10
29.275000000000002
20
8.605
30
0
0
VERTEX
8
0
10
29.275000000000002
20
7.955
30
0
0
VERTEX
8
0
10
31.075000000000003
20
7.955
30
0
0
SEQEND
0
POLYLINE
66
1
8
16_copper
10
0.0
20
0.0
30
0.0
70
1
0
VERTEX
8
0
10
31.075000000000003
20
9.6484
30
0
0
VERTEX
8
0
10
31.5
20
9.6484
30
0
0
VERTEX
8
0
10
31.5063375
20
9.649190625000001
30
0
42
0.1407252340376049
0
VERTEX
8
0
10
31.5592
20
9.667428125
30
0
0
VERTEX
8
0
10
31.566365625000003
20
9.673512500000001
30
0
0
VERTEX
8
0
10
31.568846875000002
20
9.675284375
30
0
0
VERTEX
8
0
10
31.569850000000002
20
9.67646875
30
0
0
VERTEX
8
0
10
31.571840625
20
9.678159375
30
0
0
VERTEX
8
0
10
31.70673125
20
9.81305
30
0
0
VERTEX
8
0
10
32.48415
20
9.81305
30
0
0
VERTEX
8
0
10
32.48415
20
10.786950000000001
30
0
0
VERTEX
8
0
10
31.685450000000003
20
10.786950000000001
30
0
0
VERTEX
8
0
10
31.685450000000003
20
10.07913125
30
0
0
VERTEX
8
0
10
31.45791875
20
9.851600000000001
30
0
0
VERTEX
8
0
10
31.075000000000003
20
9.851600000000001
30
0
0
VERTEX
8
0
10
31.075000000000003
20
9.875
30
0
0
VERTEX
8
0
10
29.275000000000002
20
9.875
30
0
0
VERTEX
8
0
10
29.275000000000002
20
9.225
30
0
0
VERTEX
8
0
10
31.075000000000003
20
9.225
30
0
0
SEQEND
0
POLYLINE
66
1
8
16_copper
10
0.0
20
0.0
30
0.0
70
1
0
VERTEX
8
0
10
31.075000000000003
20
10.93131875
30
0
0
VERTEX
8
0
10
31.70673125
20
11.56305
30
0
0
VERTEX
8
0
10
32.48415
20
11.56305
30
0
0
VERTEX
8
0
10
32.48415
20
12.536950000000001
30
0
0
VERTEX
8
0
10
31.685450000000003
20
12.536950000000001
30
0
0
VERTEX
8
0
10
31.685450000000003
20
11.829131250000001
30
0
0
VERTEX
8
0
10
31.001318750000003
20
11.145000000000001
30
0
0
VERTEX
8
0
10
29.275000000000002
20
11.145000000000001
30
0
0
VERTEX
8
0
10
29.275000000000002
20
10.495000000000001
30
0
0
VERTEX
8
0
10
31.075000000000003
20
10.495000000000001
30
0
0
SEQEND
0
POLYLINE
66
1
8
16_copper
10
0.0
20
0.0
30
0.0
70
1
0
VERTEX
8
0
10
31.075000000000003
20
12.415000000000001
30
0
0
VERTEX
8
0
10
31.058681250000003
20
12.415000000000001
30
0
0
VERTEX
8
0
10
31.451640625000003
20
12.807959375000001
30
0
0
VERTEX
8
0
10
31.455553125
20
12.8129875
30
0
42
0.14075965647395222
0
VERTEX
8
0
10
31.480046875000003
20
12.863271875
30
0
0
VERTEX
8
0
10
31.480812500000003
20
12.872634375
30
0
0
VERTEX
8
0
10
31.481315625
20
12.87565
30
0
0
VERTEX
8
0
10
31.4811875
20
12.87719375
30
0
0
VERTEX
8
0
10
31.4814
20
12.879800000000001
30
0
0
VERTEX
8
0
10
31.4814
20
13.05291875
30
0
0
VERTEX
8
0
10
31.74153125
20
13.31305
30
0
0
VERTEX
8
0
10
32.48415
20
13.31305
30
0
0
VERTEX
8
0
10
32.48415
20
14.286950000000001
30
0
0
VERTEX
8
0
10
31.685450000000003
20
14.286950000000001
30
0
0
VERTEX
8
0
10
31.685450000000003
20
13.54433125
30
0
0
VERTEX
8
0
10
31.307959375000003
20
13.166840625
30
0
0
VERTEX
8
0
10
31.304046875
20
13.1618125
30
0
42
0.14075965647395222
0
VERTEX
8
0
10
31.279553125000003
20
13.111528125000001
30
0
0
VERTEX
8
0
10
31.2787875
20
13.102165625000001
30
0
0
VERTEX
8
0
10
31.278284375000002
20
13.09915
30
0
0
VERTEX
8
0
10
31.2784125
20
13.09760625
30
0
0
VERTEX
8
0
10
31.278200000000002
20
13.095
30
0
0
VERTEX
8
0
10
31.278200000000002
20
12.92188125
30
0
0
VERTEX
8
0
10
30.771318750000002
20
12.415000000000001
30
0
0
VERTEX
8
0
10
29.275000000000002
20
12.415000000000001
30
0
0
VERTEX
8
0
10
29.275000000000002
20
11.765
30
0
0
VERTEX
8
0
10
31.075000000000003
20
11.765
30
0
0
SEQEND
0
POLYLINE
66
1
8
16_copper
10
0.0
20
0.0
30
0.0
70
1
0
VERTEX
8
0
10
31.075000000000003
20
13.685
30
0
0
VERTEX
8
0
10
29.275000000000002
20
13.685
30
0
0
VERTEX
8
0
10
29.275000000000002
20
13.61868125
30
0
0
VERTEX
8
0
10
28.8516
20
14.04208125
30
0
0
VERTEX
8
0
10
28.8516
20
14.957918750000001
30
0
0
VERTEX
8
0
10
29.292081250000003
20
15.3984
30
0
0
VERTEX
8
0
10
31.685450000000003
20
15.3984
30
0
0
VERTEX
8
0
10
31.685450000000003
20
15.06305
30
0
0
VERTEX
8
0
10
32.48415
20
15.06305
30
0
0
VERTEX
8
0
10
32.48415
20
16.03695
30
0
0
VERTEX
8
0
10
31.685450000000003
20
16.03695
30
0
0
VERTEX
8
0
10
31.685450000000003
20
15.601600000000001
30
0
0
VERTEX
8
0
10
29.25
20
15.601600000000001
30
0
0
VERTEX
8
0
10
29.243662500000003
20
15.600809375
30
0
42
0.1407252340376049
0
VERTEX
8
0
10
29.190800000000003
20
15.582571875000001
30
0
0
VERTEX
8
0
10
29.183634375
20
15.5764875
30
0
0
VERTEX
8
0
10
29.181153125
20
15.574715625000001
30
0
0
VERTEX
8
0
10
29.18015
20
15.57353125
30
0
0
VERTEX
8
0
10
29.178159375
20
15.571840625
30
0
0
VERTEX
8
0
10
28.678159375
20
15.071840625
30
0
0
VERTEX
8
0
10
28.674246875
20
15.066812500000001
30
0
42
0.14075965647395222
0
VERTEX
8
0
10
28.649753125
20
15.016528125
30
0
0
VERTEX
8
0
10
28.6489875
20
15.007165625
30
0
0
VERTEX
8
0
10
28.648484375000002
20
15.004150000000001
30
0
0
VERTEX
8
0
10
28.648612500000002
20
15.002606250000001
30
0
0
VERTEX
8
0
10
28.648400000000002
20
15
30
0
0
VERTEX
8
0
10
28.648400000000002
20
14
30
0
0
VERTEX
8
0
10
28.649190625000003
20
13.993662500000001
30
0
42
0.1407252340376049
0
VERTEX
8
0
10
28.667428125
20
13.940800000000001
30
0
0
VERTEX
8
0
10
28.6735125
20
13.933634375
30
0
0
VERTEX
8
0
10
28.675284375
20
13.931153125
30
0
0
VERTEX
8
0
10
28.67646875
20
13.930150000000001
30
0
0
VERTEX
8
0
10
28.678159375
20
13.928159375
30
0
0
VERTEX
8
0
10
29.178159375
20
13.428159375
30
0
0
VERTEX
8
0
10
29.183187500000003
20
13.424246875000001
30
0
42
0.14075965647395222
0
VERTEX
8
0
10
29.233471875000003
20
13.399753125
30
0
0
VERTEX
8
0
10
29.242834375
20
13.3989875
30
0
0
VERTEX
8
0
10
29.24585
20
13.398484375
30
0
0
VERTEX
8
0
10
29.24739375
20
13.3986125
30
0
0
VERTEX
8
0
10
29.25
20
13.3984
30
0
0
VERTEX
8
0
10
29.275000000000002
20
13.3984
30
0
0
VERTEX
8
0
10
29.275000000000002
20
13.035
30
0
0
VERTEX
8
0
10
31.075000000000003
20
13.035
30
0
0
SEQEND
0
POLYLINE
66
1
8
16_copper
10
0.0
20
0.0
30
0.0
70
1
0
VERTEX
8
0
10
21.525000000000002
20
4.795
30
0
0
VERTEX
8
0
10
19.848681250000002
20
4.795
30
0
0
VERTEX
8
0
10
18.571840625
20
6.071840625
30
0
0
VERTEX
8
0
10
18.5668125
20
6.075753125
30
0
42
0.14075965647395222
0
VERTEX
8
0
10
18.516528125
20
6.100246875000001
30
0
0
VERTEX
8
0
10
18.507165625000003
20
6.1010125
30
0
0
VERTEX
8
0
10
18.50415
20
6.101515625
30
0
0
VERTEX
8
0
10
18.50260625
20
6.1013875
30
0
0
VERTEX
8
0
10
18.5
20
6.1016
30
0
0
VERTEX
8
0
10
16.5942
20
6.1016
30
0
0
VERTEX
8
0
10
16.5942
20
6.625
30
0
0
VERTEX
8
0
10
15.394200000000001
20
6.625
30
0
0
VERTEX
8
0
10
15.394200000000001
20
6.025
30
0
0
VERTEX
8
0
10
16.08131875
20
6.025
30
0
0
VERTEX
8
0
10
16.178159375
20
5.928159375
30
0
0
VERTEX
8
0
10
16.183187500000003
20
5.924246875000001
30
0
42
0.14075965647395222
0
VERTEX
8
0
10
16.233471875
20
5.899753125
30
0
0
VERTEX
8
0
10
16.242834375
20
5.8989875000000005
30
0
0
VERTEX
8
0
10
16.24585
20
5.898484375000001
30
0
0
VERTEX
8
0
10
16.24739375
20
5.8986125000000005
30
0
0
VERTEX
8
0
10
16.25
20
5.8984000000000005
30
0
0
VERTEX
8
0
10
18.45791875
20
5.8984000000000005
30
0
0
VERTEX
8
0
10
19.725
20
4.63131875
30
0
0
VERTEX
8
0
10
19.725
20
4.1450000000000005
30
0
0
VERTEX
8
0
10
21.525000000000002
20
4.1450000000000005
30
0
0
SEQEND
0
POLYLINE
66
1
8
16_copper
10
0.0
20
0.0
30
0.0
70
1
0
VERTEX
8
0
10
21.525000000000002
20
6.065
30
0
0
VERTEX
8
0
10
19.828681250000002
20
6.065
30
0
0
VERTEX
8
0
10
18.821840625
20
7.071840625
30
0
0
VERTEX
8
0
10
18.8168125
20
7.075753125
30
0
42
0.14075965647395222
0
VERTEX
8
0
10
18.766528125
20
7.100246875000001
30
0
0
VERTEX
8
0
10
18.757165625000003
20
7.1010125
30
0
0
VERTEX
8
0
10
18.75415
20
7.101515625
30
0
0
VERTEX
8
0
10
18.75260625
20
7.1013875
30
0
0
VERTEX
8
0
10
18.75
20
7.1016
30
0
0
VERTEX
8
0
10
16.542081250000003
20
7.1016
30
0
0
VERTEX
8
0
10
16.348681250000002
20
7.295
30
0
0
VERTEX
8
0
10
16.5942
20
7.295
30
0
0
VERTEX
8
0
10
16.5942
20
7.8950000000000005
30
0
0
VERTEX
8
0
10
15.394200000000001
20
7.8950000000000005
30
0
0
VERTEX
8
0
10
15.394200000000001
20
7.295
30
0
0
VERTEX
8
0
10
16.06131875
20
7.295
30
0
0
VERTEX
8
0
10
16.428159375
20
6.928159375
30
0
0
VERTEX
8
0
10
16.433187500000003
20
6.924246875000001
30
0
42
0.14075965647395222
0
VERTEX
8
0
10
16.483471875
20
6.899753125
30
0
0
VERTEX
8
0
10
16.492834375
20
6.8989875000000005
30
0
0
VERTEX
8
0
10
16.49585
20
6.898484375000001
30
0
0
VERTEX
8
0
10
16.49739375
20
6.8986125000000005
30
0
0
VERTEX
8
0
10
16.5
20
6.8984000000000005
30
0
0
VERTEX
8
0
10
18.70791875
20
6.8984000000000005
30
0
0
VERTEX
8
0
10
19.725
20
5.88131875
30
0
0
VERTEX
8
0
10
19.725
20
5.415
30
0
0
VERTEX
8
0
10
21.525000000000002
20
5.415
30
0
0
SEQEND
0
POLYLINE
66
1
8
16_copper
10
0.0
20
0.0
30
0.0
70
1
0
VERTEX
8
0
10
21.525000000000002
20
7.335
30
0
0
VERTEX
8
0
10
20.555271875000003
20
7.335
30
0
0
VERTEX
8
0
10
20.548646875
20
7.338365625000001
30
0
0
VERTEX
8
0
10
20.540646875
20
7.343115625
30
0
42
0.06212569315776047
0
VERTEX
8
0
10
20.516528125
20
7.350246875000001
30
0
0
VERTEX
8
0
10
20.51219375
20
7.350603125
30
0
0
VERTEX
8
0
10
20.50993125
20
7.3511125
30
0
0
VERTEX
8
0
10
20.50691875
20
7.351034375
30
0
0
VERTEX
8
0
10
20.5
20
7.3516
30
0
0
VERTEX
8
0
10
19.792081250000003
20
7.3516
30
0
0
VERTEX
8
0
10
18.821840625
20
8.321840625
30
0
0
VERTEX
8
0
10
18.8168125
20
8.325753125
30
0
42
0.14075965647395222
0
VERTEX
8
0
10
18.766528125
20
8.350246875
30
0
0
VERTEX
8
0
10
18.757165625000003
20
8.351012500000001
30
0
0
VERTEX
8
0
10
18.75415
20
8.351515625000001
30
0
0
VERTEX
8
0
10
18.75260625
20
8.3513875
30
0
0
VERTEX
8
0
10
18.75
20
8.351600000000001
30
0
0
VERTEX
8
0
10
16.542081250000003
20
8.351600000000001
30
0
0
VERTEX
8
0
10
16.328681250000002
20
8.565000000000001
30
0
0
VERTEX
8
0
10
16.5942
20
8.565000000000001
30
0
0
VERTEX
8
0
10
16.5942
20
9.165000000000001
30
0
0
VERTEX
8
0
10
15.394200000000001
20
9.165000000000001
30
0
0
VERTEX
8
0
10
15.394200000000001
20
8.565000000000001
30
0
0
VERTEX
8
0
10
16.041318750000002
20
8.565000000000001
30
0
0
VERTEX
8
0
10
16.428159375
20
8.178159375
30
0
0
VERTEX
8
0
10
16.433187500000003
20
8.174246875
30
0
42
0.14075965647395222
0
VERTEX
8
0
10
16.483471875
20
8.149753125
30
0
0
VERTEX
8
0
10
16.492834375
20
8.1489875
30
0
0
VERTEX
8
0
10
16.49585
20
8.148484375
30
0
0
VERTEX
8
0
10
16.49739375
20
8.1486125
30
0
0
VERTEX
8
0
10
16.5
20
8.1484
30
0
0
VERTEX
8
0
10
18.70791875
20
8.1484
30
0
0
VERTEX
8
0
10
19.678159375
20
7.178159375000001
30
0
0
VERTEX
8
0
10
19.683187500000003
20
7.174246875000001
30
0
42
0.1088579333928168
0
VERTEX
8
0
10
19.721040625
20
7.152615625
30
0
0
VERTEX
8
0
10
19.725
20
7.1519562500000005
30
0
0
VERTEX
8
0
10
19.725
20
6.6850000000000005
30
0
0
VERTEX
8
0
10
21.525000000000002
20
6.6850000000000005
30
0
0
SEQEND
0
POLYLINE
66
1
8
16_copper
10
0.0
20
0.0
30
0.0
70
1
0
VERTEX
8
0
10
21.525000000000002
20
8.605
30
0
0
VERTEX
8
0
10
20.03868125
20
8.605
30
0
0
VERTEX
8
0
10
19.071840625
20
9.571840625
30
0
0
VERTEX
8
0
10
19.0668125
20
9.575753125
30
0
42
0.14075965647395222
0
VERTEX
8
0
10
19.016528125
20
9.600246875
30
0
0
VERTEX
8
0
10
19.007165625000003
20
9.601012500000001
30
0
0
VERTEX
8
0
10
19.00415
20
9.601515625000001
30
0
0
VERTEX
8
0
10
19.00260625
20
9.601387500000001
30
0
0
VERTEX
8
0
10
19
20
9.601600000000001
30
0
0
VERTEX
8
0
10
16.542081250000003
20
9.601600000000001
30
0
0
VERTEX
8
0
10
16.30868125
20
9.835
30
0
0
VERTEX
8
0
10
16.5942
20
9.835
30
0
0
VERTEX
8
0
10
16.5942
20
10.435
30
0
0
VERTEX
8
0
10
15.394200000000001
20
10.435
30
0
0
VERTEX
8
0
10
15.394200000000001
20
9.835
30
0
0
VERTEX
8
0
10
16.021318750000002
20
9.835
30
0
0
VERTEX
8
0
10
16.428159375
20
9.428159375
30
0
0
VERTEX
8
0
10
16.433187500000003
20
9.424246875
30
0
42
0.14075965647395222
0
VERTEX
8
0
10
16.483471875
20
9.399753125
30
0
0
VERTEX
8
0
10
16.492834375
20
9.3989875
30
0
0
VERTEX
8
0
10
16.49585
20
9.398484375
30
0
0
VERTEX
8
0
10
16.49739375
20
9.3986125
30
0
0
VERTEX
8
0
10
16.5
20
9.3984
30
0
0
VERTEX
8
0
10
18.95791875
20
9.3984
30
0
0
VERTEX
8
0
10
19.75131875
20
8.605
30
0
0
VERTEX
8
0
10
19.725
20
8.605
30
0
0
VERTEX
8
0
10
19.725
20
7.955
30
0
0
VERTEX
8
0
10
21.525000000000002
20
7.955
30
0
0
SEQEND
0
POLYLINE
66
1
8
16_copper
10
0.0
20
0.0
30
0.0
70
1
0
VERTEX
8
0
10
21.525000000000002
20
9.875
30
0
0
VERTEX
8
0
10
20.01868125
20
9.875
30
0
0
VERTEX
8
0
10
19.071840625
20
10.821840625
30
0
0
VERTEX
8
0
10
19.0668125
20
10.825753125
30
0
42
0.14075965647395222
0
VERTEX
8
0
10
19.016528125
20
10.850246875
30
0
0
VERTEX
8
0
10
19.007165625000003
20
10.851012500000001
30
0
0
VERTEX
8
0
10
19.00415
20
10.851515625000001
30
0
0
VERTEX
8
0
10
19.00260625
20
10.851387500000001
30
0
0
VERTEX
8
0
10
19
20
10.851600000000001
30
0
0
VERTEX
8
0
10
16.542081250000003
20
10.851600000000001
30
0
0
VERTEX
8
0
10
16.28868125
20
11.105
30
0
0
VERTEX
8
0
10
16.5942
20
11.105
30
0
0
VERTEX
8
0
10
16.5942
20
11.705
30
0
0
VERTEX
8
0
10
15.394200000000001
20
11.705
30
0
0
VERTEX
8
0
10
15.394200000000001
20
11.105
30
0
0
VERTEX
8
0
10
16.00131875
20
11.105
30
0
0
VERTEX
8
0
10
16.428159375
20
10.678159375
30
0
0
VERTEX
8
0
10
16.433187500000003
20
10.674246875
30
0
42
0.14075965647395222
0
VERTEX
8
0
10
16.483471875
20
10.649753125
30
0
0
VERTEX
8
0
10
16.492834375
20
10.6489875
30
0
0
VERTEX
8
0
10
16.49585
20
10.648484375
30
0
0
VERTEX
8
0
10
16.49739375
20
10.6486125
30
0
0
VERTEX
8
0
10
16.5
20
10.6484
30
0
0
VERTEX
8
0
10
18.95791875
20
10.6484
30
0
0
VERTEX
8
0
10
19.73131875
20
9.875
30
0
0
VERTEX
8
0
10
19.725
20
9.875
30
0
0
VERTEX
8
0
10
19.725
20
9.225
30
0
0
VERTEX
8
0
10
21.525000000000002
20
9.225
30
0
0
SEQEND
0
POLYLINE
66
1
8
16_copper
10
0.0
20
0.0
30
0.0
70
1
0
VERTEX
8
0
10
21.525000000000002
20
11.145000000000001
30
0
0
VERTEX
8
0
10
19.74868125
20
11.145000000000001
30
0
0
VERTEX
8
0
10
18.571840625
20
12.321840625
30
0
0
VERTEX
8
0
10
18.5668125
20
12.325753125
30
0
42
0.14075965647395222
0
VERTEX
8
0
10
18.516528125
20
12.350246875
30
0
0
VERTEX
8
0
10
18.507165625000003
20
12.351012500000001
30
0
0
VERTEX
8
0
10
18.50415
20
12.351515625000001
30
0
0
VERTEX
8
0
10
18.50260625
20
12.351387500000001
30
0
0
VERTEX
8
0
10
18.5
20
12.351600000000001
30
0
0
VERTEX
8
0
10
16.292081250000003
20
12.351600000000001
30
0
0
VERTEX
8
0
10
16.26868125
20
12.375
30
0
0
VERTEX
8
0
10
16.5942
20
12.375
30
0
0
VERTEX
8
0
10
16.5942
20
12.975000000000001
30
0
0
VERTEX
8
0
10
15.394200000000001
20
12.975000000000001
30
0
0
VERTEX
8
0
10
15.394200000000001
20
12.375
30
0
0
VERTEX
8
0
10
15.981318750000002
20
12.375
30
0
0
VERTEX
8
0
10
16.178159375
20
12.178159375
30
0
0
VERTEX
8
0
10
16.183187500000003
20
12.174246875000001
30
0
42
0.14075965647395222
0
VERTEX
8
0
10
16.233471875
20
12.149753125
30
0
0
VERTEX
8
0
10
16.242834375
20
12.1489875
30
0
0
VERTEX
8
0
10
16.24585
20
12.148484375
30
0
0
VERTEX
8
0
10
16.24739375
20
12.1486125
30
0
0
VERTEX
8
0
10
16.25
20
12.1484
30
0
0
VERTEX
8
0
10
18.45791875
20
12.1484
30
0
0
VERTEX
8
0
10
19.678159375
20
10.928159375
30
0
0
VERTEX
8
0
10
19.683187500000003
20
10.924246875
30
0
42
0.1088579333928168
0
VERTEX
8
0
10
19.721040625
20
10.902615625000001
30
0
0
VERTEX
8
0
10
19.725
20
10.901956250000001
30
0
0
VERTEX
8
0
10
19.725
20
10.495000000000001
30
0
0
VERTEX
8
0
10
21.525000000000002
20
10.495000000000001
30
0
0
SEQEND
0
POLYLINE
66
1
8
16_copper
10
0.0
20
0.0
30
0.0
70
1
0
VERTEX
8
0
10
21.525000000000002
20
12.415000000000001
30
0
0
VERTEX
8
0
10
19.725
20
12.415000000000001
30
0
0
VERTEX
8
0
10
19.725
20
12.351600000000001
30
0
0
VERTEX
8
0
10
19.292081250000003
20
12.351600000000001
30
0
0
VERTEX
8
0
10
18.071840625
20
13.571840625
30
0
0
VERTEX
8
0
10
18.0668125
20
13.575753125
30
0
42
0.14075965647395222
0
VERTEX
8
0
10
18.016528125
20
13.600246875
30
0
0
VERTEX
8
0
10
18.007165625000003
20
13.601012500000001
30
0
0
VERTEX
8
0
10
18.00415
20
13.601515625000001
30
0
0
VERTEX
8
0
10
18.00260625
20
13.601387500000001
30
0
0
VERTEX
8
0
10
18
20
13.601600000000001
30
0
0
VERTEX
8
0
10
16.292081250000003
20
13.601600000000001
30
0
0
VERTEX
8
0
10
16.24868125
20
13.645000000000001
30
0
0
VERTEX
8
0
10
16.5942
20
13.645000000000001
30
0
0
VERTEX
8
0
10
16.5942
20
14.245000000000001
30
0
0
VERTEX
8
0
10
15.394200000000001
20
14.245000000000001
30
0
0
VERTEX
8
0
10
15.394200000000001
20
13.645000000000001
30
0
0
VERTEX
8
0
10
15.96131875
20
13.645000000000001
30
0
0
VERTEX
8
0
10
16.178159375
20
13.428159375
30
0
0
VERTEX
8
0
10
16.183187500000003
20
13.424246875000001
30
0
42
0.14075965647395222
0
VERTEX
8
0
10
16.233471875
20
13.399753125
30
0
0
VERTEX
8
0
10
16.242834375
20
13.3989875
30
0
0
VERTEX
8
0
10
16.24585
20
13.398484375
30
0
0
VERTEX
8
0
10
16.24739375
20
13.3986125
30
0
0
VERTEX
8
0
10
16.25
20
13.3984
30
0
0
VERTEX
8
0
10
17.95791875
20
13.3984
30
0
0
VERTEX
8
0
10
19.178159375
20
12.178159375
30
0
0
VERTEX
8
0
10
19.183187500000003
20
12.174246875000001
30
0
42
0.14075965647395222
0
VERTEX
8
0
10
19.233471875
20
12.149753125
30
0
0
VERTEX
8
0
10
19.242834375
20
12.1489875
30
0
0
VERTEX
8
0
10
19.24585
20
12.148484375
30
0
0
VERTEX
8
0
10
19.24739375
20
12.1486125
30
0
0
VERTEX
8
0
10
19.25
20
12.1484
30
0
0
VERTEX
8
0
10
19.725
20
12.1484
30
0
0
VERTEX
8
0
10
19.725
20
11.765
30
0
0
VERTEX
8
0
10
21.525000000000002
20
11.765
30
0
0
SEQEND
0
POLYLINE
66
1
8
16_copper
10
0.0
20
0.0
30
0.0
70
1
0
VERTEX
8
0
10
9.6058
20
12.8984
30
0
0
VERTEX
8
0
10
13.5
20
12.8984
30
0
0
VERTEX
8
0
10
13.5063375
20
12.899190625000001
30
0
42
0.1407252340376049
0
VERTEX
8
0
10
13.5592
20
12.917428125
30
0
0
VERTEX
8
0
10
13.566365625000001
20
12.923512500000001
30
0
0
VERTEX
8
0
10
13.568846875
20
12.925284375
30
0
0
VERTEX
8
0
10
13.56985
20
12.926468750000002
30
0
0
VERTEX
8
0
10
13.571840625
20
12.928159375
30
0
0
VERTEX
8
0
10
15.29208125
20
14.6484
30
0
0
VERTEX
8
0
10
17.45791875
20
14.6484
30
0
0
VERTEX
8
0
10
18.678159375
20
13.428159375
30
0
0
VERTEX
8
0
10
18.683187500000003
20
13.424246875000001
30
0
42
0.14075965647395222
0
VERTEX
8
0
10
18.733471875
20
13.399753125
30
0
0
VERTEX
8
0
10
18.742834375
20
13.3989875
30
0
0
VERTEX
8
0
10
18.74585
20
13.398484375
30
0
0
VERTEX
8
0
10
18.74739375
20
13.3986125
30
0
0
VERTEX
8
0
10
18.75
20
13.3984
30
0
0
VERTEX
8
0
10
19.725
20
13.3984
30
0
0
VERTEX
8
0
10
19.725
20
13.035
30
0
0
VERTEX
8
0
10
21.525000000000002
20
13.035
30
0
0
VERTEX
8
0
10
21.525000000000002
20
13.685
30
0
0
VERTEX
8
0
10
19.725
20
13.685
30
0
0
VERTEX
8
0
10
19.725
20
13.601600000000001
30
0
0
VERTEX
8
0
10
18.792081250000003
20
13.601600000000001
30
0
0
VERTEX
8
0
10
17.571840625
20
14.821840625
30
0
0
VERTEX
8
0
10
17.5668125
20
14.825753125
30
0
42
0.14075965647395222
0
VERTEX
8
0
10
17.516528125
20
14.850246875
30
0
0
VERTEX
8
0
10
17.507165625000003
20
14.851012500000001
30
0
0
VERTEX
8
0
10
17.50415
20
14.851515625000001
30
0
0
VERTEX
8
0
10
17.50260625
20
14.851387500000001
30
0
0
VERTEX
8
0
10
17.5
20
14.851600000000001
30
0
0
VERTEX
8
0
10
15.25
20
14.851600000000001
30
0
0
VERTEX
8
0
10
15.243662500000001
20
14.850809375
30
0
42
0.1407252340376049
0
VERTEX
8
0
10
15.190800000000001
20
14.832571875000001
30
0
0
VERTEX
8
0
10
15.183634375
20
14.8264875
30
0
0
VERTEX
8
0
10
15.181153125000002
20
14.824715625000001
30
0
0
VERTEX
8
0
10
15.180150000000001
20
14.82353125
30
0
0
VERTEX
8
0
10
15.178159375
20
14.821840625
30
0
0
VERTEX
8
0
10
13.457918750000001
20
13.101600000000001
30
0
0
VERTEX
8
0
10
9.5
20
13.101600000000001
30
0
0
VERTEX
8
0
10
9.493662500000001
20
13.100809375
30
0
42
0.1407252340376049
0
VERTEX
8
0
10
9.440800000000001
20
13.082571875000001
30
0
0
VERTEX
8
0
10
9.433634375
20
13.0764875
30
0
0
VERTEX
8
0
10
9.431153125
20
13.074715625000001
30
0
0
VERTEX
8
0
10
9.430150000000001
20
13.07353125
30
0
0
VERTEX
8
0
10
9.428159375
20
13.071840625
30
0
0
VERTEX
8
0
10
9.331318750000001
20
12.975000000000001
30
0
0
VERTEX
8
0
10
8.405800000000001
20
12.975000000000001
30
0
0
VERTEX
8
0
10
8.405800000000001
20
12.375
30
0
0
VERTEX
8
0
10
9.6058
20
12.375
30
0
0
SEQEND
0
POLYLINE
66
1
8
1_copper
10
0.0
20
0.0
30
0.0
70
1
0
VERTEX
8
0
10
77.02635000000001
20
73.36280000000001
30
0
0
VERTEX
8
0
10
76.167309375
20
74.221840625
30
0
0
VERTEX
8
0
10
76.16228125
20
74.225753125
30
0
42
0.14075965647395222
0
VERTEX
8
0
10
76.111996875
20
74.250246875
30
0
0
VERTEX
8
0
10
76.10263437500001
20
74.2510125
30
0
0
VERTEX
8
0
10
76.09961875
20
74.25151562500001
30
0
0
VERTEX
8
0
10
76.09807500000001
20
74.2513875
30
0
0
VERTEX
8
0
10
76.09546875000001
20
74.25160000000001
30
0
0
VERTEX
8
0
10
72.69
20
74.25160000000001
30
0
0
VERTEX
8
0
10
72.6836625
20
74.250809375
30
0
42
0.1407252340376049
0
VERTEX
8
0
10
72.63080000000001
20
74.232571875
30
0
0
VERTEX
8
0
10
72.62363437500001
20
74.2264875
30
0
0
VERTEX
8
0
10
72.621153125
20
74.224715625
30
0
0
VERTEX
8
0
10
72.62015000000001
20
74.22353125000001
30
0
0
VERTEX
8
0
10
72.618159375
20
74.221840625
30
0
0
VERTEX
8
0
10
72.61791875
20
74.22160000000001
30
0
0
VERTEX
8
0
10
71.9447375
20
74.22160000000001
30
0
0
VERTEX
8
0
10
71.9384
20
74.220809375
30
0
42
0.1407252340376049
0
VERTEX
8
0
10
71.8855375
20
74.202571875
30
0
0
VERTEX
8
0
10
71.878371875
20
74.1964875
30
0
0
VERTEX
8
0
10
71.875890625
20
74.194715625
30
0
0
VERTEX
8
0
10
71.8748875
20
74.19353125
30
0
0
VERTEX
8
0
10
71.87289687500001
20
74.191840625
30
0
0
VERTEX
8
0
10
70.91685625000001
20
73.2358
30
0
0
VERTEX
8
0
10
62.13374375
20
73.2358
30
0
0
VERTEX
8
0
10
61.177703125
20
74.191840625
30
0
0
VERTEX
8
0
10
61.172675000000005
20
74.19575312500001
30
0
42
0.14075965647395222
0
VERTEX
8
0
10
61.122390625
20
74.220246875
30
0
0
VERTEX
8
0
10
61.113028125
20
74.2210125
30
0
0
VERTEX
8
0
10
61.1100125
20
74.22151562500001
30
0
0
VERTEX
8
0
10
61.10846875
20
74.2213875
30
0
0
VERTEX
8
0
10
61.1058625
20
74.22160000000001
30
0
0
VERTEX
8
0
10
59.96
20
74.22160000000001
30
0
0
VERTEX
8
0
10
59.935043750000006
20
74.21848750000001
30
0
42
0.8128116491081416
0
VERTEX
8
0
10
59.943471875
20
74.01975312500001
30
0
0
VERTEX
8
0
10
59.96
20
74.0184
30
0
0
VERTEX
8
0
10
61.063781250000005
20
74.0184
30
0
0
VERTEX
8
0
10
62.019821875000005
20
73.062359375
30
0
0
VERTEX
8
0
10
62.02485
20
73.058446875
30
0
42
0.14075965647395222
0
VERTEX
8
0
10
62.075134375000005
20
73.033953125
30
0
0
VERTEX
8
0
10
62.084496875000006
20
73.0331875
30
0
0
VERTEX
8
0
10
62.0875125
20
73.032684375
30
0
0
VERTEX
8
0
10
62.089056250000006
20
73.0328125
30
0
0
VERTEX
8
0
10
62.091662500000005
20
73.0326
30
0
0
VERTEX
8
0
10
70.9589375
20
73.0326
30
0
0
VERTEX
8
0
10
70.965275
20
73.03339062500001
30
0
42
0.1407252340376049
0
VERTEX
8
0
10
71.01813750000001
20
73.05162812500001
30
0
0
VERTEX
8
0
10
71.02530312500001
20
73.05771250000001
30
0
0
VERTEX
8
0
10
71.02778437500001
20
73.059484375
30
0
0
VERTEX
8
0
10
71.0287875
20
73.06066875
30
0
0
VERTEX
8
0
10
71.030778125
20
73.062359375
30
0
0
VERTEX
8
0
10
71.98681875
20
74.0184
30
0
0
VERTEX
8
0
10
72.66
20
74.0184
30
0
0
VERTEX
8
0
10
72.6663375
20
74.01919062500001
30
0
42
0.04638019790171503
0
VERTEX
8
0
10
72.68495625
20
74.0215125
30
0
0
VERTEX
8
0
10
72.690903125
20
74.023834375
30
0
42
0.06173783936023572
0
VERTEX
8
0
10
72.7192
20
74.037428125
30
0
0
VERTEX
8
0
10
72.726365625
20
74.0435125
30
0
0
VERTEX
8
0
10
72.728846875
20
74.04528437500001
30
0
0
VERTEX
8
0
10
72.72985
20
74.04646875
30
0
0
VERTEX
8
0
10
72.731840625
20
74.048159375
30
0
0
VERTEX
8
0
10
72.73208125000001
20
74.0484
30
0
0
VERTEX
8
0
10
76.0533875
20
74.0484
30
0
0
VERTEX
8
0
10
76.912428125
20
73.18935937500001
30
0
0
VERTEX
8
0
10
76.91745625
20
73.185446875
30
0
42
0.14075965647395222
0
VERTEX
8
0
10
76.967740625
20
73.160953125
30
0
0
VERTEX
8
0
10
76.977103125
20
73.1601875
30
0
0
VERTEX
8
0
10
76.98011875
20
73.159684375
30
0
0
VERTEX
8
0
10
76.9816625
20
73.1598125
30
0
0
VERTEX
8
0
10
76.98426875
20
73.1596
30
0
0
VERTEX
8
0
10
84.1012
20
73.1596
30
0
0
VERTEX
8
0
10
84.1075375
20
73.160390625
30
0
42
0.1407252340376049
0
VERTEX
8
0
10
84.16040000000001
20
73.178628125
30
0
0
VERTEX
8
0
10
84.16756562500001
20
73.1847125
30
0
0
VERTEX
8
0
10
84.170046875
20
73.186484375
30
0
0
VERTEX
8
0
10
84.17105000000001
20
73.18766875
30
0
0
VERTEX
8
0
10
84.173040625
20
73.18935937500001
30
0
0
VERTEX
8
0
10
85.98788125
20
75.0042
30
0
0
VERTEX
8
0
10
91.86742500000001
20
75.0042
30
0
0
VERTEX
8
0
10
91.871040625
20
75.002615625
30
0
42
0.030000644591443172
0
VERTEX
8
0
10
91.883471875
20
74.999753125
30
0
0
VERTEX
8
0
10
91.892834375
20
74.9989875
30
0
0
VERTEX
8
0
10
91.89585000000001
20
74.998484375
30
0
0
VERTEX
8
0
10
91.89739375
20
74.99861250000001
30
0
0
VERTEX
8
0
10
91.9
20
74.9984
30
0
0
VERTEX
8
0
10
92.85791875000001
20
74.9984
30
0
0
VERTEX
8
0
10
95.428159375
20
72.428159375
30
0
0
VERTEX
8
0
10
95.4331875
20
72.42424687500001
30
0
42
0.14075965647395222
0
VERTEX
8
0
10
95.483471875
20
72.399753125
30
0
0
VERTEX
8
0
10
95.492834375
20
72.3989875
30
0
0
VERTEX
8
0
10
95.49585
20
72.39848437500001
30
0
0
VERTEX
8
0
10
95.49739375
20
72.3986125
30
0
0
VERTEX
8
0
10
95.5
20
72.39840000000001
30
0
0
VERTEX
8
0
10
96
20
72.39840000000001
30
0
0
VERTEX
8
0
10
96.0063375
20
72.399190625
30
0
42
0.1407252340376049
0
VERTEX
8
0
10
96.0592
20
72.417428125
30
0
0
VERTEX
8
0
10
96.066365625
20
72.4235125
30
0
0
VERTEX
8
0
10
96.068846875
20
72.425284375
30
0
0
VERTEX
8
0
10
96.06985
20
72.42646875
30
0
0
VERTEX
8
0
10
96.07184062500001
20
72.428159375
30
0
0
VERTEX
8
0
10
97.566721875
20
73.923040625
30
0
0
VERTEX
8
0
10
97.720959375
20
74.03871875
30
0
0
VERTEX
8
0
10
97.73905937500001
20
74.056184375
30
0
42
0.8128061230196819
0
VERTEX
8
0
10
97.61307500000001
20
74.21011250000001
30
0
0
VERTEX
8
0
10
97.599040625
20
74.20128125000001
30
0
0
VERTEX
8
0
10
97.439040625
20
74.08128125
30
0
0
VERTEX
8
0
10
97.437290625
20
74.07959375
30
0
0
VERTEX
8
0
10
97.428159375
20
74.07184062500001
30
0
0
VERTEX
8
0
10
95.95791875
20
72.6016
30
0
0
VERTEX
8
0
10
95.54208125000001
20
72.6016
30
0
0
VERTEX
8
0
10
92.971840625
20
75.171840625
30
0
0
VERTEX
8
0
10
92.9668125
20
75.175753125
30
0
42
0.14075965647395222
0
VERTEX
8
0
10
92.916528125
20
75.200246875
30
0
0
VERTEX
8
0
10
92.907165625
20
75.2010125
30
0
0
VERTEX
8
0
10
92.90415
20
75.201515625
30
0
0
VERTEX
8
0
10
92.90260625
20
75.20138750000001
30
0
0
VERTEX
8
0
10
92.9
20
75.2016
30
0
0
VERTEX
8
0
10
91.926775
20
75.2016
30
0
0
VERTEX
8
0
10
91.923159375
20
75.203184375
30
0
42
0.0314202763045706
0
VERTEX
8
0
10
91.910728125
20
75.206046875
30
0
0
VERTEX
8
0
10
91.90136562500001
20
75.2068125
30
0
0
VERTEX
8
0
10
91.89835000000001
20
75.207315625
30
0
0
VERTEX
8
0
10
91.89680625
20
75.2071875
30
0
0
VERTEX
8
0
10
91.8942
20
75.2074
30
0
0
VERTEX
8
0
10
85.9458
20
75.2074
30
0
0
VERTEX
8
0
10
85.9394625
20
75.206609375
30
0
42
0.1407252340376049
0
VERTEX
8
0
10
85.8866
20
75.188371875
30
0
0
VERTEX
8
0
10
85.879434375
20
75.1822875
30
0
0
VERTEX
8
0
10
85.876953125
20
75.180515625
30
0
0
VERTEX
8
0
10
85.87595
20
75.17933125
30
0
0
VERTEX
8
0
10
85.873959375
20
75.17764062500001
30
0
0
VERTEX
8
0
10
84.05911875000001
20
73.36280000000001
30
0
0
SEQEND
0
POLYLINE
66
1
8
1_copper
10
0.0
20
0.0
30
0.0
70
1
0
VERTEX
8
0
10
34.0063375
20
73.149190625
30
0
42
0.1407252340376049
0
VERTEX
8
0
10
34.059200000000004
20
73.167428125
30
0
0
VERTEX
8
0
10
34.066365625
20
73.1735125
30
0
0
VERTEX
8
0
10
34.068846875
20
73.175284375
30
0
0
VERTEX
8
0
10
34.06985
20
73.17646875
30
0
0
VERTEX
8
0
10
34.071840625
20
73.178159375
30
0
0
VERTEX
8
0
10
34.81221875
20
73.9185375
30
0
0
VERTEX
8
0
10
35.01040625
20
74.03178750000001
30
0
0
VERTEX
8
0
10
35.03053125
20
74.04687187500001
30
0
42
0.8128171469939597
0
VERTEX
8
0
10
34.9246125
20
74.2152375
30
0
0
VERTEX
8
0
10
34.90959375
20
74.2082125
30
0
0
VERTEX
8
0
10
34.69959375
20
74.0882125
30
0
0
VERTEX
8
0
10
34.695415625
20
74.08508125
30
0
0
VERTEX
8
0
10
34.6908
20
74.082571875
30
0
0
VERTEX
8
0
10
34.6812375
20
74.074453125
30
0
0
VERTEX
8
0
10
34.679468750000005
20
74.073128125
30
0
0
VERTEX
8
0
10
34.679015625
20
74.07256875
30
0
0
VERTEX
8
0
10
34.678159375
20
74.07184062500001
30
0
0
VERTEX
8
0
10
33.957918750000005
20
73.3516
30
0
0
VERTEX
8
0
10
23.57208125
20
73.3516
30
0
0
VERTEX
8
0
10
22.731840625
20
74.191840625
30
0
0
VERTEX
8
0
10
22.71199375
20
74.2072875
30
0
42
0.8128176307274321
0
VERTEX
8
0
10
22.577428125
20
74.0608
30
0
0
VERTEX
8
0
10
22.588159375
20
74.048159375
30
0
0
VERTEX
8
0
10
23.458159375
20
73.178159375
30
0
0
VERTEX
8
0
10
23.4631875
20
73.17424687500001
30
0
42
0.14075965647395222
0
VERTEX
8
0
10
23.513471875
20
73.149753125
30
0
0
VERTEX
8
0
10
23.522834375000002
20
73.1489875
30
0
0
VERTEX
8
0
10
23.525850000000002
20
73.14848437500001
30
0
0
VERTEX
8
0
10
23.52739375
20
73.1486125
30
0
0
VERTEX
8
0
10
23.53
20
73.14840000000001
30
0
0
VERTEX
8
0
10
34
20
73.14840000000001
30
0
0
SEQEND
0
POLYLINE
66
1
8
1_copper
10
0.0
20
0.0
30
0.0
70
1
0
VERTEX
8
0
10
49.553859375
20
72.02566250000001
30
0
42
0.9999999999999999
0
VERTEX
8
0
10
49.446140625000005
20
72.4743375
30
0
0
VERTEX
8
0
10
49.425915625
20
72.467765625
30
0
0
VERTEX
8
0
10
47.826959375
20
74.066721875
30
0
0
VERTEX
8
0
10
47.74128125
20
74.180959375
30
0
0
VERTEX
8
0
10
47.723815625
20
74.199059375
30
0
42
0.8128061230196819
0
VERTEX
8
0
10
47.5698875
20
74.073075
30
0
0
VERTEX
8
0
10
47.57871875
20
74.05904062500001
30
0
0
VERTEX
8
0
10
47.668718750000004
20
73.939040625
30
0
0
VERTEX
8
0
10
47.67040625
20
73.937290625
30
0
0
VERTEX
8
0
10
47.678159375
20
73.928159375
30
0
0
VERTEX
8
0
10
49.282234375
20
72.324084375
30
0
0
VERTEX
8
0
10
49.2756625
20
72.303859375
30
0
42
0.5095244921166611
0
VERTEX
8
0
10
49.518100000000004
20
72.02000000000001
30
0
0
SEQEND
0
POLYLINE
66
1
8
16_copper
10
0.0
20
0.0
30
0.0
70
1
0
VERTEX
8
0
10
59.0063375
20
73.149190625
30
0
42
0.1407252340376049
0
VERTEX
8
0
10
59.059200000000004
20
73.167428125
30
0
0
VERTEX
8
0
10
59.066365625
20
73.1735125
30
0
0
VERTEX
8
0
10
59.068846875000006
20
73.175284375
30
0
0
VERTEX
8
0
10
59.06985
20
73.17646875
30
0
0
VERTEX
8
0
10
59.071840625
20
73.178159375
30
0
0
VERTEX
8
0
10
59.81221875
20
73.9185375
30
0
0
VERTEX
8
0
10
60.01040625
20
74.03178750000001
30
0
0
VERTEX
8
0
10
60.03053125
20
74.04687187500001
30
0
42
0.8128171469939597
0
VERTEX
8
0
10
59.9246125
20
74.2152375
30
0
0
VERTEX
8
0
10
59.909593750000006
20
74.2082125
30
0
0
VERTEX
8
0
10
59.699593750000005
20
74.0882125
30
0
0
VERTEX
8
0
10
59.695415625
20
74.08508125
30
0
0
VERTEX
8
0
10
59.6908
20
74.082571875
30
0
0
VERTEX
8
0
10
59.6812375
20
74.074453125
30
0
0
VERTEX
8
0
10
59.679468750000005
20
74.073128125
30
0
0
VERTEX
8
0
10
59.679015625000005
20
74.07256875
30
0
0
VERTEX
8
0
10
59.678159375
20
74.07184062500001
30
0
0
VERTEX
8
0
10
58.957918750000005
20
73.3516
30
0
0
VERTEX
8
0
10
54.54208125
20
73.3516
30
0
0
VERTEX
8
0
10
52.821840625
20
75.07184062500001
30
0
0
VERTEX
8
0
10
52.816812500000005
20
75.075753125
30
0
42
0.14075965647395222
0
VERTEX
8
0
10
52.766528125
20
75.10024687500001
30
0
0
VERTEX
8
0
10
52.757165625000006
20
75.10101250000001
30
0
0
VERTEX
8
0
10
52.75415
20
75.101515625
30
0
0
VERTEX
8
0
10
52.75260625
20
75.1013875
30
0
0
VERTEX
8
0
10
52.75
20
75.1016
30
0
0
VERTEX
8
0
10
48.5
20
75.1016
30
0
0
VERTEX
8
0
10
48.4936625
20
75.100809375
30
0
42
0.1407252340376049
0
VERTEX
8
0
10
48.4408
20
75.082571875
30
0
0
VERTEX
8
0
10
48.433634375000004
20
75.0764875
30
0
0
VERTEX
8
0
10
48.431153125
20
75.07471562500001
30
0
0
VERTEX
8
0
10
48.430150000000005
20
75.07353125
30
0
0
VERTEX
8
0
10
48.428159375
20
75.07184062500001
30
0
0
VERTEX
8
0
10
47.678159375
20
74.32184062500001
30
0
0
VERTEX
8
0
10
47.67765
20
74.321184375
30
0
0
VERTEX
8
0
10
47.676984375
20
74.32065
30
0
0
VERTEX
8
0
10
47.666465625
20
74.30783125
30
0
0
VERTEX
8
0
10
47.576465625000004
20
74.17783125
30
0
0
VERTEX
8
0
10
47.56481875
20
74.155540625
30
0
42
0.8128153401466448
0
VERTEX
8
0
10
47.733015625
20
74.04935
30
0
0
VERTEX
8
0
10
47.743534375
20
74.06216875
30
0
0
VERTEX
8
0
10
47.828325
20
74.18464375
30
0
0
VERTEX
8
0
10
48.54208125
20
74.89840000000001
30
0
0
VERTEX
8
0
10
52.707918750000005
20
74.89840000000001
30
0
0
VERTEX
8
0
10
54.428159375
20
73.178159375
30
0
0
VERTEX
8
0
10
54.4331875
20
73.17424687500001
30
0
42
0.14075965647395222
0
VERTEX
8
0
10
54.483471875
20
73.149753125
30
0
0
VERTEX
8
0
10
54.492834375
20
73.1489875
30
0
0
VERTEX
8
0
10
54.495850000000004
20
73.14848437500001
30
0
0
VERTEX
8
0
10
54.49739375
20
73.1486125
30
0
0
VERTEX
8
0
10
54.5
20
73.14840000000001
30
0
0
VERTEX
8
0
10
59
20
73.14840000000001
30
0
0
SEQEND
0
POLYLINE
66
1
8
16_copper
10
0.0
20
0.0
30
0.0
70
1
0
VERTEX
8
0
10
47.1058
20
69.89840000000001
30
0
0
VERTEX
8
0
10
47.25
20
69.89840000000001
30
0
0
VERTEX
8
0
10
47.2563375
20
69.899190625
30
0
42
0.1407252340376049
0
VERTEX
8
0
10
47.309200000000004
20
69.917428125
30
0
0
VERTEX
8
0
10
47.316365625
20
69.9235125
30
0
0
VERTEX
8
0
10
47.318846875000006
20
69.925284375
30
0
0
VERTEX
8
0
10
47.31985
20
69.92646875
30
0
0
VERTEX
8
0
10
47.321840625
20
69.928159375
30
0
0
VERTEX
8
0
10
49.425915625
20
72.032234375
30
0
0
VERTEX
8
0
10
49.446140625000005
20
72.02566250000001
30
0
42
0.9999999999999999
0
VERTEX
8
0
10
49.553859375
20
72.4743375
30
0
0
VERTEX
8
0
10
49.518100000000004
20
72.48
30
0
42
0.5095244921166611
0
VERTEX
8
0
10
49.2756625
20
72.196140625
30
0
0
VERTEX
8
0
10
49.282234375
20
72.175915625
30
0
0
VERTEX
8
0
10
47.207918750000005
20
70.1016
30
0
0
VERTEX
8
0
10
47
20
70.1016
30
0
0
VERTEX
8
0
10
46.9936625
20
70.100809375
30
0
42
0.1407252340376049
0
VERTEX
8
0
10
46.9408
20
70.082571875
30
0
0
VERTEX
8
0
10
46.933634375000004
20
70.0764875
30
0
0
VERTEX
8
0
10
46.931153125
20
70.07471562500001
30
0
0
VERTEX
8
0
10
46.930150000000005
20
70.07353125
30
0
0
VERTEX
8
0
10
46.928159375
20
70.07184062500001
30
0
0
VERTEX
8
0
10
46.83131875
20
69.97500000000001
30
0
0
VERTEX
8
0
10
45.9058
20
69.97500000000001
30
0
0
VERTEX
8
0
10
45.9058
20
69.375
30
0
0
VERTEX
8
0
10
47.1058
20
69.375
30
0
0
SEQEND
0
POLYLINE
66
1
8
16_copper
10
0.0
20
0.0
30
0.0
70
1
0
VERTEX
8
0
10
91.5063375
20
72.899190625
30
0
42
0.1407252340376049
0
VERTEX
8
0
10
91.5592
20
72.917428125
30
0
0
VERTEX
8
0
10
91.566365625
20
72.9235125
30
0
0
VERTEX
8
0
10
91.568846875
20
72.925284375
30
0
0
VERTEX
8
0
10
91.56985
20
72.92646875
30
0
0
VERTEX
8
0
10
91.57184062500001
20
72.928159375
30
0
0
VERTEX
8
0
10
92.57184062500001
20
73.928159375
30
0
0
VERTEX
8
0
10
92.572896875
20
73.92951875
30
0
0
VERTEX
8
0
10
92.57424375000001
20
73.93064062500001
30
0
0
VERTEX
8
0
10
92.58453750000001
20
73.94364375
30
0
0
VERTEX
8
0
10
92.66453750000001
20
74.06364375
30
0
0
VERTEX
8
0
10
92.675790625
20
74.086134375
30
0
42
0.8128119064910809
0
VERTEX
8
0
10
92.50575625
20
74.18935937500001
30
0
0
VERTEX
8
0
10
92.4954625
20
74.17635625
30
0
0
VERTEX
8
0
10
92.42103750000001
20
74.06471875
30
0
0
VERTEX
8
0
10
91.45791875
20
73.1016
30
0
0
VERTEX
8
0
10
78.54208125000001
20
73.1016
30
0
0
VERTEX
8
0
10
77.57184062500001
20
74.07184062500001
30
0
0
VERTEX
8
0
10
77.569946875
20
74.073315625
30
0
0
VERTEX
8
0
10
77.56095937500001
20
74.08128125
30
0
0
VERTEX
8
0
10
77.400959375
20
74.20128125000001
30
0
0
VERTEX
8
0
10
77.379125
20
74.2137625
30
0
42
0.8128113325975903
0
VERTEX
8
0
10
77.26663125
20
74.04971875
30
0
0
VERTEX
8
0
10
77.27904062500001
20
74.03871875
30
0
0
VERTEX
8
0
10
77.433278125
20
73.923040625
30
0
0
VERTEX
8
0
10
78.25471875000001
20
73.1016
30
0
0
VERTEX
8
0
10
68.79208125000001
20
73.1016
30
0
0
VERTEX
8
0
10
67.82184062500001
20
74.07184062500001
30
0
0
VERTEX
8
0
10
67.82155312500001
20
74.07206562500001
30
0
0
VERTEX
8
0
10
67.8213125
20
74.07236875000001
30
0
0
VERTEX
8
0
10
67.80859062500001
20
74.083003125
30
0
0
VERTEX
8
0
10
67.638590625
20
74.20300312500001
30
0
0
VERTEX
8
0
10
67.61640625
20
74.214853125
30
0
42
0.8128145246225277
0
VERTEX
8
0
10
67.50868750000001
20
74.04763125000001
30
0
0
VERTEX
8
0
10
67.521409375
20
74.036996875
30
0
0
VERTEX
8
0
10
67.6843125
20
73.92200625000001
30
0
0
VERTEX
8
0
10
68.50471875000001
20
73.1016
30
0
0
VERTEX
8
0
10
66.5
20
73.1016
30
0
0
VERTEX
8
0
10
66.4936625
20
73.100809375
30
0
42
0.1407252340376049
0
VERTEX
8
0
10
66.44080000000001
20
73.082571875
30
0
0
VERTEX
8
0
10
66.433634375
20
73.0764875
30
0
0
VERTEX
8
0
10
66.43115312500001
20
73.07471562500001
30
0
0
VERTEX
8
0
10
66.43015
20
73.07353125
30
0
0
VERTEX
8
0
10
66.428159375
20
73.07184062500001
30
0
0
VERTEX
8
0
10
64.45791875
20
71.1016
30
0
0
VERTEX
8
0
10
54.0942
20
71.1016
30
0
0
VERTEX
8
0
10
54.0942
20
71.245
30
0
0
VERTEX
8
0
10
53.11868125
20
71.245
30
0
0
VERTEX
8
0
10
51.36368125
20
73
30
0
0
VERTEX
8
0
10
52.411840625
20
74.048159375
30
0
0
VERTEX
8
0
10
52.427287500000006
20
74.06800625000001
30
0
42
0.8128176307274321
0
VERTEX
8
0
10
52.2808
20
74.202571875
30
0
0
VERTEX
8
0
10
52.268159375
20
74.191840625
30
0
0
VERTEX
8
0
10
51.17791875
20
73.1016
30
0
0
VERTEX
8
0
10
41.745281250000005
20
73.1016
30
0
0
VERTEX
8
0
10
42.571840625
20
73.928159375
30
0
0
VERTEX
8
0
10
42.572896875000005
20
73.92951875
30
0
0
VERTEX
8
0
10
42.57424375
20
73.93064062500001
30
0
0
VERTEX
8
0
10
42.5845375
20
73.94364375
30
0
0
VERTEX
8
0
10
42.6645375
20
74.06364375
30
0
0
VERTEX
8
0
10
42.675790625000005
20
74.086134375
30
0
42
0.8128119064910809
0
VERTEX
8
0
10
42.505756250000005
20
74.18935937500001
30
0
0
VERTEX
8
0
10
42.4954625
20
74.17635625
30
0
0
VERTEX
8
0
10
42.421037500000004
20
74.06471875
30
0
0
VERTEX
8
0
10
41.457918750000005
20
73.1016
30
0
0
VERTEX
8
0
10
26.49528125
20
73.1016
30
0
0
VERTEX
8
0
10
27.321840625
20
73.928159375
30
0
0
VERTEX
8
0
10
27.323315625000003
20
73.930053125
30
0
0
VERTEX
8
0
10
27.33128125
20
73.939040625
30
0
0
VERTEX
8
0
10
27.42128125
20
74.05904062500001
30
0
0
VERTEX
8
0
10
27.4337625
20
74.080875
30
0
42
0.8128113325975903
0
VERTEX
8
0
10
27.269718750000003
20
74.19336875
30
0
0
VERTEX
8
0
10
27.25871875
20
74.180959375
30
0
0
VERTEX
8
0
10
27.173040625000002
20
74.066721875
30
0
0
VERTEX
8
0
10
26.20791875
20
73.1016
30
0
0
VERTEX
8
0
10
16.74528125
20
73.1016
30
0
0
VERTEX
8
0
10
17.571840625
20
73.928159375
30
0
0
VERTEX
8
0
10
17.572896875
20
73.92951875
30
0
0
VERTEX
8
0
10
17.57424375
20
73.93064062500001
30
0
0
VERTEX
8
0
10
17.5845375
20
73.94364375
30
0
0
VERTEX
8
0
10
17.6645375
20
74.06364375
30
0
0
VERTEX
8
0
10
17.675790625
20
74.086134375
30
0
42
0.8128119064910809
0
VERTEX
8
0
10
17.50575625
20
74.18935937500001
30
0
0
VERTEX
8
0
10
17.495462500000002
20
74.17635625
30
0
0
VERTEX
8
0
10
17.4210375
20
74.06471875
30
0
0
VERTEX
8
0
10
16.45791875
20
73.1016
30
0
0
VERTEX
8
0
10
3.5420812500000003
20
73.1016
30
0
0
VERTEX
8
0
10
2.571840625
20
74.07184062500001
30
0
0
VERTEX
8
0
10
2.5699468750000003
20
74.073315625
30
0
0
VERTEX
8
0
10
2.560959375
20
74.08128125
30
0
0
VERTEX
8
0
10
2.4009593750000002
20
74.20128125000001
30
0
0
VERTEX
8
0
10
2.379125
20
74.2137625
30
0
42
0.8128113325975903
0
VERTEX
8
0
10
2.26663125
20
74.04971875
30
0
0
VERTEX
8
0
10
2.279040625
20
74.03871875
30
0
0
VERTEX
8
0
10
2.433278125
20
73.923040625
30
0
0
VERTEX
8
0
10
3.4281593750000003
20
72.928159375
30
0
0
VERTEX
8
0
10
3.4331875000000003
20
72.92424687500001
30
0
42
0.14075965647395222
0
VERTEX
8
0
10
3.483471875
20
72.899753125
30
0
0
VERTEX
8
0
10
3.492834375
20
72.8989875
30
0
0
VERTEX
8
0
10
3.4958500000000003
20
72.89848437500001
30
0
0
VERTEX
8
0
10
3.49739375
20
72.8986125
30
0
0
VERTEX
8
0
10
3.5
20
72.89840000000001
30
0
0
VERTEX
8
0
10
51.17791875
20
72.89840000000001
30
0
0
VERTEX
8
0
10
52.894200000000005
20
71.18211875
30
0
0
VERTEX
8
0
10
52.894200000000005
20
70.64500000000001
30
0
0
VERTEX
8
0
10
54.0942
20
70.64500000000001
30
0
0
VERTEX
8
0
10
54.0942
20
70.89840000000001
30
0
0
VERTEX
8
0
10
64.5
20
70.89840000000001
30
0
0
VERTEX
8
0
10
64.5063375
20
70.899190625
30
0
42
0.1407252340376049
0
VERTEX
8
0
10
64.5592
20
70.917428125
30
0
0
VERTEX
8
0
10
64.566365625
20
70.9235125
30
0
0
VERTEX
8
0
10
64.568846875
20
70.925284375
30
0
0
VERTEX
8
0
10
64.56985
20
70.92646875
30
0
0
VERTEX
8
0
10
64.57184062500001
20
70.928159375
30
0
0
VERTEX
8
0
10
66.54208125000001
20
72.89840000000001
30
0
0
VERTEX
8
0
10
91.5
20
72.89840000000001
30
0
0
SEQEND
0
POLYLINE
66
1
8
1_copper
10
0.0
20
0.0
30
0.0
70
1
0
VERTEX
8
0
10
17.605934375
20
58.781765625000006
30
0
42
0.4638644596194231
0
VERTEX
8
0
10
17.672578125
20
58.921856250000005
30
0
0
VERTEX
8
0
10
17.6645375
20
58.93635625
30
0
0
VERTEX
8
0
10
17.5845375
20
59.05635625
30
0
0
VERTEX
8
0
10
17.583403125
20
59.057668750000005
30
0
0
VERTEX
8
0
10
17.582571875
20
59.059200000000004
30
0
0
VERTEX
8
0
10
17.571840625
20
59.071840625
30
0
0
VERTEX
8
0
10
8.101600000000001
20
68.54208125000001
30
0
0
VERTEX
8
0
10
8.101600000000001
20
69.5
30
0
0
VERTEX
8
0
10
8.100809375
20
69.5063375
30
0
42
0.1407252340376049
0
VERTEX
8
0
10
8.082571875000001
20
69.5592
30
0
0
VERTEX
8
0
10
8.0764875
20
69.566365625
30
0
0
VERTEX
8
0
10
8.074715625
20
69.568846875
30
0
0
VERTEX
8
0
10
8.07353125
20
69.56985
30
0
0
VERTEX
8
0
10
8.071840625
20
69.57184062500001
30
0
0
VERTEX
8
0
10
5.1016
20
72.54208125000001
30
0
0
VERTEX
8
0
10
5.1016
20
74
30
0
0
VERTEX
8
0
10
5.100809375
20
74.0063375
30
0
42
0.1407252340376049
0
VERTEX
8
0
10
5.082571875
20
74.0592
30
0
0
VERTEX
8
0
10
5.0764875
20
74.066365625
30
0
0
VERTEX
8
0
10
5.0747156250000005
20
74.068846875
30
0
0
VERTEX
8
0
10
5.07353125
20
74.06985
30
0
0
VERTEX
8
0
10
5.071840625
20
74.07184062500001
30
0
0
VERTEX
8
0
10
4.951840625
20
74.191840625
30
0
0
VERTEX
8
0
10
4.93199375
20
74.2072875
30
0
42
0.8128176307274321
0
VERTEX
8
0
10
4.797428125000001
20
74.0608
30
0
0
VERTEX
8
0
10
4.808159375
20
74.048159375
30
0
0
VERTEX
8
0
10
4.8984000000000005
20
73.95791875
30
0
0
VERTEX
8
0
10
4.8984000000000005
20
72.5
30
0
0
VERTEX
8
0
10
4.899190625
20
72.4936625
30
0
42
0.1407252340376049
0
VERTEX
8
0
10
4.917428125
20
72.44080000000001
30
0
0
VERTEX
8
0
10
4.9235125
20
72.433634375
30
0
0
VERTEX
8
0
10
4.925284375
20
72.43115312500001
30
0
0
VERTEX
8
0
10
4.926468750000001
20
72.43015
30
0
0
VERTEX
8
0
10
4.928159375
20
72.428159375
30
0
0
VERTEX
8
0
10
7.8984000000000005
20
69.45791875
30
0
0
VERTEX
8
0
10
7.8984000000000005
20
68.5
30
0
0
VERTEX
8
0
10
7.899190625
20
68.4936625
30
0
42
0.1407252340376049
0
VERTEX
8
0
10
7.917428125000001
20
68.44080000000001
30
0
0
VERTEX
8
0
10
7.9235125
20
68.433634375
30
0
0
VERTEX
8
0
10
7.925284375
20
68.43115312500001
30
0
0
VERTEX
8
0
10
7.926468750000001
20
68.43015
30
0
0
VERTEX
8
0
10
7.928159375000001
20
68.428159375
30
0
0
VERTEX
8
0
10
17.4210375
20
58.93528125
30
0
0
VERTEX
8
0
10
17.495462500000002
20
58.82364375
30
0
0
VERTEX
8
0
10
17.511896875
20
58.804603125
30
0
42
0.18831727789822852
0
VERTEX
8
0
10
17.581009375
20
58.77840625
30
0
0
SEQEND
0
POLYLINE
66
1
8
1_copper
10
0.0
20
0.0
30
0.0
70
1
0
VERTEX
8
0
10
73.64840000000001
20
58.29208125
30
0
0
VERTEX
8
0
10
72.95791875
20
57.601600000000005
30
0
0
VERTEX
8
0
10
69.54208125000001
20
57.601600000000005
30
0
0
VERTEX
8
0
10
68.32184062500001
20
58.821840625
30
0
0
VERTEX
8
0
10
68.3168125
20
58.825753125000006
30
0
42
0.14075965647395222
0
VERTEX
8
0
10
68.26652812500001
20
58.850246875
30
0
0
VERTEX
8
0
10
68.257165625
20
58.8510125
30
0
0
VERTEX
8
0
10
68.25415000000001
20
58.851515625000005
30
0
0
VERTEX
8
0
10
68.25260625
20
58.8513875
30
0
0
VERTEX
8
0
10
68.25
20
58.851600000000005
30
0
0
VERTEX
8
0
10
67.78439375
20
58.851600000000005
30
0
0
VERTEX
8
0
10
67.641715625
20
58.96070625
30
0
0
VERTEX
8
0
10
67.62
20
58.97339375
30
0
42
0.8127984266620674
0
VERTEX
8
0
10
67.505975
20
58.810409375000006
30
0
0
VERTEX
8
0
10
67.51828437500001
20
58.799293750000004
30
0
0
VERTEX
8
0
10
67.68828437500001
20
58.66929375
30
0
0
VERTEX
8
0
10
67.69861875000001
20
58.66325625
30
0
0
VERTEX
8
0
10
67.709353125
20
58.656884375000004
30
0
42
0.06212569315776047
0
VERTEX
8
0
10
67.733471875
20
58.649753125000004
30
0
0
VERTEX
8
0
10
67.733896875
20
58.649718750000005
30
0
0
VERTEX
8
0
10
67.734165625
20
58.649640625
30
0
0
VERTEX
8
0
10
67.735290625
20
58.649603125000006
30
0
0
VERTEX
8
0
10
67.75
20
58.6484
30
0
0
VERTEX
8
0
10
68.20791875
20
58.6484
30
0
0
VERTEX
8
0
10
69.428159375
20
57.428159375
30
0
0
VERTEX
8
0
10
69.4331875
20
57.424246875
30
0
42
0.14075965647395222
0
VERTEX
8
0
10
69.483471875
20
57.399753125000004
30
0
0
VERTEX
8
0
10
69.492834375
20
57.398987500000004
30
0
0
VERTEX
8
0
10
69.49585
20
57.398484375
30
0
0
VERTEX
8
0
10
69.49739375
20
57.398612500000006
30
0
0
VERTEX
8
0
10
69.5
20
57.3984
30
0
0
VERTEX
8
0
10
73
20
57.3984
30
0
0
VERTEX
8
0
10
73.0063375
20
57.399190625
30
0
42
0.1407252340376049
0
VERTEX
8
0
10
73.0592
20
57.417428125
30
0
0
VERTEX
8
0
10
73.066365625
20
57.4235125
30
0
0
VERTEX
8
0
10
73.068846875
20
57.425284375000004
30
0
0
VERTEX
8
0
10
73.06985
20
57.426468750000005
30
0
0
VERTEX
8
0
10
73.07184062500001
20
57.428159375
30
0
0
VERTEX
8
0
10
73.82184062500001
20
58.178159375
30
0
0
VERTEX
8
0
10
73.825753125
20
58.1831875
30
0
42
0.14075965647395222
0
VERTEX
8
0
10
73.85024687500001
20
58.233471875
30
0
0
VERTEX
8
0
10
73.85101250000001
20
58.242834375
30
0
0
VERTEX
8
0
10
73.851515625
20
58.245850000000004
30
0
0
VERTEX
8
0
10
73.8513875
20
58.24739375
30
0
0
VERTEX
8
0
10
73.8516
20
58.25
30
0
0
VERTEX
8
0
10
73.8516
20
59.25
30
0
0
VERTEX
8
0
10
73.850809375
20
59.2563375
30
0
42
0.1407252340376049
0
VERTEX
8
0
10
73.832571875
20
59.309200000000004
30
0
0
VERTEX
8
0
10
73.8264875
20
59.316365625
30
0
0
VERTEX
8
0
10
73.82471562500001
20
59.318846875000006
30
0
0
VERTEX
8
0
10
73.82353125
20
59.31985
30
0
0
VERTEX
8
0
10
73.82184062500001
20
59.321840625
30
0
0
VERTEX
8
0
10
73.3516
20
59.79208125
30
0
0
VERTEX
8
0
10
73.3516
20
59.957918750000005
30
0
0
VERTEX
8
0
10
73.675915625
20
60.282234375
30
0
0
VERTEX
8
0
10
73.696140625
20
60.2756625
30
0
42
0.9999999999999999
0
VERTEX
8
0
10
73.803859375
20
60.724337500000004
30
0
0
VERTEX
8
0
10
73.7681
20
60.730000000000004
30
0
42
0.5095244921166611
0
VERTEX
8
0
10
73.52566250000001
20
60.446140625000005
30
0
0
VERTEX
8
0
10
73.532234375
20
60.425915625
30
0
0
VERTEX
8
0
10
73.178159375
20
60.071840625
30
0
0
VERTEX
8
0
10
73.17424687500001
20
60.066812500000005
30
0
42
0.14075965647395222
0
VERTEX
8
0
10
73.149753125
20
60.016528125
30
0
0
VERTEX
8
0
10
73.1489875
20
60.007165625000006
30
0
0
VERTEX
8
0
10
73.14848437500001
20
60.00415
30
0
0
VERTEX
8
0
10
73.1486125
20
60.00260625
30
0
0
VERTEX
8
0
10
73.14840000000001
20
60
30
0
0
VERTEX
8
0
10
73.14840000000001
20
59.995281250000005
30
0
0
VERTEX
8
0
10
64.82184062500001
20
68.32184062500001
30
0
0
VERTEX
8
0
10
64.8168125
20
68.325753125
30
0
42
0.14075965647395222
0
VERTEX
8
0
10
64.76652812500001
20
68.350246875
30
0
0
VERTEX
8
0
10
64.757165625
20
68.35101250000001
30
0
0
VERTEX
8
0
10
64.75415000000001
20
68.351515625
30
0
0
VERTEX
8
0
10
64.75260625
20
68.3513875
30
0
0
VERTEX
8
0
10
64.75
20
68.3516
30
0
0
VERTEX
8
0
10
54.7139125
20
68.3516
30
0
0
VERTEX
8
0
10
54.266000000000005
20
68.7995125
30
0
0
VERTEX
8
0
10
54.266000000000005
20
69.87231875
30
0
0
VERTEX
8
0
10
54.425915625
20
70.032234375
30
0
0
VERTEX
8
0
10
54.446140625000005
20
70.02566250000001
30
0
42
0.5600288639195065
0
VERTEX
8
0
10
54.724337500000004
20
70.303859375
30
0
0
VERTEX
8
0
10
54.717765625000006
20
70.324084375
30
0
0
VERTEX
8
0
10
55.071840625
20
70.678159375
30
0
0
VERTEX
8
0
10
55.075753125000006
20
70.6831875
30
0
42
0.14075965647395222
0
VERTEX
8
0
10
55.100246875
20
70.733471875
30
0
0
VERTEX
8
0
10
55.1010125
20
70.742834375
30
0
0
VERTEX
8
0
10
55.101515625000005
20
70.74585
30
0
0
VERTEX
8
0
10
55.1013875
20
70.74739375
30
0
0
VERTEX
8
0
10
55.101600000000005
20
70.75
30
0
0
VERTEX
8
0
10
55.101600000000005
20
74
30
0
0
VERTEX
8
0
10
55.100809375000004
20
74.0063375
30
0
42
0.1407252340376049
0
VERTEX
8
0
10
55.082571875
20
74.0592
30
0
0
VERTEX
8
0
10
55.076487500000006
20
74.066365625
30
0
0
VERTEX
8
0
10
55.074715625
20
74.068846875
30
0
0
VERTEX
8
0
10
55.07353125
20
74.06985
30
0
0
VERTEX
8
0
10
55.071840625
20
74.07184062500001
30
0
0
VERTEX
8
0
10
54.951840625
20
74.191840625
30
0
0
VERTEX
8
0
10
54.931993750000004
20
74.2072875
30
0
42
0.8128176307274321
0
VERTEX
8
0
10
54.797428125
20
74.0608
30
0
0
VERTEX
8
0
10
54.808159375
20
74.048159375
30
0
0
VERTEX
8
0
10
54.8984
20
73.95791875
30
0
0
VERTEX
8
0
10
54.8984
20
70.79208125000001
30
0
0
VERTEX
8
0
10
54.574084375000005
20
70.467765625
30
0
0
VERTEX
8
0
10
54.553859375
20
70.4743375
30
0
42
0.5600288639195065
0
VERTEX
8
0
10
54.2756625
20
70.196140625
30
0
0
VERTEX
8
0
10
54.282234375
20
70.175915625
30
0
0
VERTEX
8
0
10
54.092559375
20
69.98624062500001
30
0
0
VERTEX
8
0
10
54.088646875
20
69.9812125
30
0
42
0.14075965647395222
0
VERTEX
8
0
10
54.064153125000004
20
69.93092812500001
30
0
0
VERTEX
8
0
10
54.063387500000005
20
69.921565625
30
0
0
VERTEX
8
0
10
54.062884375
20
69.91855000000001
30
0
0
VERTEX
8
0
10
54.0630125
20
69.91700625
30
0
0
VERTEX
8
0
10
54.0628
20
69.9144
30
0
0
VERTEX
8
0
10
54.0628
20
68.75743125
30
0
0
VERTEX
8
0
10
54.063590625
20
68.75109375000001
30
0
42
0.1407252340376049
0
VERTEX
8
0
10
54.081828125
20
68.69823125
30
0
0
VERTEX
8
0
10
54.0879125
20
68.69106562500001
30
0
0
VERTEX
8
0
10
54.089684375000004
20
68.688584375
30
0
0
VERTEX
8
0
10
54.090868750000006
20
68.68758125000001
30
0
0
VERTEX
8
0
10
54.092559375
20
68.685590625
30
0
0
VERTEX
8
0
10
54.599990625000004
20
68.178159375
30
0
0
VERTEX
8
0
10
54.60501875
20
68.17424687500001
30
0
42
0.14075965647395222
0
VERTEX
8
0
10
54.655303125
20
68.149753125
30
0
0
VERTEX
8
0
10
54.664665625000005
20
68.1489875
30
0
0
VERTEX
8
0
10
54.66768125
20
68.14848437500001
30
0
0
VERTEX
8
0
10
54.669225000000004
20
68.1486125
30
0
0
VERTEX
8
0
10
54.671831250000004
20
68.14840000000001
30
0
0
VERTEX
8
0
10
64.70791875
20
68.14840000000001
30
0
0
VERTEX
8
0
10
73.64840000000001
20
59.207918750000005
30
0
0
SEQEND
0
POLYLINE
66
1
8
1_copper
10
0.0
20
0.0
30
0.0
70
1
0
VERTEX
8
0
10
42.600490625
20
58.7804875
30
0
0
VERTEX
8
0
10
42.624309375
20
58.788571875
30
0
0
VERTEX
8
0
10
42.638590625
20
58.796996875000005
30
0
0
VERTEX
8
0
10
42.808590625
20
58.916996875
30
0
0
VERTEX
8
0
10
42.808862500000004
20
58.917243750000004
30
0
0
VERTEX
8
0
10
42.809200000000004
20
58.917428125
30
0
0
VERTEX
8
0
10
42.821840625
20
58.928159375
30
0
0
VERTEX
8
0
10
43.071840625
20
59.178159375
30
0
0
VERTEX
8
0
10
43.075753125
20
59.1831875
30
0
42
0.14075965647395222
0
VERTEX
8
0
10
43.100246875
20
59.233471875
30
0
0
VERTEX
8
0
10
43.1010125
20
59.242834375
30
0
0
VERTEX
8
0
10
43.101515625000005
20
59.245850000000004
30
0
0
VERTEX
8
0
10
43.1013875
20
59.24739375
30
0
0
VERTEX
8
0
10
43.101600000000005
20
59.25
30
0
0
VERTEX
8
0
10
43.101600000000005
20
61.457918750000005
30
0
0
VERTEX
8
0
10
47.675915625
20
66.032234375
30
0
0
VERTEX
8
0
10
47.696140625000005
20
66.02566250000001
30
0
42
0.9999999999999999
0
VERTEX
8
0
10
47.803859375
20
66.4743375
30
0
0
VERTEX
8
0
10
47.768100000000004
20
66.48
30
0
42
0.5095244921166611
0
VERTEX
8
0
10
47.5256625
20
66.196140625
30
0
0
VERTEX
8
0
10
47.532234375
20
66.175915625
30
0
0
VERTEX
8
0
10
42.928159375
20
61.571840625
30
0
0
VERTEX
8
0
10
42.924246875
20
61.566812500000005
30
0
42
0.14075965647395222
0
VERTEX
8
0
10
42.899753125000004
20
61.516528125
30
0
0
VERTEX
8
0
10
42.898987500000004
20
61.507165625000006
30
0
0
VERTEX
8
0
10
42.898484375
20
61.50415
30
0
0
VERTEX
8
0
10
42.8986125
20
61.50260625
30
0
0
VERTEX
8
0
10
42.8984
20
61.5
30
0
0
VERTEX
8
0
10
42.8984
20
59.29208125
30
0
0
VERTEX
8
0
10
42.684312500000004
20
59.077993750000005
30
0
0
VERTEX
8
0
10
42.521409375000005
20
58.963003125
30
0
0
VERTEX
8
0
10
42.502815625000004
20
58.94606875
30
0
42
0.6247399354538387
0
VERTEX
8
0
10
42.575418750000004
20
58.778503125
30
0
0
SEQEND
0
POLYLINE
66
1
8
16_copper
10
0.0
20
0.0
30
0.0
70
1
0
VERTEX
8
0
10
6.3000625
20
75.65720937500001
30
0
42
0.1407252340376049
0
VERTEX
8
0
10
6.2472
20
75.63897187500001
30
0
0
VERTEX
8
0
10
6.2400343750000005
20
75.63288750000001
30
0
0
VERTEX
8
0
10
6.237553125000001
20
75.631115625
30
0
0
VERTEX
8
0
10
6.23655
20
75.62993125
30
0
0
VERTEX
8
0
10
6.234559375
20
75.628240625
30
0
0
VERTEX
8
0
10
4.928159375
20
74.32184062500001
30
0
0
VERTEX
8
0
10
4.927234375
20
74.32065
30
0
0
VERTEX
8
0
10
4.925343750000001
20
74.31891250000001
30
0
0
VERTEX
8
0
10
4.8053437500000005
20
74.1889125
30
0
0
VERTEX
8
0
10
4.790703125
20
74.1684625
30
0
42
0.8128004920092757
0
VERTEX
8
0
10
4.94245
20
74.039859375
30
0
0
VERTEX
8
0
10
4.95465625
20
74.05108750000001
30
0
0
VERTEX
8
0
10
5.07330625
20
74.179625
30
0
0
VERTEX
8
0
10
6.348481250000001
20
75.4548
30
0
0
VERTEX
8
0
10
28.70791875
20
75.4548
30
0
0
VERTEX
8
0
10
29.7784
20
74.38431875
30
0
0
VERTEX
8
0
10
29.7784
20
74.12
30
0
0
VERTEX
8
0
10
29.7815125
20
74.09504375
30
0
42
0.8128116491081416
0
VERTEX
8
0
10
29.980246875000002
20
74.103471875
30
0
0
VERTEX
8
0
10
29.9816
20
74.12
30
0
0
VERTEX
8
0
10
29.9816
20
74.4264
30
0
0
VERTEX
8
0
10
29.980809375
20
74.4327375
30
0
42
0.1407252340376049
0
VERTEX
8
0
10
29.962571875000002
20
74.4856
30
0
0
VERTEX
8
0
10
29.9564875
20
74.492765625
30
0
0
VERTEX
8
0
10
29.954715625000002
20
74.495246875
30
0
0
VERTEX
8
0
10
29.95353125
20
74.49625
30
0
0
VERTEX
8
0
10
29.951840625000003
20
74.49824062500001
30
0
0
VERTEX
8
0
10
28.99528125
20
75.4548
30
0
0
VERTEX
8
0
10
53.40151875
20
75.4548
30
0
0
VERTEX
8
0
10
54.808159375
20
74.048159375
30
0
0
VERTEX
8
0
10
54.82800625
20
74.0327125
30
0
42
0.8128176307274321
0
VERTEX
8
0
10
54.962571875
20
74.17920000000001
30
0
0
VERTEX
8
0
10
54.951840625
20
74.191840625
30
0
0
VERTEX
8
0
10
53.69528125
20
75.4484
30
0
0
VERTEX
8
0
10
78.40791875000001
20
75.4484
30
0
0
VERTEX
8
0
10
79.808159375
20
74.048159375
30
0
0
VERTEX
8
0
10
79.82800625
20
74.0327125
30
0
42
0.8128176307274321
0
VERTEX
8
0
10
79.96257187500001
20
74.17920000000001
30
0
0
VERTEX
8
0
10
79.951840625
20
74.191840625
30
0
0
VERTEX
8
0
10
78.52184062500001
20
75.621840625
30
0
0
VERTEX
8
0
10
78.5168125
20
75.625753125
30
0
42
0.14075965647395222
0
VERTEX
8
0
10
78.46652812500001
20
75.65024687500001
30
0
0
VERTEX
8
0
10
78.457165625
20
75.65101250000001
30
0
0
VERTEX
8
0
10
78.45415
20
75.651515625
30
0
0
VERTEX
8
0
10
78.45260625
20
75.6513875
30
0
0
VERTEX
8
0
10
78.45
20
75.6516
30
0
0
VERTEX
8
0
10
53.47754375
20
75.6516
30
0
0
VERTEX
8
0
10
53.472559375
20
75.653784375
30
0
42
0.029847199454812453
0
VERTEX
8
0
10
53.460128125000004
20
75.656646875
30
0
0
VERTEX
8
0
10
53.450765625
20
75.6574125
30
0
0
VERTEX
8
0
10
53.44775
20
75.657915625
30
0
0
VERTEX
8
0
10
53.44620625
20
75.6577875
30
0
0
VERTEX
8
0
10
53.4436
20
75.658
30
0
0
VERTEX
8
0
10
6.3064
20
75.658
30
0
0
SEQEND
0
POLYLINE
66
1
8
16_copper
10
0.0
20
0.0
30
0.0
70
1
0
VERTEX
8
0
10
47.803859375
20
66.02566250000001
30
0
42
0.4142135623730951
0
VERTEX
8
0
10
47.974337500000004
20
66.303859375
30
0
0
VERTEX
8
0
10
47.967765625000006
20
66.324084375
30
0
0
VERTEX
8
0
10
51.04208125
20
69.39840000000001
30
0
0
VERTEX
8
0
10
52.894200000000005
20
69.39840000000001
30
0
0
VERTEX
8
0
10
52.894200000000005
20
69.375
30
0
0
VERTEX
8
0
10
54.0942
20
69.375
30
0
0
VERTEX
8
0
10
54.0942
20
69.97500000000001
30
0
0
VERTEX
8
0
10
53.86868125
20
69.97500000000001
30
0
0
VERTEX
8
0
10
54.04208125
20
70.14840000000001
30
0
0
VERTEX
8
0
10
54.293631250000004
20
70.14840000000001
30
0
0
VERTEX
8
0
10
54.3032875
20
70.129453125
30
0
42
0.9999999999999999
0
VERTEX
8
0
10
54.696712500000004
20
70.370546875
30
0
0
VERTEX
8
0
10
54.675434375
20
70.399834375
30
0
42
0.509524700761689
0
VERTEX
8
0
10
54.3032875
20
70.370546875
30
0
0
VERTEX
8
0
10
54.293631250000004
20
70.3516
30
0
0
VERTEX
8
0
10
54
20
70.3516
30
0
0
VERTEX
8
0
10
53.9936625
20
70.350809375
30
0
42
0.1407252340376049
0
VERTEX
8
0
10
53.9408
20
70.332571875
30
0
0
VERTEX
8
0
10
53.933634375000004
20
70.3264875
30
0
0
VERTEX
8
0
10
53.931153125
20
70.32471562500001
30
0
0
VERTEX
8
0
10
53.930150000000005
20
70.32353125
30
0
0
VERTEX
8
0
10
53.928159375
20
70.32184062500001
30
0
0
VERTEX
8
0
10
53.58131875
20
69.97500000000001
30
0
0
VERTEX
8
0
10
52.894200000000005
20
69.97500000000001
30
0
0
VERTEX
8
0
10
52.894200000000005
20
69.6016
30
0
0
VERTEX
8
0
10
51
20
69.6016
30
0
0
VERTEX
8
0
10
50.9936625
20
69.600809375
30
0
42
0.1407252340376049
0
VERTEX
8
0
10
50.9408
20
69.582571875
30
0
0
VERTEX
8
0
10
50.933634375000004
20
69.5764875
30
0
0
VERTEX
8
0
10
50.931153125
20
69.57471562500001
30
0
0
VERTEX
8
0
10
50.930150000000005
20
69.57353125
30
0
0
VERTEX
8
0
10
50.928159375
20
69.57184062500001
30
0
0
VERTEX
8
0
10
47.824084375000005
20
66.467765625
30
0
0
VERTEX
8
0
10
47.803859375
20
66.4743375
30
0
42
0.9999999999999999
0
VERTEX
8
0
10
47.696140625000005
20
66.02566250000001
30
0
0
VERTEX
8
0
10
47.7319
20
66.02000000000001
30
0
0
VERTEX
8
0
10
47.768100000000004
20
66.02000000000001
30
0
0
SEQEND
0
POLYLINE
66
1
8
16_copper
10
0.0
20
0.0
30
0.0
70
1
0
VERTEX
8
0
10
92.605934375
20
58.781765625000006
30
0
42
0.4638644596194231
0
VERTEX
8
0
10
92.672578125
20
58.921856250000005
30
0
0
VERTEX
8
0
10
92.66453750000001
20
58.93635625
30
0
0
VERTEX
8
0
10
92.58453750000001
20
59.05635625
30
0
0
VERTEX
8
0
10
92.583403125
20
59.057668750000005
30
0
0
VERTEX
8
0
10
92.582571875
20
59.059200000000004
30
0
0
VERTEX
8
0
10
92.57184062500001
20
59.071840625
30
0
0
VERTEX
8
0
10
91.07184062500001
20
60.571840625
30
0
0
VERTEX
8
0
10
91.0668125
20
60.575753125000006
30
0
42
0.14075965647395222
0
VERTEX
8
0
10
91.01652812500001
20
60.600246875
30
0
0
VERTEX
8
0
10
91.007165625
20
60.6010125
30
0
0
VERTEX
8
0
10
91.00415000000001
20
60.601515625000005
30
0
0
VERTEX
8
0
10
91.00260625
20
60.6013875
30
0
0
VERTEX
8
0
10
91
20
60.601600000000005
30
0
0
VERTEX
8
0
10
73.95636875000001
20
60.601600000000005
30
0
0
VERTEX
8
0
10
73.9467125
20
60.620546875
30
0
42
0.9999999999999999
0
VERTEX
8
0
10
73.55328750000001
20
60.379453125000005
30
0
0
VERTEX
8
0
10
73.574565625
20
60.350165625
30
0
42
0.509524700761689
0
VERTEX
8
0
10
73.9467125
20
60.379453125000005
30
0
0
VERTEX
8
0
10
73.95636875000001
20
60.3984
30
0
0
VERTEX
8
0
10
90.95791875
20
60.3984
30
0
0
VERTEX
8
0
10
92.42103750000001
20
58.93528125
30
0
0
VERTEX
8
0
10
92.4954625
20
58.82364375
30
0
0
VERTEX
8
0
10
92.511896875
20
58.804603125
30
0
42
0.18831727789822852
0
VERTEX
8
0
10
92.58100937500001
20
58.77840625
30
0
0
SEQEND
0
POLYLINE
66
1
8
1_copper
10
0.0
20
0.0
30
0.0
70
1
0
VERTEX
8
0
10
71.3763375
20
74.01919062500001
30
0
42
0.1407252340376049
0
VERTEX
8
0
10
71.42920000000001
20
74.037428125
30
0
0
VERTEX
8
0
10
71.43636562500001
20
74.0435125
30
0
0
VERTEX
8
0
10
71.43884687500001
20
74.04528437500001
30
0
0
VERTEX
8
0
10
71.43985
20
74.04646875
30
0
0
VERTEX
8
0
10
71.441840625
20
74.048159375
30
0
0
VERTEX
8
0
10
72.27088125
20
74.8772
30
0
0
VERTEX
8
0
10
81.47911875
20
74.8772
30
0
0
VERTEX
8
0
10
82.178159375
20
74.178159375
30
0
0
VERTEX
8
0
10
82.180384375
20
74.176428125
30
0
0
VERTEX
8
0
10
82.18828437500001
20
74.16929375000001
30
0
0
VERTEX
8
0
10
82.35828437500001
20
74.03929375
30
0
0
VERTEX
8
0
10
82.38000000000001
20
74.02660625
30
0
42
0.8127984266620674
0
VERTEX
8
0
10
82.49402500000001
20
74.18959062500001
30
0
0
VERTEX
8
0
10
82.481715625
20
74.20070625000001
30
0
0
VERTEX
8
0
10
82.31706875
20
74.32661250000001
30
0
0
VERTEX
8
0
10
81.593040625
20
75.050640625
30
0
0
VERTEX
8
0
10
81.5880125
20
75.054553125
30
0
42
0.14075965647395222
0
VERTEX
8
0
10
81.537728125
20
75.079046875
30
0
0
VERTEX
8
0
10
81.528365625
20
75.0798125
30
0
0
VERTEX
8
0
10
81.52535
20
75.080315625
30
0
0
VERTEX
8
0
10
81.52380625
20
75.08018750000001
30
0
0
VERTEX
8
0
10
81.52120000000001
20
75.0804
30
0
0
VERTEX
8
0
10
72.2288
20
75.0804
30
0
0
VERTEX
8
0
10
72.2224625
20
75.079609375
30
0
42
0.1407252340376049
0
VERTEX
8
0
10
72.1696
20
75.061371875
30
0
0
VERTEX
8
0
10
72.162434375
20
75.0552875
30
0
0
VERTEX
8
0
10
72.159953125
20
75.053515625
30
0
0
VERTEX
8
0
10
72.15895
20
75.05233125000001
30
0
0
VERTEX
8
0
10
72.156959375
20
75.050640625
30
0
0
VERTEX
8
0
10
71.32791875000001
20
74.22160000000001
30
0
0
VERTEX
8
0
10
68.82208125
20
74.22160000000001
30
0
0
VERTEX
8
0
10
68.534253125
20
74.509428125
30
0
0
VERTEX
8
0
10
68.533384375
20
74.51283125
30
0
42
0.062132587094330616
0
VERTEX
8
0
10
68.521371875
20
74.53493125
30
0
0
VERTEX
8
0
10
68.5152875
20
74.542096875
30
0
0
VERTEX
8
0
10
68.513515625
20
74.544578125
30
0
0
VERTEX
8
0
10
68.51233125
20
74.54558125
30
0
0
VERTEX
8
0
10
68.51064062500001
20
74.547571875
30
0
0
VERTEX
8
0
10
67.680571875
20
75.377640625
30
0
0
VERTEX
8
0
10
67.67554375
20
75.38155312500001
30
0
42
0.14075965647395222
0
VERTEX
8
0
10
67.625259375
20
75.406046875
30
0
0
VERTEX
8
0
10
67.615896875
20
75.4068125
30
0
0
VERTEX
8
0
10
67.61288125
20
75.40731562500001
30
0
0
VERTEX
8
0
10
67.6113375
20
75.4071875
30
0
0
VERTEX
8
0
10
67.60873125
20
75.40740000000001
30
0
0
VERTEX
8
0
10
59.93126875
20
75.40740000000001
30
0
0
VERTEX
8
0
10
59.92493125
20
75.406609375
30
0
42
0.1407252340376049
0
VERTEX
8
0
10
59.872068750000004
20
75.388371875
30
0
0
VERTEX
8
0
10
59.864903125000005
20
75.3822875
30
0
0
VERTEX
8
0
10
59.862421875
20
75.380515625
30
0
0
VERTEX
8
0
10
59.861418750000006
20
75.37933125
30
0
0
VERTEX
8
0
10
59.859428125
20
75.377640625
30
0
0
VERTEX
8
0
10
58.703387500000005
20
74.22160000000001
30
0
0
VERTEX
8
0
10
56.172081250000005
20
74.22160000000001
30
0
0
VERTEX
8
0
10
55.071840625
20
75.32184062500001
30
0
0
VERTEX
8
0
10
55.066812500000005
20
75.325753125
30
0
42
0.14075965647395222
0
VERTEX
8
0
10
55.016528125
20
75.35024687500001
30
0
0
VERTEX
8
0
10
55.007165625000006
20
75.35101250000001
30
0
0
VERTEX
8
0
10
55.00415
20
75.351515625
30
0
0
VERTEX
8
0
10
55.00260625
20
75.3513875
30
0
0
VERTEX
8
0
10
55
20
75.3516
30
0
0
VERTEX
8
0
10
47.25
20
75.3516
30
0
0
VERTEX
8
0
10
47.2436625
20
75.350809375
30
0
42
0.1407252340376049
0
VERTEX
8
0
10
47.1908
20
75.332571875
30
0
0
VERTEX
8
0
10
47.183634375000004
20
75.3264875
30
0
0
VERTEX
8
0
10
47.181153125
20
75.32471562500001
30
0
0
VERTEX
8
0
10
47.180150000000005
20
75.32353125
30
0
0
VERTEX
8
0
10
47.178159375
20
75.32184062500001
30
0
0
VERTEX
8
0
10
46.07791875
20
74.22160000000001
30
0
0
VERTEX
8
0
10
45.16208125
20
74.22160000000001
30
0
0
VERTEX
8
0
10
45.161840625
20
74.221840625
30
0
42
0.08836099408461902
0
VERTEX
8
0
10
45.124659375
20
74.2448875
30
0
0
VERTEX
8
0
10
45.118959375
20
74.24738437500001
30
0
42
0.0314202763045706
0
VERTEX
8
0
10
45.106528125000004
20
74.250246875
30
0
0
VERTEX
8
0
10
45.097165625
20
74.2510125
30
0
0
VERTEX
8
0
10
45.09415
20
74.25151562500001
30
0
0
VERTEX
8
0
10
45.09260625
20
74.2513875
30
0
0
VERTEX
8
0
10
45.09
20
74.25160000000001
30
0
0
VERTEX
8
0
10
43.892081250000004
20
74.25160000000001
30
0
0
VERTEX
8
0
10
42.821840625
20
75.32184062500001
30
0
0
VERTEX
8
0
10
42.816812500000005
20
75.325753125
30
0
42
0.14075965647395222
0
VERTEX
8
0
10
42.766528125
20
75.35024687500001
30
0
0
VERTEX
8
0
10
42.757165625
20
75.35101250000001
30
0
0
VERTEX
8
0
10
42.75415
20
75.351515625
30
0
0
VERTEX
8
0
10
42.75260625
20
75.3513875
30
0
0
VERTEX
8
0
10
42.75
20
75.3516
30
0
0
VERTEX
8
0
10
34.75
20
75.3516
30
0
0
VERTEX
8
0
10
34.7436625
20
75.350809375
30
0
42
0.1407252340376049
0
VERTEX
8
0
10
34.6908
20
75.332571875
30
0
0
VERTEX
8
0
10
34.683634375000004
20
75.3264875
30
0
0
VERTEX
8
0
10
34.681153125
20
75.32471562500001
30
0
0
VERTEX
8
0
10
34.680150000000005
20
75.32353125
30
0
0
VERTEX
8
0
10
34.678159375
20
75.32184062500001
30
0
0
VERTEX
8
0
10
33.57791875
20
74.22160000000001
30
0
0
VERTEX
8
0
10
31.17208125
20
74.22160000000001
30
0
0
VERTEX
8
0
10
30.121840625
20
75.27184062500001
30
0
0
VERTEX
8
0
10
30.1168125
20
75.27575312500001
30
0
42
0.14075965647395222
0
VERTEX
8
0
10
30.066528125
20
75.300246875
30
0
0
VERTEX
8
0
10
30.057165625
20
75.3010125
30
0
0
VERTEX
8
0
10
30.05415
20
75.30151562500001
30
0
0
VERTEX
8
0
10
30.05260625
20
75.3013875
30
0
0
VERTEX
8
0
10
30.05
20
75.30160000000001
30
0
0
VERTEX
8
0
10
22.52546875
20
75.30160000000001
30
0
0
VERTEX
8
0
10
22.51913125
20
75.300809375
30
0
42
0.1407252340376049
0
VERTEX
8
0
10
22.46626875
20
75.282571875
30
0
0
VERTEX
8
0
10
22.459103125000002
20
75.2764875
30
0
0
VERTEX
8
0
10
22.456621875
20
75.274715625
30
0
0
VERTEX
8
0
10
22.455618750000003
20
75.27353125
30
0
0
VERTEX
8
0
10
22.453628125
20
75.27184062500001
30
0
0
VERTEX
8
0
10
21.4033875
20
74.22160000000001
30
0
0
VERTEX
8
0
10
20.12
20
74.22160000000001
30
0
0
VERTEX
8
0
10
20.1136625
20
74.220809375
30
0
42
0.1407252340376049
0
VERTEX
8
0
10
20.0608
20
74.202571875
30
0
0
VERTEX
8
0
10
20.05965625
20
74.2016
30
0
0
VERTEX
8
0
10
18.94208125
20
74.2016
30
0
0
VERTEX
8
0
10
17.821840625
20
75.32184062500001
30
0
0
VERTEX
8
0
10
17.8168125
20
75.325753125
30
0
42
0.14075965647395222
0
VERTEX
8
0
10
17.766528125
20
75.35024687500001
30
0
0
VERTEX
8
0
10
17.757165625000003
20
75.35101250000001
30
0
0
VERTEX
8
0
10
17.75415
20
75.351515625
30
0
0
VERTEX
8
0
10
17.75260625
20
75.3513875
30
0
0
VERTEX
8
0
10
17.75
20
75.3516
30
0
0
VERTEX
8
0
10
11.55
20
75.3516
30
0
0
VERTEX
8
0
10
11.5436625
20
75.350809375
30
0
42
0.1407252340376049
0
VERTEX
8
0
10
11.4908
20
75.332571875
30
0
0
VERTEX
8
0
10
11.483634375000001
20
75.3264875
30
0
0
VERTEX
8
0
10
11.481153125
20
75.32471562500001
30
0
0
VERTEX
8
0
10
11.48015
20
75.32353125
30
0
0
VERTEX
8
0
10
11.478159375
20
75.32184062500001
30
0
0
VERTEX
8
0
10
11.078159375
20
74.921840625
30
0
0
VERTEX
8
0
10
11.074246875
20
74.9168125
30
0
42
0.14075965647395222
0
VERTEX
8
0
10
11.049753125
20
74.866528125
30
0
0
VERTEX
8
0
10
11.0489875
20
74.85716562500001
30
0
0
VERTEX
8
0
10
11.048484375000001
20
74.85415
30
0
0
VERTEX
8
0
10
11.0486125
20
74.85260625000001
30
0
0
VERTEX
8
0
10
11.0484
20
74.85000000000001
30
0
0
VERTEX
8
0
10
11.0484
20
73.59208125
30
0
0
VERTEX
8
0
10
10.05791875
20
72.6016
30
0
0
VERTEX
8
0
10
9.04208125
20
72.6016
30
0
0
VERTEX
8
0
10
7.5789625
20
74.06471875
30
0
0
VERTEX
8
0
10
7.5045375000000005
20
74.17635625
30
0
0
VERTEX
8
0
10
7.488103125
20
74.195396875
30
0
42
0.8128148248443416
0
VERTEX
8
0
10
7.327421875000001
20
74.07814375000001
30
0
0
VERTEX
8
0
10
7.3354625
20
74.06364375
30
0
0
VERTEX
8
0
10
7.4154625
20
73.94364375
30
0
0
VERTEX
8
0
10
7.416596875000001
20
73.94233125000001
30
0
0
VERTEX
8
0
10
7.417428125000001
20
73.94080000000001
30
0
0
VERTEX
8
0
10
7.428159375000001
20
73.928159375
30
0
0
VERTEX
8
0
10
8.928159375
20
72.428159375
30
0
0
VERTEX
8
0
10
8.9331875
20
72.42424687500001
30
0
42
0.14075965647395222
0
VERTEX
8
0
10
8.983471875000001
20
72.399753125
30
0
0
VERTEX
8
0
10
8.992834375000001
20
72.3989875
30
0
0
VERTEX
8
0
10
8.99585
20
72.39848437500001
30
0
0
VERTEX
8
0
10
8.99739375
20
72.3986125
30
0
0
VERTEX
8
0
10
9
20
72.39840000000001
30
0
0
VERTEX
8
0
10
10.1
20
72.39840000000001
30
0
0
VERTEX
8
0
10
10.1063375
20
72.399190625
30
0
42
0.1407252340376049
0
VERTEX
8
0
10
10.1592
20
72.417428125
30
0
0
VERTEX
8
0
10
10.166365625000001
20
72.4235125
30
0
0
VERTEX
8
0
10
10.168846875
20
72.425284375
30
0
0
VERTEX
8
0
10
10.16985
20
72.42646875
30
0
0
VERTEX
8
0
10
10.171840625
20
72.428159375
30
0
0
VERTEX
8
0
10
11.221840625
20
73.478159375
30
0
0
VERTEX
8
0
10
11.225753125
20
73.4831875
30
0
42
0.14075965647395222
0
VERTEX
8
0
10
11.250246875
20
73.533471875
30
0
0
VERTEX
8
0
10
11.2510125
20
73.542834375
30
0
0
VERTEX
8
0
10
11.251515625
20
73.54585
30
0
0
VERTEX
8
0
10
11.2513875
20
73.54739375
30
0
0
VERTEX
8
0
10
11.2516
20
73.55
30
0
0
VERTEX
8
0
10
11.2516
20
74.80791875
30
0
0
VERTEX
8
0
10
11.59208125
20
75.14840000000001
30
0
0
VERTEX
8
0
10
17.70791875
20
75.14840000000001
30
0
0
VERTEX
8
0
10
18.828159375000002
20
74.028159375
30
0
0
VERTEX
8
0
10
18.8331875
20
74.024246875
30
0
42
0.14075965647395222
0
VERTEX
8
0
10
18.883471875
20
73.999753125
30
0
0
VERTEX
8
0
10
18.892834375
20
73.9989875
30
0
0
VERTEX
8
0
10
18.89585
20
73.998484375
30
0
0
VERTEX
8
0
10
18.897393750000003
20
73.99861250000001
30
0
0
VERTEX
8
0
10
18.900000000000002
20
73.9984
30
0
0
VERTEX
8
0
10
20.1
20
73.9984
30
0
0
VERTEX
8
0
10
20.106337500000002
20
73.999190625
30
0
42
0.11998477293312815
0
VERTEX
8
0
10
20.159200000000002
20
74.01742812500001
30
0
0
VERTEX
8
0
10
20.160343750000003
20
74.0184
30
0
0
VERTEX
8
0
10
21.44546875
20
74.0184
30
0
0
VERTEX
8
0
10
21.45180625
20
74.01919062500001
30
0
42
0.1407252340376049
0
VERTEX
8
0
10
21.50466875
20
74.037428125
30
0
0
VERTEX
8
0
10
21.511834375
20
74.0435125
30
0
0
VERTEX
8
0
10
21.514315625000002
20
74.04528437500001
30
0
0
VERTEX
8
0
10
21.515318750000002
20
74.04646875
30
0
0
VERTEX
8
0
10
21.517309375
20
74.048159375
30
0
0
VERTEX
8
0
10
22.56755
20
75.0984
30
0
0
VERTEX
8
0
10
30.00791875
20
75.0984
30
0
0
VERTEX
8
0
10
31.058159375000002
20
74.048159375
30
0
0
VERTEX
8
0
10
31.0631875
20
74.044246875
30
0
42
0.14075965647395222
0
VERTEX
8
0
10
31.113471875000002
20
74.01975312500001
30
0
0
VERTEX
8
0
10
31.122834375
20
74.01898750000001
30
0
0
VERTEX
8
0
10
31.12585
20
74.018484375
30
0
0
VERTEX
8
0
10
31.127393750000003
20
74.0186125
30
0
0
VERTEX
8
0
10
31.130000000000003
20
74.0184
30
0
0
VERTEX
8
0
10
33.620000000000005
20
74.0184
30
0
0
VERTEX
8
0
10
33.6263375
20
74.01919062500001
30
0
42
0.1407252340376049
0
VERTEX
8
0
10
33.6792
20
74.037428125
30
0
0
VERTEX
8
0
10
33.686365625
20
74.0435125
30
0
0
VERTEX
8
0
10
33.688846875
20
74.04528437500001
30
0
0
VERTEX
8
0
10
33.68985
20
74.04646875
30
0
0
VERTEX
8
0
10
33.691840625000005
20
74.048159375
30
0
0
VERTEX
8
0
10
34.79208125
20
75.14840000000001
30
0
0
VERTEX
8
0
10
42.707918750000005
20
75.14840000000001
30
0
0
VERTEX
8
0
10
43.778159375
20
74.078159375
30
0
0
VERTEX
8
0
10
43.783187500000004
20
74.074246875
30
0
42
0.14075965647395222
0
VERTEX
8
0
10
43.833471875
20
74.04975312500001
30
0
0
VERTEX
8
0
10
43.842834375
20
74.04898750000001
30
0
0
VERTEX
8
0
10
43.84585
20
74.048484375
30
0
0
VERTEX
8
0
10
43.84739375
20
74.0486125
30
0
0
VERTEX
8
0
10
43.85
20
74.0484
30
0
0
VERTEX
8
0
10
45.04791875
20
74.0484
30
0
0
VERTEX
8
0
10
45.048159375000004
20
74.048159375
30
0
42
0.15676404749847475
0
VERTEX
8
0
10
45.103471875000004
20
74.01975312500001
30
0
0
VERTEX
8
0
10
45.112834375000006
20
74.01898750000001
30
0
0
VERTEX
8
0
10
45.11585
20
74.018484375
30
0
0
VERTEX
8
0
10
45.117393750000005
20
74.0186125
30
0
0
VERTEX
8
0
10
45.120000000000005
20
74.0184
30
0
0
VERTEX
8
0
10
46.120000000000005
20
74.0184
30
0
0
VERTEX
8
0
10
46.126337500000005
20
74.01919062500001
30
0
42
0.1407252340376049
0
VERTEX
8
0
10
46.1792
20
74.037428125
30
0
0
VERTEX
8
0
10
46.186365625
20
74.0435125
30
0
0
VERTEX
8
0
10
46.188846875
20
74.04528437500001
30
0
0
VERTEX
8
0
10
46.18985
20
74.04646875
30
0
0
VERTEX
8
0
10
46.191840625000005
20
74.048159375
30
0
0
VERTEX
8
0
10
47.29208125
20
75.14840000000001
30
0
0
VERTEX
8
0
10
54.957918750000005
20
75.14840000000001
30
0
0
VERTEX
8
0
10
56.058159375
20
74.048159375
30
0
0
VERTEX
8
0
10
56.063187500000005
20
74.044246875
30
0
42
0.14075965647395222
0
VERTEX
8
0
10
56.113471875
20
74.01975312500001
30
0
0
VERTEX
8
0
10
56.122834375000004
20
74.01898750000001
30
0
0
VERTEX
8
0
10
56.12585
20
74.018484375
30
0
0
VERTEX
8
0
10
56.12739375
20
74.0186125
30
0
0
VERTEX
8
0
10
56.13
20
74.0184
30
0
0
VERTEX
8
0
10
57.15030625
20
74.0184
30
0
0
VERTEX
8
0
10
57.149753125000004
20
74.01652812500001
30
0
0
VERTEX
8
0
10
57.1484
20
74
30
0
0
VERTEX
8
0
10
57.1484
20
71.54208125000001
30
0
0
VERTEX
8
0
10
54.824084375000005
20
69.217765625
30
0
0
VERTEX
8
0
10
54.803859375
20
69.2243375
30
0
42
0.9999999999999999
0
VERTEX
8
0
10
54.696140625000005
20
68.77566250000001
30
0
0
VERTEX
8
0
10
54.7319
20
68.77000000000001
30
0
42
0.5095244921166611
0
VERTEX
8
0
10
54.974337500000004
20
69.053859375
30
0
0
VERTEX
8
0
10
54.967765625000006
20
69.074084375
30
0
0
VERTEX
8
0
10
57.321840625
20
71.428159375
30
0
0
VERTEX
8
0
10
57.325753125000006
20
71.4331875
30
0
42
0.14075965647395222
0
VERTEX
8
0
10
57.350246875
20
71.483471875
30
0
0
VERTEX
8
0
10
57.3510125
20
71.492834375
30
0
0
VERTEX
8
0
10
57.351515625000005
20
71.49585
30
0
0
VERTEX
8
0
10
57.3513875
20
71.49739375
30
0
0
VERTEX
8
0
10
57.351600000000005
20
71.5
30
0
0
VERTEX
8
0
10
57.351600000000005
20
73.94735625
30
0
0
VERTEX
8
0
10
57.45224375
20
74.0184
30
0
0
VERTEX
8
0
10
58.74546875
20
74.0184
30
0
0
VERTEX
8
0
10
58.75180625
20
74.01919062500001
30
0
42
0.1407252340376049
0
VERTEX
8
0
10
58.804668750000005
20
74.037428125
30
0
0
VERTEX
8
0
10
58.811834375000004
20
74.0435125
30
0
0
VERTEX
8
0
10
58.814315625000006
20
74.04528437500001
30
0
0
VERTEX
8
0
10
58.81531875
20
74.04646875
30
0
0
VERTEX
8
0
10
58.817309375
20
74.048159375
30
0
0
VERTEX
8
0
10
59.97335
20
75.2042
30
0
0
VERTEX
8
0
10
67.56665000000001
20
75.2042
30
0
0
VERTEX
8
0
10
68.34334687500001
20
74.427503125
30
0
0
VERTEX
8
0
10
68.344215625
20
74.42410000000001
30
0
42
0.05736952776451517
0
VERTEX
8
0
10
68.356228125
20
74.402
30
0
0
VERTEX
8
0
10
68.3623125
20
74.394834375
30
0
0
VERTEX
8
0
10
68.364084375
20
74.392353125
30
0
0
VERTEX
8
0
10
68.36526875
20
74.39135
30
0
0
VERTEX
8
0
10
68.36695937500001
20
74.389359375
30
0
0
VERTEX
8
0
10
68.70815937500001
20
74.048159375
30
0
0
VERTEX
8
0
10
68.7131875
20
74.044246875
30
0
42
0.14075965647395222
0
VERTEX
8
0
10
68.76347187500001
20
74.01975312500001
30
0
0
VERTEX
8
0
10
68.772834375
20
74.01898750000001
30
0
0
VERTEX
8
0
10
68.77585
20
74.018484375
30
0
0
VERTEX
8
0
10
68.77739375
20
74.0186125
30
0
0
VERTEX
8
0
10
68.78
20
74.0184
30
0
0
VERTEX
8
0
10
71.37
20
74.0184
30
0
0
SEQEND
0
POLYLINE
66
1
8
16_copper
10
0.0
20
0.0
30
0.0
70
1
0
VERTEX
8
0
10
95.136925
20
74.01981875
30
0
42
0.5415877282030702
0
VERTEX
8
0
10
95.20487187500001
20
74.17585
30
0
0
VERTEX
8
0
10
95.19465625000001
20
74.1889125
30
0
0
VERTEX
8
0
10
95.07465625
20
74.31891250000001
30
0
0
VERTEX
8
0
10
95.073490625
20
74.319896875
30
0
0
VERTEX
8
0
10
95.07184062500001
20
74.32184062500001
30
0
0
VERTEX
8
0
10
94.07184062500001
20
75.32184062500001
30
0
0
VERTEX
8
0
10
94.0668125
20
75.325753125
30
0
42
0.14075965647395222
0
VERTEX
8
0
10
94.01652812500001
20
75.35024687500001
30
0
0
VERTEX
8
0
10
94.007165625
20
75.35101250000001
30
0
0
VERTEX
8
0
10
94.00415000000001
20
75.351515625
30
0
0
VERTEX
8
0
10
94.00260625
20
75.3513875
30
0
0
VERTEX
8
0
10
94
20
75.3516
30
0
0
VERTEX
8
0
10
83.5
20
75.3516
30
0
0
VERTEX
8
0
10
83.4936625
20
75.350809375
30
0
42
0.1407252340376049
0
VERTEX
8
0
10
83.44080000000001
20
75.332571875
30
0
0
VERTEX
8
0
10
83.433634375
20
75.3264875
30
0
0
VERTEX
8
0
10
83.43115312500001
20
75.32471562500001
30
0
0
VERTEX
8
0
10
83.43015
20
75.32353125
30
0
0
VERTEX
8
0
10
83.428159375
20
75.32184062500001
30
0
0
VERTEX
8
0
10
82.428159375
20
74.32184062500001
30
0
0
VERTEX
8
0
10
82.4259625
20
74.319015625
30
0
0
VERTEX
8
0
10
82.4232875
20
74.316615625
30
0
0
VERTEX
8
0
10
82.413471875
20
74.303246875
30
0
0
VERTEX
8
0
10
82.333471875
20
74.173246875
30
0
0
VERTEX
8
0
10
82.32304375000001
20
74.1503625
30
0
42
0.8128075885777089
0
VERTEX
8
0
10
82.4967125
20
74.05338437500001
30
0
0
VERTEX
8
0
10
82.506528125
20
74.066753125
30
0
0
VERTEX
8
0
10
82.580278125
20
74.186596875
30
0
0
VERTEX
8
0
10
83.54208125000001
20
75.14840000000001
30
0
0
VERTEX
8
0
10
93.95791875
20
75.14840000000001
30
0
0
VERTEX
8
0
10
94.92669375
20
74.179625
30
0
0
VERTEX
8
0
10
95.04534375
20
74.05108750000001
30
0
0
VERTEX
8
0
10
95.064559375
20
74.03485937500001
30
0
42
0.12473264345403726
0
VERTEX
8
0
10
95.11179687500001
20
74.01873125
30
0
0
SEQEND
0
POLYLINE
66
1
8
16_copper
10
0.0
20
0.0
30
0.0
70
1
0
VERTEX
8
0
10
54.0942
20
68.705
30
0
0
VERTEX
8
0
10
53.848681250000006
20
68.705
30
0
0
VERTEX
8
0
10
54.04208125
20
68.89840000000001
30
0
0
VERTEX
8
0
10
54.543631250000004
20
68.89840000000001
30
0
0
VERTEX
8
0
10
54.5532875
20
68.879453125
30
0
42
0.9999999999999999
0
VERTEX
8
0
10
54.946712500000004
20
69.120546875
30
0
0
VERTEX
8
0
10
54.925434375
20
69.149834375
30
0
42
0.509524700761689
0
VERTEX
8
0
10
54.5532875
20
69.120546875
30
0
0
VERTEX
8
0
10
54.543631250000004
20
69.1016
30
0
0
VERTEX
8
0
10
54
20
69.1016
30
0
0
VERTEX
8
0
10
53.9936625
20
69.100809375
30
0
42
0.1407252340376049
0
VERTEX
8
0
10
53.9408
20
69.082571875
30
0
0
VERTEX
8
0
10
53.933634375000004
20
69.0764875
30
0
0
VERTEX
8
0
10
53.931153125
20
69.07471562500001
30
0
0
VERTEX
8
0
10
53.930150000000005
20
69.07353125
30
0
0
VERTEX
8
0
10
53.928159375
20
69.07184062500001
30
0
0
VERTEX
8
0
10
53.561318750000005
20
68.705
30
0
0
VERTEX
8
0
10
52.894200000000005
20
68.705
30
0
0
VERTEX
8
0
10
52.894200000000005
20
68.105
30
0
0
VERTEX
8
0
10
54.0942
20
68.105
30
0
0
SEQEND
0
POLYLINE
66
1
8
1_copper
10
0.0
20
0.0
30
0.0
70
1
0
VERTEX
8
0
10
44.2436625
20
62.100809375000004
30
0
42
0.1407252340376049
0
VERTEX
8
0
10
44.1908
20
62.082571875000006
30
0
0
VERTEX
8
0
10
44.183634375000004
20
62.076487500000006
30
0
0
VERTEX
8
0
10
44.181153125
20
62.074715625
30
0
0
VERTEX
8
0
10
44.180150000000005
20
62.07353125
30
0
0
VERTEX
8
0
10
44.178159375
20
62.071840625
30
0
0
VERTEX
8
0
10
43.428159375
20
61.321840625
30
0
0
VERTEX
8
0
10
43.424246875
20
61.316812500000005
30
0
42
0.14075965647395222
0
VERTEX
8
0
10
43.399753125000004
20
61.266528125
30
0
0
VERTEX
8
0
10
43.398987500000004
20
61.257165625000006
30
0
0
VERTEX
8
0
10
43.398484375
20
61.25415
30
0
0
VERTEX
8
0
10
43.3986125
20
61.25260625
30
0
0
VERTEX
8
0
10
43.3984
20
61.25
30
0
0
VERTEX
8
0
10
43.3984
20
58.54208125
30
0
0
VERTEX
8
0
10
42.207918750000005
20
57.351600000000005
30
0
0
VERTEX
8
0
10
36.54208125
20
57.351600000000005
30
0
0
VERTEX
8
0
10
35.089684375000004
20
58.803996875
30
0
0
VERTEX
8
0
10
35.057106250000004
20
58.909878125000006
30
0
0
VERTEX
8
0
10
35.04679375
20
58.93281875
30
0
42
0.8128066291137241
0
VERTEX
8
0
10
34.859325
20
58.866315625000006
30
0
0
VERTEX
8
0
10
34.862893750000005
20
58.850121875000006
30
0
0
VERTEX
8
0
10
34.902893750000004
20
58.720121875000004
30
0
0
VERTEX
8
0
10
34.904465625
20
58.716625
30
0
0
VERTEX
8
0
10
34.905415625
20
58.712900000000005
30
0
42
0.062132587094330616
0
VERTEX
8
0
10
34.917428125
20
58.6908
30
0
0
VERTEX
8
0
10
34.928159375
20
58.678159375
30
0
0
VERTEX
8
0
10
36.428159375
20
57.178159375
30
0
0
VERTEX
8
0
10
36.4331875
20
57.174246875
30
0
42
0.14075965647395222
0
VERTEX
8
0
10
36.483471875
20
57.149753125000004
30
0
0
VERTEX
8
0
10
36.492834375
20
57.148987500000004
30
0
0
VERTEX
8
0
10
36.495850000000004
20
57.148484375
30
0
0
VERTEX
8
0
10
36.49739375
20
57.148612500000006
30
0
0
VERTEX
8
0
10
36.5
20
57.1484
30
0
0
VERTEX
8
0
10
42.25
20
57.1484
30
0
0
VERTEX
8
0
10
42.2563375
20
57.149190625
30
0
42
0.1407252340376049
0
VERTEX
8
0
10
42.309200000000004
20
57.167428125
30
0
0
VERTEX
8
0
10
42.316365625
20
57.1735125
30
0
0
VERTEX
8
0
10
42.318846875000006
20
57.175284375000004
30
0
0
VERTEX
8
0
10
42.31985
20
57.176468750000005
30
0
0
VERTEX
8
0
10
42.321840625
20
57.178159375
30
0
0
VERTEX
8
0
10
43.571840625
20
58.428159375
30
0
0
VERTEX
8
0
10
43.575753125000006
20
58.4331875
30
0
42
0.14075965647395222
0
VERTEX
8
0
10
43.600246875
20
58.483471875
30
0
0
VERTEX
8
0
10
43.6010125
20
58.492834375
30
0
0
VERTEX
8
0
10
43.601515625000005
20
58.495850000000004
30
0
0
VERTEX
8
0
10
43.6013875
20
58.49739375
30
0
0
VERTEX
8
0
10
43.601600000000005
20
58.5
30
0
0
VERTEX
8
0
10
43.601600000000005
20
61.207918750000005
30
0
0
VERTEX
8
0
10
44.29208125
20
61.8984
30
0
0
VERTEX
8
0
10
45.957918750000005
20
61.8984
30
0
0
VERTEX
8
0
10
47.5584
20
60.29791875
30
0
0
VERTEX
8
0
10
47.5584
20
58.88
30
0
0
VERTEX
8
0
10
47.5615125
20
58.85504375
30
0
42
0.8128116491081416
0
VERTEX
8
0
10
47.760246875
20
58.863471875
30
0
0
VERTEX
8
0
10
47.7616
20
58.88
30
0
0
VERTEX
8
0
10
47.7616
20
60.34
30
0
0
VERTEX
8
0
10
47.760809375
20
60.346337500000004
30
0
42
0.1407252340376049
0
VERTEX
8
0
10
47.742571875
20
60.3992
30
0
0
VERTEX
8
0
10
47.7364875
20
60.406365625
30
0
0
VERTEX
8
0
10
47.734715625
20
60.408846875
30
0
0
VERTEX
8
0
10
47.733531250000006
20
60.409850000000006
30
0
0
VERTEX
8
0
10
47.731840625000004
20
60.411840625
30
0
0
VERTEX
8
0
10
46.245281250000005
20
61.8984
30
0
0
VERTEX
8
0
10
47.75
20
61.8984
30
0
0
VERTEX
8
0
10
47.7563375
20
61.899190625
30
0
42
0.1407252340376049
0
VERTEX
8
0
10
47.809200000000004
20
61.917428125
30
0
0
VERTEX
8
0
10
47.816365625
20
61.9235125
30
0
0
VERTEX
8
0
10
47.818846875000006
20
61.925284375000004
30
0
0
VERTEX
8
0
10
47.81985
20
61.926468750000005
30
0
0
VERTEX
8
0
10
47.821840625
20
61.928159375
30
0
0
VERTEX
8
0
10
48.175915625
20
62.282234375
30
0
0
VERTEX
8
0
10
48.196140625000005
20
62.2756625
30
0
42
0.9999999999999999
0
VERTEX
8
0
10
48.303859375
20
62.724337500000004
30
0
0
VERTEX
8
0
10
48.268100000000004
20
62.730000000000004
30
0
42
0.5095244921166611
0
VERTEX
8
0
10
48.0256625
20
62.446140625000005
30
0
0
VERTEX
8
0
10
48.032234375
20
62.425915625
30
0
0
VERTEX
8
0
10
47.707918750000005
20
62.101600000000005
30
0
0
VERTEX
8
0
10
44.25
20
62.101600000000005
30
0
0
SEQEND
0
POLYLINE
66
1
8
1_copper
10
0.0
20
0.0
30
0.0
70
1
0
VERTEX
8
0
10
65.2563375
20
57.149190625
30
0
42
0.1407252340376049
0
VERTEX
8
0
10
65.3092
20
57.167428125
30
0
0
VERTEX
8
0
10
65.316365625
20
57.1735125
30
0
0
VERTEX
8
0
10
65.318846875
20
57.175284375000004
30
0
0
VERTEX
8
0
10
65.31985
20
57.176468750000005
30
0
0
VERTEX
8
0
10
65.32184062500001
20
57.178159375
30
0
0
VERTEX
8
0
10
66.57184062500001
20
58.428159375
30
0
0
VERTEX
8
0
10
66.575753125
20
58.4331875
30
0
42
0.14075965647395222
0
VERTEX
8
0
10
66.600246875
20
58.483471875
30
0
0
VERTEX
8
0
10
66.60101250000001
20
58.492834375
30
0
0
VERTEX
8
0
10
66.601515625
20
58.495850000000004
30
0
0
VERTEX
8
0
10
66.6013875
20
58.49739375
30
0
0
VERTEX
8
0
10
66.6016
20
58.5
30
0
0
VERTEX
8
0
10
66.6016
20
59.207918750000005
30
0
0
VERTEX
8
0
10
67.04208125000001
20
59.6484
30
0
0
VERTEX
8
0
10
67.95791875
20
59.6484
30
0
0
VERTEX
8
0
10
69.678159375
20
57.928159375
30
0
0
VERTEX
8
0
10
69.6831875
20
57.924246875
30
0
42
0.14075965647395222
0
VERTEX
8
0
10
69.733471875
20
57.899753125000004
30
0
0
VERTEX
8
0
10
69.742834375
20
57.898987500000004
30
0
0
VERTEX
8
0
10
69.74585
20
57.898484375
30
0
0
VERTEX
8
0
10
69.74739375
20
57.898612500000006
30
0
0
VERTEX
8
0
10
69.75
20
57.8984
30
0
0
VERTEX
8
0
10
72.5
20
57.8984
30
0
0
VERTEX
8
0
10
72.508396875
20
57.899446875
30
0
0
VERTEX
8
0
10
72.51683750000001
20
57.899806250000005
30
0
42
0.3205751741838904
0
VERTEX
8
0
10
72.60024687500001
20
57.983471875
30
0
0
VERTEX
8
0
10
72.6007
20
57.989021875000006
30
0
42
0.013451900187748484
0
VERTEX
8
0
10
72.601146875
20
57.994453125
30
0
0
VERTEX
8
0
10
72.6016
20
58
30
0
0
VERTEX
8
0
10
72.6016
20
58.701640625
30
0
0
VERTEX
8
0
10
72.72406875
20
58.801146875
30
0
0
VERTEX
8
0
10
72.74147500000001
20
58.819300000000005
30
0
42
0.8128111687836166
0
VERTEX
8
0
10
72.6096125
20
58.968225000000004
30
0
0
VERTEX
8
0
10
72.59593125
20
58.958853125000005
30
0
0
VERTEX
8
0
10
72.43593125000001
20
58.828853125
30
0
0
VERTEX
8
0
10
72.427909375
20
58.820484375
30
0
0
VERTEX
8
0
10
72.41972187500001
20
58.812275
30
0
42
0.12473301239534859
0
VERTEX
8
0
10
72.399753125
20
58.766528125
30
0
0
VERTEX
8
0
10
72.399653125
20
58.7653125
30
0
0
VERTEX
8
0
10
72.39945
20
58.764571875
30
0
0
VERTEX
8
0
10
72.399403125
20
58.762268750000004
30
0
0
VERTEX
8
0
10
72.39840000000001
20
58.75
30
0
0
VERTEX
8
0
10
72.39840000000001
20
58.101600000000005
30
0
0
VERTEX
8
0
10
69.79208125000001
20
58.101600000000005
30
0
0
VERTEX
8
0
10
68.07184062500001
20
59.821840625
30
0
0
VERTEX
8
0
10
68.0668125
20
59.825753125000006
30
0
42
0.14075965647395222
0
VERTEX
8
0
10
68.01652812500001
20
59.850246875
30
0
0
VERTEX
8
0
10
68.007165625
20
59.8510125
30
0
0
VERTEX
8
0
10
68.00415000000001
20
59.851515625000005
30
0
0
VERTEX
8
0
10
68.00260625
20
59.8513875
30
0
0
VERTEX
8
0
10
68
20
59.851600000000005
30
0
0
VERTEX
8
0
10
67
20
59.851600000000005
30
0
0
VERTEX
8
0
10
66.9936625
20
59.850809375000004
30
0
42
0.1407252340376049
0
VERTEX
8
0
10
66.94080000000001
20
59.832571875000006
30
0
0
VERTEX
8
0
10
66.933634375
20
59.826487500000006
30
0
0
VERTEX
8
0
10
66.93115312500001
20
59.824715625
30
0
0
VERTEX
8
0
10
66.93015
20
59.82353125
30
0
0
VERTEX
8
0
10
66.928159375
20
59.821840625
30
0
0
VERTEX
8
0
10
66.428159375
20
59.321840625
30
0
0
VERTEX
8
0
10
66.42424687500001
20
59.316812500000005
30
0
42
0.14075965647395222
0
VERTEX
8
0
10
66.399753125
20
59.266528125
30
0
0
VERTEX
8
0
10
66.3989875
20
59.257165625000006
30
0
0
VERTEX
8
0
10
66.39848437500001
20
59.25415
30
0
0
VERTEX
8
0
10
66.3986125
20
59.25260625
30
0
0
VERTEX
8
0
10
66.39840000000001
20
59.25
30
0
0
VERTEX
8
0
10
66.39840000000001
20
58.54208125
30
0
0
VERTEX
8
0
10
65.20791875
20
57.351600000000005
30
0
0
VERTEX
8
0
10
61.54208125
20
57.351600000000005
30
0
0
VERTEX
8
0
10
60.089684375000004
20
58.803996875
30
0
0
VERTEX
8
0
10
60.057106250000004
20
58.909878125000006
30
0
0
VERTEX
8
0
10
60.046793750000006
20
58.93281875
30
0
42
0.8128066291137241
0
VERTEX
8
0
10
59.859325000000005
20
58.866315625000006
30
0
0
VERTEX
8
0
10
59.862893750000005
20
58.850121875000006
30
0
0
VERTEX
8
0
10
59.902893750000004
20
58.720121875000004
30
0
0
VERTEX
8
0
10
59.904465625
20
58.716625
30
0
0
VERTEX
8
0
10
59.905415625
20
58.712900000000005
30
0
42
0.062132587094330616
0
VERTEX
8
0
10
59.917428125
20
58.6908
30
0
0
VERTEX
8
0
10
59.928159375
20
58.678159375
30
0
0
VERTEX
8
0
10
61.428159375
20
57.178159375
30
0
0
VERTEX
8
0
10
61.4331875
20
57.174246875
30
0
42
0.14075965647395222
0
VERTEX
8
0
10
61.483471875000006
20
57.149753125000004
30
0
0
VERTEX
8
0
10
61.492834375
20
57.148987500000004
30
0
0
VERTEX
8
0
10
61.495850000000004
20
57.148484375
30
0
0
VERTEX
8
0
10
61.49739375
20
57.148612500000006
30
0
0
VERTEX
8
0
10
61.5
20
57.1484
30
0
0
VERTEX
8
0
10
65.25
20
57.1484
30
0
0
SEQEND
0
POLYLINE
66
1
8
1_copper
10
0.0
20
0.0
30
0.0
70
1
0
VERTEX
8
0
10
97.508396875
20
57.149446875
30
0
0
VERTEX
8
0
10
97.51683750000001
20
57.149806250000005
30
0
42
0.3205751741838904
0
VERTEX
8
0
10
97.60024687500001
20
57.233471875
30
0
0
VERTEX
8
0
10
97.6007
20
57.239021875000006
30
0
42
0.013451900187748484
0
VERTEX
8
0
10
97.601146875
20
57.244453125
30
0
0
VERTEX
8
0
10
97.6016
20
57.25
30
0
0
VERTEX
8
0
10
97.6016
20
58.701640625
30
0
0
VERTEX
8
0
10
97.72406875
20
58.801146875
30
0
0
VERTEX
8
0
10
97.74147500000001
20
58.819300000000005
30
0
42
0.8128111687836166
0
VERTEX
8
0
10
97.60961250000001
20
58.968225000000004
30
0
0
VERTEX
8
0
10
97.59593125
20
58.958853125000005
30
0
0
VERTEX
8
0
10
97.43593125000001
20
58.828853125
30
0
0
VERTEX
8
0
10
97.427909375
20
58.820484375
30
0
0
VERTEX
8
0
10
97.41972187500001
20
58.812275
30
0
42
0.12473301239534859
0
VERTEX
8
0
10
97.399753125
20
58.766528125
30
0
0
VERTEX
8
0
10
97.399653125
20
58.7653125
30
0
0
VERTEX
8
0
10
97.39945
20
58.764571875
30
0
0
VERTEX
8
0
10
97.399403125
20
58.762268750000004
30
0
0
VERTEX
8
0
10
97.39840000000001
20
58.75
30
0
0
VERTEX
8
0
10
97.39840000000001
20
57.351600000000005
30
0
0
VERTEX
8
0
10
86.54208125000001
20
57.351600000000005
30
0
0
VERTEX
8
0
10
85.089684375
20
58.803996875
30
0
0
VERTEX
8
0
10
85.05710625
20
58.909878125000006
30
0
0
VERTEX
8
0
10
85.04679375
20
58.93281875
30
0
42
0.8128066291137241
0
VERTEX
8
0
10
84.859325
20
58.866315625000006
30
0
0
VERTEX
8
0
10
84.86289375
20
58.850121875000006
30
0
0
VERTEX
8
0
10
84.90289375
20
58.720121875000004
30
0
0
VERTEX
8
0
10
84.904465625
20
58.716625
30
0
0
VERTEX
8
0
10
84.905415625
20
58.712900000000005
30
0
42
0.062132587094330616
0
VERTEX
8
0
10
84.917428125
20
58.6908
30
0
0
VERTEX
8
0
10
84.928159375
20
58.678159375
30
0
0
VERTEX
8
0
10
86.428159375
20
57.178159375
30
0
0
VERTEX
8
0
10
86.4331875
20
57.174246875
30
0
42
0.14075965647395222
0
VERTEX
8
0
10
86.483471875
20
57.149753125000004
30
0
0
VERTEX
8
0
10
86.492834375
20
57.148987500000004
30
0
0
VERTEX
8
0
10
86.49585
20
57.148484375
30
0
0
VERTEX
8
0
10
86.49739375
20
57.148612500000006
30
0
0
VERTEX
8
0
10
86.5
20
57.1484
30
0
0
VERTEX
8
0
10
97.5
20
57.1484
30
0
0
SEQEND
0
POLYLINE
66
1
8
16_copper
10
0.0
20
0.0
30
0.0
70
1
0
VERTEX
8
0
10
97.694765625
20
58.784534375
30
0
42
0.5415930043689815
0
VERTEX
8
0
10
97.73336875000001
20
58.95028125
30
0
0
VERTEX
8
0
10
97.720959375
20
58.961281250000006
30
0
0
VERTEX
8
0
10
97.566721875
20
59.076959375
30
0
0
VERTEX
8
0
10
89.57184062500001
20
67.07184062500001
30
0
0
VERTEX
8
0
10
89.5668125
20
67.075753125
30
0
42
0.14075965647395222
0
VERTEX
8
0
10
89.51652812500001
20
67.100246875
30
0
0
VERTEX
8
0
10
89.507165625
20
67.10101250000001
30
0
0
VERTEX
8
0
10
89.50415000000001
20
67.101515625
30
0
0
VERTEX
8
0
10
89.50260625
20
67.1013875
30
0
0
VERTEX
8
0
10
89.5
20
67.1016
30
0
0
VERTEX
8
0
10
54.0942
20
67.1016
30
0
0
VERTEX
8
0
10
54.0942
20
67.435
30
0
0
VERTEX
8
0
10
52.894200000000005
20
67.435
30
0
0
VERTEX
8
0
10
52.894200000000005
20
66.83500000000001
30
0
0
VERTEX
8
0
10
52.94131875
20
66.83500000000001
30
0
0
VERTEX
8
0
10
48.707918750000005
20
62.601600000000005
30
0
0
VERTEX
8
0
10
48.45636875
20
62.601600000000005
30
0
0
VERTEX
8
0
10
48.446712500000004
20
62.620546875
30
0
42
0.9999999999999999
0
VERTEX
8
0
10
48.0532875
20
62.379453125000005
30
0
0
VERTEX
8
0
10
48.074565625000005
20
62.350165625
30
0
42
0.509524700761689
0
VERTEX
8
0
10
48.446712500000004
20
62.379453125000005
30
0
0
VERTEX
8
0
10
48.45636875
20
62.3984
30
0
0
VERTEX
8
0
10
48.75
20
62.3984
30
0
0
VERTEX
8
0
10
48.7563375
20
62.399190625
30
0
42
0.1407252340376049
0
VERTEX
8
0
10
48.809200000000004
20
62.417428125
30
0
0
VERTEX
8
0
10
48.816365625
20
62.4235125
30
0
0
VERTEX
8
0
10
48.818846875000006
20
62.425284375000004
30
0
0
VERTEX
8
0
10
48.81985
20
62.426468750000005
30
0
0
VERTEX
8
0
10
48.821840625
20
62.428159375
30
0
0
VERTEX
8
0
10
53.22868125
20
66.83500000000001
30
0
0
VERTEX
8
0
10
54.0942
20
66.83500000000001
30
0
0
VERTEX
8
0
10
54.0942
20
66.89840000000001
30
0
0
VERTEX
8
0
10
89.45791875
20
66.89840000000001
30
0
0
VERTEX
8
0
10
97.428159375
20
58.928159375
30
0
0
VERTEX
8
0
10
97.430053125
20
58.926684375
30
0
0
VERTEX
8
0
10
97.439040625
20
58.918718750000004
30
0
0
VERTEX
8
0
10
97.599040625
20
58.798718750000006
30
0
0
VERTEX
8
0
10
97.620875
20
58.786237500000006
30
0
42
0.12473335761373988
0
VERTEX
8
0
10
97.67025000000001
20
58.77891875
30
0
0
SEQEND
0
POLYLINE
66
1
8
1_copper
10
0.0
20
0.0
30
0.0
70
1
0
VERTEX
8
0
10
54.717765625000006
20
65.175915625
30
0
0
VERTEX
8
0
10
54.724337500000004
20
65.196140625
30
0
42
0.9999999999999999
0
VERTEX
8
0
10
54.2756625
20
65.303859375
30
0
0
VERTEX
8
0
10
54.27
20
65.2681
30
0
42
0.5095244921166611
0
VERTEX
8
0
10
54.553859375
20
65.02566250000001
30
0
0
VERTEX
8
0
10
54.574084375000005
20
65.032234375
30
0
0
VERTEX
8
0
10
57.1484
20
62.457918750000005
30
0
0
VERTEX
8
0
10
57.1484
20
59
30
0
0
VERTEX
8
0
10
57.148706250000004
20
58.99755625
30
0
0
VERTEX
8
0
10
57.14851875
20
58.995106250000006
30
0
42
0.18832092544843632
0
VERTEX
8
0
10
57.1786875
20
58.927631250000005
30
0
0
VERTEX
8
0
10
57.191409375
20
58.916996875
30
0
0
VERTEX
8
0
10
57.361409375
20
58.796996875000005
30
0
0
VERTEX
8
0
10
57.38359375
20
58.785146875
30
0
42
0.8128145246225277
0
VERTEX
8
0
10
57.4913125
20
58.952368750000005
30
0
0
VERTEX
8
0
10
57.478590625
20
58.963003125
30
0
0
VERTEX
8
0
10
57.351600000000005
20
59.05264375
30
0
0
VERTEX
8
0
10
57.351600000000005
20
62.25471875
30
0
0
VERTEX
8
0
10
59.428159375
20
60.178159375
30
0
0
VERTEX
8
0
10
59.4331875
20
60.174246875
30
0
42
0.14075965647395222
0
VERTEX
8
0
10
59.483471875
20
60.149753125000004
30
0
0
VERTEX
8
0
10
59.492834375
20
60.148987500000004
30
0
0
VERTEX
8
0
10
59.495850000000004
20
60.148484375
30
0
0
VERTEX
8
0
10
59.49739375
20
60.148612500000006
30
0
0
VERTEX
8
0
10
59.5
20
60.1484
30
0
0
VERTEX
8
0
10
68.70791875
20
60.1484
30
0
0
VERTEX
8
0
10
70.048159375
20
58.808159375
30
0
0
VERTEX
8
0
10
70.06800625
20
58.7927125
30
0
42
0.8128176307274321
0
VERTEX
8
0
10
70.202571875
20
58.9392
30
0
0
VERTEX
8
0
10
70.191840625
20
58.951840625
30
0
0
VERTEX
8
0
10
68.82184062500001
20
60.321840625
30
0
0
VERTEX
8
0
10
68.8168125
20
60.325753125000006
30
0
42
0.14075965647395222
0
VERTEX
8
0
10
68.76652812500001
20
60.350246875
30
0
0
VERTEX
8
0
10
68.757165625
20
60.3510125
30
0
0
VERTEX
8
0
10
68.75415000000001
20
60.351515625000005
30
0
0
VERTEX
8
0
10
68.75260625
20
60.3513875
30
0
0
VERTEX
8
0
10
68.75
20
60.351600000000005
30
0
0
VERTEX
8
0
10
59.54208125
20
60.351600000000005
30
0
0
SEQEND
0
POLYLINE
66
1
8
1_copper
10
0.0
20
0.0
30
0.0
70
1
0
VERTEX
8
0
10
95.140915625
20
58.780575000000006
30
0
42
0.5415938989604304
0
VERTEX
8
0
10
95.202571875
20
58.9392
30
0
0
VERTEX
8
0
10
95.191840625
20
58.951840625
30
0
0
VERTEX
8
0
10
95.1016
20
59.04208125
30
0
0
VERTEX
8
0
10
95.1016
20
60.5
30
0
0
VERTEX
8
0
10
95.100553125
20
60.508396875
30
0
0
VERTEX
8
0
10
95.10019375
20
60.5168375
30
0
42
0.3205751741838904
0
VERTEX
8
0
10
95.01652812500001
20
60.600246875
30
0
0
VERTEX
8
0
10
95.01097812500001
20
60.6007
30
0
42
0.013451900187748484
0
VERTEX
8
0
10
95.00554687500001
20
60.601146875000005
30
0
0
VERTEX
8
0
10
95
20
60.601600000000005
30
0
0
VERTEX
8
0
10
84
20
60.601600000000005
30
0
0
VERTEX
8
0
10
83.9936625
20
60.600809375000004
30
0
42
0.1407252340376049
0
VERTEX
8
0
10
83.94080000000001
20
60.582571875000006
30
0
0
VERTEX
8
0
10
83.93363437500001
20
60.576487500000006
30
0
0
VERTEX
8
0
10
83.93115312500001
20
60.574715625
30
0
0
VERTEX
8
0
10
83.93015
20
60.57353125
30
0
0
VERTEX
8
0
10
83.928159375
20
60.571840625
30
0
0
VERTEX
8
0
10
82.428159375
20
59.071840625
30
0
0
VERTEX
8
0
10
82.427103125
20
59.07048125
30
0
0
VERTEX
8
0
10
82.42575625
20
59.069359375000005
30
0
0
VERTEX
8
0
10
82.4154625
20
59.05635625
30
0
0
VERTEX
8
0
10
82.3354625
20
58.93635625
30
0
0
VERTEX
8
0
10
82.32420937500001
20
58.913865625
30
0
42
0.8128119064910809
0
VERTEX
8
0
10
82.49424375000001
20
58.810640625000005
30
0
0
VERTEX
8
0
10
82.5045375
20
58.82364375
30
0
0
VERTEX
8
0
10
82.5789625
20
58.93528125
30
0
0
VERTEX
8
0
10
84.04208125000001
20
60.3984
30
0
0
VERTEX
8
0
10
94.89840000000001
20
60.3984
30
0
0
VERTEX
8
0
10
94.89840000000001
20
59
30
0
0
VERTEX
8
0
10
94.899190625
20
58.993662500000006
30
0
42
0.1407252340376049
0
VERTEX
8
0
10
94.917428125
20
58.9408
30
0
0
VERTEX
8
0
10
94.9235125
20
58.933634375000004
30
0
0
VERTEX
8
0
10
94.925284375
20
58.931153125
30
0
0
VERTEX
8
0
10
94.92646875
20
58.930150000000005
30
0
0
VERTEX
8
0
10
94.928159375
20
58.928159375
30
0
0
VERTEX
8
0
10
95.04815937500001
20
58.808159375
30
0
0
VERTEX
8
0
10
95.06800625000001
20
58.7927125
30
0
42
0.12473219768671386
0
VERTEX
8
0
10
95.11585000000001
20
58.778484375000005
30
0
0
SEQEND
0
POLYLINE
66
1
8
1_copper
10
0.0
20
0.0
30
0.0
70
1
0
VERTEX
8
0
10
45.153290625000004
20
58.784009375000004
30
0
0
VERTEX
8
0
10
45.175850000000004
20
58.795128125000005
30
0
0
VERTEX
8
0
10
45.1889125
20
58.805343750000006
30
0
0
VERTEX
8
0
10
46.0189125
20
59.571496875
30
0
0
VERTEX
8
0
10
46.02433125
20
59.577915625
30
0
0
VERTEX
8
0
10
46.030278125
20
59.583878125000005
30
0
42
0.12473301239534859
0
VERTEX
8
0
10
46.050246875
20
59.629625000000004
30
0
0
VERTEX
8
0
10
46.050706250000005
20
59.635250000000006
30
0
42
0.013420647583395904
0
VERTEX
8
0
10
46.05115
20
59.64066875
30
0
0
VERTEX
8
0
10
46.0516
20
59.646153125000005
30
0
0
VERTEX
8
0
10
46.0516
20
60.143631250000006
30
0
0
VERTEX
8
0
10
46.070546875000005
20
60.153287500000005
30
0
42
0.9999999999999999
0
VERTEX
8
0
10
45.829453125
20
60.546712500000005
30
0
0
VERTEX
8
0
10
45.800165625000005
20
60.525434375
30
0
42
0.509524700761689
0
VERTEX
8
0
10
45.829453125
20
60.153287500000005
30
0
0
VERTEX
8
0
10
45.848400000000005
20
60.143631250000006
30
0
0
VERTEX
8
0
10
45.848400000000005
20
59.6906375
30
0
0
VERTEX
8
0
10
45.0510875
20
58.95465625
30
0
0
VERTEX
8
0
10
45.034859375
20
58.935440625000005
30
0
42
0.6247340615294745
0
VERTEX
8
0
10
45.128690625000004
20
58.778771875000004
30
0
0
SEQEND
0
POLYLINE
66
1
8
16_copper
10
0.0
20
0.0
30
0.0
70
1
0
VERTEX
8
0
10
95.140915625
20
58.780575000000006
30
0
42
0.5415938989604304
0
VERTEX
8
0
10
95.202571875
20
58.9392
30
0
0
VERTEX
8
0
10
95.191840625
20
58.951840625
30
0
0
VERTEX
8
0
10
88.82184062500001
20
65.32184062500001
30
0
0
VERTEX
8
0
10
88.8168125
20
65.325753125
30
0
42
0.14075965647395222
0
VERTEX
8
0
10
88.76652812500001
20
65.350246875
30
0
0
VERTEX
8
0
10
88.757165625
20
65.35101250000001
30
0
0
VERTEX
8
0
10
88.75415000000001
20
65.351515625
30
0
0
VERTEX
8
0
10
88.75260625
20
65.3513875
30
0
0
VERTEX
8
0
10
88.75
20
65.3516
30
0
0
VERTEX
8
0
10
54.70636875
20
65.3516
30
0
0
VERTEX
8
0
10
54.696712500000004
20
65.370546875
30
0
42
0.5600237529473715
0
VERTEX
8
0
10
54.3032875
20
65.370546875
30
0
0
VERTEX
8
0
10
54.293631250000004
20
65.3516
30
0
0
VERTEX
8
0
10
54.04208125
20
65.3516
30
0
0
VERTEX
8
0
10
53.82868125
20
65.565
30
0
0
VERTEX
8
0
10
54.0942
20
65.565
30
0
0
VERTEX
8
0
10
54.0942
20
66.165
30
0
0
VERTEX
8
0
10
52.894200000000005
20
66.165
30
0
0
VERTEX
8
0
10
52.894200000000005
20
65.565
30
0
0
VERTEX
8
0
10
52.921318750000005
20
65.565
30
0
0
VERTEX
8
0
10
48.707918750000005
20
61.351600000000005
30
0
0
VERTEX
8
0
10
46.85
20
61.351600000000005
30
0
0
VERTEX
8
0
10
46.8436625
20
61.350809375000004
30
0
42
0.1407252340376049
0
VERTEX
8
0
10
46.790800000000004
20
61.332571875000006
30
0
0
VERTEX
8
0
10
46.783634375000005
20
61.326487500000006
30
0
0
VERTEX
8
0
10
46.781153125
20
61.324715625
30
0
0
VERTEX
8
0
10
46.78015
20
61.32353125
30
0
0
VERTEX
8
0
10
46.778159375
20
61.321840625
30
0
0
VERTEX
8
0
10
46.024084375
20
60.567765625
30
0
0
VERTEX
8
0
10
46.003859375000005
20
60.574337500000006
30
0
42
0.9999999999999999
0
VERTEX
8
0
10
45.896140625
20
60.125662500000004
30
0
0
VERTEX
8
0
10
45.9319
20
60.120000000000005
30
0
42
0.5095244921166611
0
VERTEX
8
0
10
46.1743375
20
60.403859375
30
0
0
VERTEX
8
0
10
46.167765625
20
60.424084375
30
0
0
VERTEX
8
0
10
46.892081250000004
20
61.1484
30
0
0
VERTEX
8
0
10
48.75
20
61.1484
30
0
0
VERTEX
8
0
10
48.7563375
20
61.149190625
30
0
42
0.1407252340376049
0
VERTEX
8
0
10
48.809200000000004
20
61.167428125
30
0
0
VERTEX
8
0
10
48.816365625
20
61.1735125
30
0
0
VERTEX
8
0
10
48.818846875000006
20
61.175284375000004
30
0
0
VERTEX
8
0
10
48.81985
20
61.176468750000005
30
0
0
VERTEX
8
0
10
48.821840625
20
61.178159375
30
0
0
VERTEX
8
0
10
53.208681250000005
20
65.565
30
0
0
VERTEX
8
0
10
53.54131875
20
65.565
30
0
0
VERTEX
8
0
10
53.928159375
20
65.178159375
30
0
0
VERTEX
8
0
10
53.9331875
20
65.17424687500001
30
0
42
0.14075965647395222
0
VERTEX
8
0
10
53.983471875
20
65.149753125
30
0
0
VERTEX
8
0
10
53.992834375
20
65.1489875
30
0
0
VERTEX
8
0
10
53.995850000000004
20
65.14848437500001
30
0
0
VERTEX
8
0
10
53.99739375
20
65.1486125
30
0
0
VERTEX
8
0
10
54
20
65.14840000000001
30
0
0
VERTEX
8
0
10
54.293631250000004
20
65.14840000000001
30
0
0
VERTEX
8
0
10
54.3032875
20
65.129453125
30
0
42
0.5600237529473715
0
VERTEX
8
0
10
54.696712500000004
20
65.129453125
30
0
0
VERTEX
8
0
10
54.70636875
20
65.14840000000001
30
0
0
VERTEX
8
0
10
88.70791875
20
65.14840000000001
30
0
0
VERTEX
8
0
10
95.04815937500001
20
58.808159375
30
0
0
VERTEX
8
0
10
95.06800625000001
20
58.7927125
30
0
42
0.12473219768671386
0
VERTEX
8
0
10
95.11585000000001
20
58.778484375000005
30
0
0
SEQEND
0
POLYLINE
66
1
8
1_copper
10
0.0
20
0.0
30
0.0
70
1
0
VERTEX
8
0
10
54.904871875000005
20
58.781490625
30
0
42
0.5415873802595239
0
VERTEX
8
0
10
54.960140625
20
58.94245
30
0
0
VERTEX
8
0
10
54.948912500000006
20
58.95465625
30
0
0
VERTEX
8
0
10
54.851600000000005
20
59.044484375
30
0
0
VERTEX
8
0
10
54.851600000000005
20
63.75
30
0
0
VERTEX
8
0
10
54.850809375000004
20
63.7563375
30
0
42
0.1407252340376049
0
VERTEX
8
0
10
54.832571875
20
63.809200000000004
30
0
0
VERTEX
8
0
10
54.826487500000006
20
63.816365625
30
0
0
VERTEX
8
0
10
54.824715625
20
63.818846875000006
30
0
0
VERTEX
8
0
10
54.82353125
20
63.81985
30
0
0
VERTEX
8
0
10
54.821840625
20
63.821840625
30
0
0
VERTEX
8
0
10
54.717765625000006
20
63.925915625
30
0
0
VERTEX
8
0
10
54.724337500000004
20
63.946140625000005
30
0
42
0.9999999999999999
0
VERTEX
8
0
10
54.2756625
20
64.053859375
30
0
0
VERTEX
8
0
10
54.27
20
64.0181
30
0
42
0.5095244921166611
0
VERTEX
8
0
10
54.553859375
20
63.7756625
30
0
0
VERTEX
8
0
10
54.574084375000005
20
63.782234375
30
0
0
VERTEX
8
0
10
54.6484
20
63.707918750000005
30
0
0
VERTEX
8
0
10
54.6484
20
59
30
0
0
VERTEX
8
0
10
54.649440625000004
20
58.991646875
30
0
0
VERTEX
8
0
10
54.649790625
20
58.983250000000005
30
0
42
0.12472684400237541
0
VERTEX
8
0
10
54.669859375
20
58.93755
30
0
0
VERTEX
8
0
10
54.673684375
20
58.933390625
30
0
42
0.013385976399399266
0
VERTEX
8
0
10
54.67735625
20
58.9294
30
0
0
VERTEX
8
0
10
54.681087500000004
20
58.92534375
30
0
0
VERTEX
8
0
10
54.8110875
20
58.805343750000006
30
0
0
VERTEX
8
0
10
54.8315375
20
58.790703125
30
0
42
0.12473328772497974
0
VERTEX
8
0
10
54.8799125
20
58.778400000000005
30
0
0
SEQEND
0
POLYLINE
66
1
8
16_copper
10
0.0
20
0.0
30
0.0
70
1
0
VERTEX
8
0
10
54.553859375
20
63.7756625
30
0
42
0.9999999999999999
0
VERTEX
8
0
10
54.446140625000005
20
64.2243375
30
0
0
VERTEX
8
0
10
54.411709375
20
64.21315
30
0
42
0.15838217860281115
0
VERTEX
8
0
10
54.3032875
20
64.120546875
30
0
0
VERTEX
8
0
10
54.293631250000004
20
64.1016
30
0
0
VERTEX
8
0
10
54.04208125
20
64.1016
30
0
0
VERTEX
8
0
10
53.848681250000006
20
64.295
30
0
0
VERTEX
8
0
10
54.0942
20
64.295
30
0
0
VERTEX
8
0
10
54.0942
20
64.895
30
0
0
VERTEX
8
0
10
52.894200000000005
20
64.895
30
0
0
VERTEX
8
0
10
52.894200000000005
20
64.295
30
0
0
VERTEX
8
0
10
53.561318750000005
20
64.295
30
0
0
VERTEX
8
0
10
53.928159375
20
63.928159375
30
0
0
VERTEX
8
0
10
53.9331875
20
63.924246875
30
0
42
0.14075965647395222
0
VERTEX
8
0
10
53.983471875
20
63.899753125000004
30
0
0
VERTEX
8
0
10
53.992834375
20
63.898987500000004
30
0
0
VERTEX
8
0
10
53.995850000000004
20
63.898484375
30
0
0
VERTEX
8
0
10
53.99739375
20
63.898612500000006
30
0
0
VERTEX
8
0
10
54
20
63.8984
30
0
0
VERTEX
8
0
10
54.293631250000004
20
63.8984
30
0
0
VERTEX
8
0
10
54.3032875
20
63.879453125000005
30
0
42
0.28202624769580686
0
VERTEX
8
0
10
54.518100000000004
20
63.77
30
0
0
SEQEND
0
POLYLINE
66
1
8
16_copper
10
0.0
20
0.0
30
0.0
70
1
0
VERTEX
8
0
10
5.07330625
20
58.820375000000006
30
0
0
VERTEX
8
0
10
4.95465625
20
58.948912500000006
30
0
0
VERTEX
8
0
10
4.935440625
20
58.965140625000004
30
0
42
0.8128063889824926
0
VERTEX
8
0
10
4.795128125000001
20
58.82415
30
0
0
VERTEX
8
0
10
4.8053437500000005
20
58.8110875
30
0
0
VERTEX
8
0
10
4.925343750000001
20
58.681087500000004
30
0
0
VERTEX
8
0
10
4.926509375
20
58.680103125
30
0
0
VERTEX
8
0
10
4.928159375
20
58.678159375
30
0
0
VERTEX
8
0
10
5.678159375
20
57.928159375
30
0
0
VERTEX
8
0
10
5.6831875
20
57.924246875
30
0
42
0.14075965647395222
0
VERTEX
8
0
10
5.733471875
20
57.899753125000004
30
0
0
VERTEX
8
0
10
5.742834375
20
57.898987500000004
30
0
0
VERTEX
8
0
10
5.74585
20
57.898484375
30
0
0
VERTEX
8
0
10
5.7473937500000005
20
57.898612500000006
30
0
0
VERTEX
8
0
10
5.75
20
57.8984
30
0
0
VERTEX
8
0
10
89.25
20
57.8984
30
0
0
VERTEX
8
0
10
89.2563375
20
57.899190625
30
0
42
0.1407252340376049
0
VERTEX
8
0
10
89.3092
20
57.917428125
30
0
0
VERTEX
8
0
10
89.316365625
20
57.9235125
30
0
0
VERTEX
8
0
10
89.318846875
20
57.925284375000004
30
0
0
VERTEX
8
0
10
89.31985
20
57.926468750000005
30
0
0
VERTEX
8
0
10
89.32184062500001
20
57.928159375
30
0
0
VERTEX
8
0
10
90.07184062500001
20
58.678159375
30
0
0
VERTEX
8
0
10
90.074196875
20
58.681184375
30
0
0
VERTEX
8
0
10
90.07704375
20
58.683768750000006
30
0
42
0.06212310762021846
0
VERTEX
8
0
10
90.090953125
20
58.704721875000004
30
0
0
VERTEX
8
0
10
90.09710625000001
20
58.720121875000004
30
0
0
VERTEX
8
0
10
90.13710625
20
58.850121875000006
30
0
0
VERTEX
8
0
10
90.14147187500001
20
58.874890625000006
30
0
42
0.8128054666573057
0
VERTEX
8
0
10
89.94904687500001
20
58.925278125000006
30
0
0
VERTEX
8
0
10
89.94289375000001
20
58.909878125000006
30
0
0
VERTEX
8
0
10
89.91031562500001
20
58.803996875
30
0
0
VERTEX
8
0
10
89.20791875
20
58.101600000000005
30
0
0
VERTEX
8
0
10
79.24528125
20
58.101600000000005
30
0
0
VERTEX
8
0
10
79.951840625
20
58.808159375
30
0
0
VERTEX
8
0
10
79.9672875
20
58.82800625
30
0
42
0.8128176307274321
0
VERTEX
8
0
10
79.8208
20
58.962571875
30
0
0
VERTEX
8
0
10
79.808159375
20
58.951840625
30
0
0
VERTEX
8
0
10
78.95791875
20
58.101600000000005
30
0
0
VERTEX
8
0
10
64.49528125
20
58.101600000000005
30
0
0
VERTEX
8
0
10
65.07184062500001
20
58.678159375
30
0
0
VERTEX
8
0
10
65.074196875
20
58.681184375
30
0
0
VERTEX
8
0
10
65.07704375
20
58.683768750000006
30
0
42
0.06212310762021846
0
VERTEX
8
0
10
65.090953125
20
58.704721875000004
30
0
0
VERTEX
8
0
10
65.09710625000001
20
58.720121875000004
30
0
0
VERTEX
8
0
10
65.13710625
20
58.850121875000006
30
0
0
VERTEX
8
0
10
65.14147187500001
20
58.874890625000006
30
0
42
0.8128054666573057
0
VERTEX
8
0
10
64.94904687500001
20
58.925278125000006
30
0
0
VERTEX
8
0
10
64.94289375
20
58.909878125000006
30
0
0
VERTEX
8
0
10
64.91031562500001
20
58.803996875
30
0
0
VERTEX
8
0
10
64.20791875
20
58.101600000000005
30
0
0
VERTEX
8
0
10
55.79208125
20
58.101600000000005
30
0
0
VERTEX
8
0
10
55.07330625
20
58.820375000000006
30
0
0
VERTEX
8
0
10
54.95465625
20
58.948912500000006
30
0
0
VERTEX
8
0
10
54.935440625000005
20
58.965140625000004
30
0
42
0.8128063889824926
0
VERTEX
8
0
10
54.795128125000005
20
58.82415
30
0
0
VERTEX
8
0
10
54.805343750000006
20
58.8110875
30
0
0
VERTEX
8
0
10
54.92534375
20
58.681087500000004
30
0
0
VERTEX
8
0
10
54.926509375
20
58.680103125
30
0
0
VERTEX
8
0
10
54.928159375
20
58.678159375
30
0
0
VERTEX
8
0
10
55.50471875
20
58.101600000000005
30
0
0
VERTEX
8
0
10
41.04208125
20
58.101600000000005
30
0
0
VERTEX
8
0
10
40.321840625
20
58.821840625
30
0
0
VERTEX
8
0
10
40.319128125
20
58.823953125
30
0
0
VERTEX
8
0
10
40.31681875
20
58.8265375
30
0
0
VERTEX
8
0
10
40.303478125000005
20
58.8363875
30
0
0
VERTEX
8
0
10
40.093478125000004
20
58.9663875
30
0
0
VERTEX
8
0
10
40.07061875
20
58.976875
30
0
42
0.8128105129697704
0
VERTEX
8
0
10
39.97318125
20
58.8034625
30
0
0
VERTEX
8
0
10
39.986521875
20
58.7936125
30
0
0
VERTEX
8
0
10
40.18650625
20
58.669812500000006
30
0
0
VERTEX
8
0
10
40.75471875
20
58.101600000000005
30
0
0
VERTEX
8
0
10
30.792081250000003
20
58.101600000000005
30
0
0
VERTEX
8
0
10
30.07330625
20
58.820375000000006
30
0
0
VERTEX
8
0
10
29.954656250000003
20
58.948912500000006
30
0
0
VERTEX
8
0
10
29.935440625000002
20
58.965140625000004
30
0
42
0.8128063889824926
0
VERTEX
8
0
10
29.795128125
20
58.82415
30
0
0
VERTEX
8
0
10
29.805343750000002
20
58.8110875
30
0
0
VERTEX
8
0
10
29.92534375
20
58.681087500000004
30
0
0
VERTEX
8
0
10
29.926509375000002
20
58.680103125
30
0
0
VERTEX
8
0
10
29.928159375
20
58.678159375
30
0
0
VERTEX
8
0
10
30.504718750000002
20
58.101600000000005
30
0
0
VERTEX
8
0
10
16.042081250000003
20
58.101600000000005
30
0
0
VERTEX
8
0
10
15.321840625
20
58.821840625
30
0
0
VERTEX
8
0
10
15.319128125
20
58.823953125
30
0
0
VERTEX
8
0
10
15.316818750000001
20
58.8265375
30
0
0
VERTEX
8
0
10
15.303478125000002
20
58.8363875
30
0
0
VERTEX
8
0
10
15.093478125
20
58.9663875
30
0
0
VERTEX
8
0
10
15.070618750000001
20
58.976875
30
0
42
0.8128105129697704
0
VERTEX
8
0
10
14.973181250000001
20
58.8034625
30
0
0
VERTEX
8
0
10
14.986521875000001
20
58.7936125
30
0
0
VERTEX
8
0
10
15.18650625
20
58.669812500000006
30
0
0
VERTEX
8
0
10
15.75471875
20
58.101600000000005
30
0
0
VERTEX
8
0
10
5.79208125
20
58.101600000000005
30
0
0
SEQEND
0
POLYLINE
66
1
8
16_copper
10
0.0
20
0.0
30
0.0
70
1
0
VERTEX
8
0
10
58.321840625
20
63.321840625
30
0
42
0.15676404749847475
0
VERTEX
8
0
10
58.266528125
20
63.350246875
30
0
0
VERTEX
8
0
10
58.257165625000006
20
63.3510125
30
0
0
VERTEX
8
0
10
58.25415
20
63.351515625000005
30
0
0
VERTEX
8
0
10
58.25260625
20
63.3513875
30
0
0
VERTEX
8
0
10
58.25
20
63.351600000000005
30
0
0
VERTEX
8
0
10
54.0942
20
63.351600000000005
30
0
0
VERTEX
8
0
10
54.0942
20
63.625
30
0
0
VERTEX
8
0
10
52.894200000000005
20
63.625
30
0
0
VERTEX
8
0
10
52.894200000000005
20
63.101600000000005
30
0
0
VERTEX
8
0
10
51.75
20
63.101600000000005
30
0
0
VERTEX
8
0
10
51.7436625
20
63.100809375000004
30
0
42
0.1407252340376049
0
VERTEX
8
0
10
51.6908
20
63.082571875000006
30
0
0
VERTEX
8
0
10
51.683634375000004
20
63.076487500000006
30
0
0
VERTEX
8
0
10
51.681153125
20
63.074715625
30
0
0
VERTEX
8
0
10
51.680150000000005
20
63.07353125
30
0
0
VERTEX
8
0
10
51.678159375
20
63.071840625
30
0
0
VERTEX
8
0
10
51.178159375
20
62.571840625
30
0
0
VERTEX
8
0
10
51.174246875
20
62.566812500000005
30
0
42
0.14075965647395222
0
VERTEX
8
0
10
51.149753125000004
20
62.516528125
30
0
0
VERTEX
8
0
10
51.148987500000004
20
62.507165625000006
30
0
0
VERTEX
8
0
10
51.148484375
20
62.50415
30
0
0
VERTEX
8
0
10
51.148612500000006
20
62.50260625
30
0
0
VERTEX
8
0
10
51.1484
20
62.5
30
0
0
VERTEX
8
0
10
51.1484
20
61.04208125
30
0
0
VERTEX
8
0
10
49.957918750000005
20
59.851600000000005
30
0
0
VERTEX
8
0
10
3.25
20
59.851600000000005
30
0
0
VERTEX
8
0
10
3.2436625
20
59.850809375000004
30
0
42
0.1407252340376049
0
VERTEX
8
0
10
3.1908000000000003
20
59.832571875000006
30
0
0
VERTEX
8
0
10
3.183634375
20
59.826487500000006
30
0
0
VERTEX
8
0
10
3.1811531250000002
20
59.824715625
30
0
0
VERTEX
8
0
10
3.1801500000000003
20
59.82353125
30
0
0
VERTEX
8
0
10
3.1781593750000003
20
59.821840625
30
0
0
VERTEX
8
0
10
2.433278125
20
59.076959375
30
0
0
VERTEX
8
0
10
2.279040625
20
58.961281250000006
30
0
0
VERTEX
8
0
10
2.260940625
20
58.943815625000006
30
0
42
0.8128061230196819
0
VERTEX
8
0
10
2.386925
20
58.789887500000006
30
0
0
VERTEX
8
0
10
2.4009593750000002
20
58.798718750000006
30
0
0
VERTEX
8
0
10
2.560959375
20
58.918718750000004
30
0
0
VERTEX
8
0
10
2.5627093750000003
20
58.920406250000006
30
0
0
VERTEX
8
0
10
2.571840625
20
58.928159375
30
0
0
VERTEX
8
0
10
3.2920812500000003
20
59.6484
30
0
0
VERTEX
8
0
10
13.00471875
20
59.6484
30
0
0
VERTEX
8
0
10
12.428159375
20
59.071840625
30
0
0
VERTEX
8
0
10
12.424246875000001
20
59.066812500000005
30
0
42
0.14075965647395222
0
VERTEX
8
0
10
12.399753125
20
59.016528125
30
0
0
VERTEX
8
0
10
12.3989875
20
59.007165625000006
30
0
0
VERTEX
8
0
10
12.398484375
20
59.00415
30
0
0
VERTEX
8
0
10
12.3986125
20
59.00260625
30
0
0
VERTEX
8
0
10
12.3984
20
59
30
0
0
VERTEX
8
0
10
12.3984
20
58.88
30
0
0
VERTEX
8
0
10
12.4015125
20
58.85504375
30
0
42
0.8128116491081416
0
VERTEX
8
0
10
12.600246875
20
58.863471875
30
0
0
VERTEX
8
0
10
12.601600000000001
20
58.88
30
0
0
VERTEX
8
0
10
12.601600000000001
20
58.957918750000005
30
0
0
VERTEX
8
0
10
13.29208125
20
59.6484
30
0
0
VERTEX
8
0
10
28.004718750000002
20
59.6484
30
0
0
VERTEX
8
0
10
27.433278125
20
59.076959375
30
0
0
VERTEX
8
0
10
27.279040625
20
58.961281250000006
30
0
0
VERTEX
8
0
10
27.260940625
20
58.943815625000006
30
0
42
0.8128061230196819
0
VERTEX
8
0
10
27.386925
20
58.789887500000006
30
0
0
VERTEX
8
0
10
27.400959375000003
20
58.798718750000006
30
0
0
VERTEX
8
0
10
27.560959375000003
20
58.918718750000004
30
0
0
VERTEX
8
0
10
27.562709375
20
58.920406250000006
30
0
0
VERTEX
8
0
10
27.571840625
20
58.928159375
30
0
0
VERTEX
8
0
10
28.292081250000003
20
59.6484
30
0
0
VERTEX
8
0
10
38.00471875
20
59.6484
30
0
0
VERTEX
8
0
10
37.428159375
20
59.071840625
30
0
0
VERTEX
8
0
10
37.424246875
20
59.066812500000005
30
0
42
0.14075965647395222
0
VERTEX
8
0
10
37.399753125000004
20
59.016528125
30
0
0
VERTEX
8
0
10
37.398987500000004
20
59.007165625000006
30
0
0
VERTEX
8
0
10
37.398484375
20
59.00415
30
0
0
VERTEX
8
0
10
37.3986125
20
59.00260625
30
0
0
VERTEX
8
0
10
37.3984
20
59
30
0
0
VERTEX
8
0
10
37.3984
20
58.88
30
0
0
VERTEX
8
0
10
37.4015125
20
58.85504375
30
0
42
0.8128116491081416
0
VERTEX
8
0
10
37.600246875
20
58.863471875
30
0
0
VERTEX
8
0
10
37.601600000000005
20
58.88
30
0
0
VERTEX
8
0
10
37.601600000000005
20
58.957918750000005
30
0
0
VERTEX
8
0
10
38.29208125
20
59.6484
30
0
0
VERTEX
8
0
10
51.42791875
20
59.6484
30
0
0
VERTEX
8
0
10
52.268159375
20
58.808159375
30
0
0
VERTEX
8
0
10
52.28800625
20
58.7927125
30
0
42
0.8128176307274321
0
VERTEX
8
0
10
52.422571875
20
58.9392
30
0
0
VERTEX
8
0
10
52.411840625
20
58.951840625
30
0
0
VERTEX
8
0
10
51.541840625
20
59.821840625
30
0
0
VERTEX
8
0
10
51.5368125
20
59.825753125000006
30
0
42
0.14075965647395222
0
VERTEX
8
0
10
51.486528125
20
59.850246875
30
0
0
VERTEX
8
0
10
51.477165625000005
20
59.8510125
30
0
0
VERTEX
8
0
10
51.47415
20
59.851515625000005
30
0
0
VERTEX
8
0
10
51.472606250000005
20
59.8513875
30
0
0
VERTEX
8
0
10
51.470000000000006
20
59.851600000000005
30
0
0
VERTEX
8
0
10
50.245281250000005
20
59.851600000000005
30
0
0
VERTEX
8
0
10
51.321840625
20
60.928159375
30
0
0
VERTEX
8
0
10
51.325753125000006
20
60.9331875
30
0
42
0.14075965647395222
0
VERTEX
8
0
10
51.350246875
20
60.983471875000006
30
0
0
VERTEX
8
0
10
51.3510125
20
60.992834375
30
0
0
VERTEX
8
0
10
51.351515625000005
20
60.995850000000004
30
0
0
VERTEX
8
0
10
51.3513875
20
60.99739375
30
0
0
VERTEX
8
0
10
51.351600000000005
20
61
30
0
0
VERTEX
8
0
10
51.351600000000005
20
62.457918750000005
30
0
0
VERTEX
8
0
10
51.79208125
20
62.8984
30
0
0
VERTEX
8
0
10
53
20
62.8984
30
0
0
VERTEX
8
0
10
53.0063375
20
62.899190625
30
0
42
0.1407252340376049
0
VERTEX
8
0
10
53.059200000000004
20
62.917428125
30
0
0
VERTEX
8
0
10
53.066365625
20
62.9235125
30
0
0
VERTEX
8
0
10
53.068846875000006
20
62.925284375000004
30
0
0
VERTEX
8
0
10
53.06985
20
62.926468750000005
30
0
0
VERTEX
8
0
10
53.071840625
20
62.928159375
30
0
0
VERTEX
8
0
10
53.168681250000006
20
63.025000000000006
30
0
0
VERTEX
8
0
10
54.0942
20
63.025000000000006
30
0
0
VERTEX
8
0
10
54.0942
20
63.1484
30
0
0
VERTEX
8
0
10
58.207918750000005
20
63.1484
30
0
0
VERTEX
8
0
10
62.3984
20
58.957918750000005
30
0
0
VERTEX
8
0
10
62.3984
20
58.88
30
0
0
VERTEX
8
0
10
62.4015125
20
58.85504375
30
0
42
0.8128116491081416
0
VERTEX
8
0
10
62.600246875
20
58.863471875
30
0
0
VERTEX
8
0
10
62.601600000000005
20
58.88
30
0
0
VERTEX
8
0
10
62.601600000000005
20
59
30
0
0
VERTEX
8
0
10
62.600809375000004
20
59.0063375
30
0
42
0.1407252340376049
0
VERTEX
8
0
10
62.582571875000006
20
59.059200000000004
30
0
0
VERTEX
8
0
10
62.576487500000006
20
59.066365625
30
0
0
VERTEX
8
0
10
62.574715625
20
59.068846875000006
30
0
0
VERTEX
8
0
10
62.57353125
20
59.06985
30
0
0
VERTEX
8
0
10
62.571840625
20
59.071840625
30
0
0
VERTEX
8
0
10
61.995281250000005
20
59.6484
30
0
0
VERTEX
8
0
10
78.00471875000001
20
59.6484
30
0
0
VERTEX
8
0
10
77.433278125
20
59.076959375
30
0
0
VERTEX
8
0
10
77.27904062500001
20
58.961281250000006
30
0
0
VERTEX
8
0
10
77.260940625
20
58.943815625000006
30
0
42
0.8128061230196819
0
VERTEX
8
0
10
77.386925
20
58.789887500000006
30
0
0
VERTEX
8
0
10
77.400959375
20
58.798718750000006
30
0
0
VERTEX
8
0
10
77.56095937500001
20
58.918718750000004
30
0
0
VERTEX
8
0
10
77.562709375
20
58.920406250000006
30
0
0
VERTEX
8
0
10
77.57184062500001
20
58.928159375
30
0
0
VERTEX
8
0
10
78.29208125000001
20
59.6484
30
0
0
VERTEX
8
0
10
86.70791875
20
59.6484
30
0
0
VERTEX
8
0
10
87.39840000000001
20
58.957918750000005
30
0
0
VERTEX
8
0
10
87.39840000000001
20
58.88
30
0
0
VERTEX
8
0
10
87.40151250000001
20
58.85504375
30
0
42
0.8128116491081416
0
VERTEX
8
0
10
87.60024687500001
20
58.863471875
30
0
0
VERTEX
8
0
10
87.6016
20
58.88
30
0
0
VERTEX
8
0
10
87.6016
20
59
30
0
0
VERTEX
8
0
10
87.600809375
20
59.0063375
30
0
42
0.1407252340376049
0
VERTEX
8
0
10
87.582571875
20
59.059200000000004
30
0
0
VERTEX
8
0
10
87.5764875
20
59.066365625
30
0
0
VERTEX
8
0
10
87.57471562500001
20
59.068846875000006
30
0
0
VERTEX
8
0
10
87.57353125
20
59.06985
30
0
0
VERTEX
8
0
10
87.57184062500001
20
59.071840625
30
0
0
VERTEX
8
0
10
86.82184062500001
20
59.821840625
30
0
0
VERTEX
8
0
10
86.8168125
20
59.825753125000006
30
0
42
0.14075965647395222
0
VERTEX
8
0
10
86.76652812500001
20
59.850246875
30
0
0
VERTEX
8
0
10
86.757165625
20
59.8510125
30
0
0
VERTEX
8
0
10
86.75415000000001
20
59.851515625000005
30
0
0
VERTEX
8
0
10
86.75260625
20
59.8513875
30
0
0
VERTEX
8
0
10
86.75
20
59.851600000000005
30
0
0
VERTEX
8
0
10
61.79208125
20
59.851600000000005
30
0
0
SEQEND
0
POLYLINE
66
1
8
1_copper
10
0.0
20
0.0
30
0.0
70
1
0
VERTEX
8
0
10
97.691034375
20
55.02325625
30
0
42
0.5415957996449827
0
VERTEX
8
0
10
97.736040625
20
55.18738125
30
0
0
VERTEX
8
0
10
97.72406875
20
55.198853125
30
0
0
VERTEX
8
0
10
97.6016
20
55.298359375000004
30
0
0
VERTEX
8
0
10
97.6016
20
56.75
30
0
0
VERTEX
8
0
10
97.600553125
20
56.758396875
30
0
0
VERTEX
8
0
10
97.60019375
20
56.7668375
30
0
42
0.3205751741838904
0
VERTEX
8
0
10
97.51652812500001
20
56.850246875
30
0
0
VERTEX
8
0
10
97.51097812500001
20
56.8507
30
0
42
0.013451900187748484
0
VERTEX
8
0
10
97.50554687500001
20
56.851146875000005
30
0
0
VERTEX
8
0
10
97.5
20
56.851600000000005
30
0
0
VERTEX
8
0
10
86.5
20
56.851600000000005
30
0
0
VERTEX
8
0
10
86.4936625
20
56.850809375000004
30
0
42
0.1407252340376049
0
VERTEX
8
0
10
86.44080000000001
20
56.832571875
30
0
0
VERTEX
8
0
10
86.43363437500001
20
56.826487500000006
30
0
0
VERTEX
8
0
10
86.43115312500001
20
56.824715625
30
0
0
VERTEX
8
0
10
86.43015
20
56.82353125
30
0
0
VERTEX
8
0
10
86.428159375
20
56.821840625
30
0
0
VERTEX
8
0
10
84.928159375
20
55.321840625
30
0
0
VERTEX
8
0
10
84.925803125
20
55.318815625
30
0
0
VERTEX
8
0
10
84.92295625
20
55.31623125
30
0
42
0.06212310762021846
0
VERTEX
8
0
10
84.909046875
20
55.295278125
30
0
0
VERTEX
8
0
10
84.90289375
20
55.279878125
30
0
0
VERTEX
8
0
10
84.86289375
20
55.149878125
30
0
0
VERTEX
8
0
10
84.858528125
20
55.125109375
30
0
42
0.8128054666573057
0
VERTEX
8
0
10
85.050953125
20
55.074721875
30
0
0
VERTEX
8
0
10
85.05710625
20
55.090121875
30
0
0
VERTEX
8
0
10
85.089684375
20
55.196003125000004
30
0
0
VERTEX
8
0
10
86.54208125000001
20
56.6484
30
0
0
VERTEX
8
0
10
97.39840000000001
20
56.6484
30
0
0
VERTEX
8
0
10
97.39840000000001
20
55.25
30
0
0
VERTEX
8
0
10
97.3998375
20
55.238465625
30
0
0
VERTEX
8
0
10
97.401046875
20
55.226965625000005
30
0
42
0.12473764690613712
0
VERTEX
8
0
10
97.42395937500001
20
55.18261875
30
0
0
VERTEX
8
0
10
97.424840625
20
55.181775
30
0
0
VERTEX
8
0
10
97.425284375
20
55.181153125
30
0
0
VERTEX
8
0
10
97.427034375
20
55.179671875000004
30
0
0
VERTEX
8
0
10
97.43593125000001
20
55.171146875000005
30
0
0
VERTEX
8
0
10
97.59593125
20
55.041146875
30
0
0
VERTEX
8
0
10
97.617265625
20
55.027825
30
0
42
0.12473009142667017
0
VERTEX
8
0
10
97.66631875
20
55.018596875
30
0
0
SEQEND
0
POLYLINE
66
1
8
1_copper
10
0.0
20
0.0
30
0.0
70
1
0
VERTEX
8
0
10
72.691034375
20
55.02325625
30
0
42
0.5415957996449827
0
VERTEX
8
0
10
72.736040625
20
55.18738125
30
0
0
VERTEX
8
0
10
72.72406875
20
55.198853125
30
0
0
VERTEX
8
0
10
72.6016
20
55.298359375000004
30
0
0
VERTEX
8
0
10
72.6016
20
56.25
30
0
0
VERTEX
8
0
10
72.600809375
20
56.2563375
30
0
42
0.1407252340376049
0
VERTEX
8
0
10
72.582571875
20
56.309200000000004
30
0
0
VERTEX
8
0
10
72.5764875
20
56.316365625
30
0
0
VERTEX
8
0
10
72.57471562500001
20
56.318846875000006
30
0
0
VERTEX
8
0
10
72.57353125
20
56.31985
30
0
0
VERTEX
8
0
10
72.57184062500001
20
56.321840625
30
0
0
VERTEX
8
0
10
72.07184062500001
20
56.821840625
30
0
0
VERTEX
8
0
10
72.0668125
20
56.825753125000006
30
0
42
0.14075965647395222
0
VERTEX
8
0
10
72.01652812500001
20
56.850246875
30
0
0
VERTEX
8
0
10
72.007165625
20
56.8510125
30
0
0
VERTEX
8
0
10
72.00415000000001
20
56.851515625000005
30
0
0
VERTEX
8
0
10
72.00260625
20
56.8513875
30
0
0
VERTEX
8
0
10
72
20
56.851600000000005
30
0
0
VERTEX
8
0
10
61.5
20
56.851600000000005
30
0
0
VERTEX
8
0
10
61.493662500000006
20
56.850809375000004
30
0
42
0.1407252340376049
0
VERTEX
8
0
10
61.4408
20
56.832571875
30
0
0
VERTEX
8
0
10
61.433634375000004
20
56.826487500000006
30
0
0
VERTEX
8
0
10
61.431153125
20
56.824715625
30
0
0
VERTEX
8
0
10
61.430150000000005
20
56.82353125
30
0
0
VERTEX
8
0
10
61.428159375
20
56.821840625
30
0
0
VERTEX
8
0
10
59.928159375
20
55.321840625
30
0
0
VERTEX
8
0
10
59.925803125
20
55.318815625
30
0
0
VERTEX
8
0
10
59.922956250000006
20
55.31623125
30
0
42
0.06212310762021846
0
VERTEX
8
0
10
59.909046875
20
55.295278125
30
0
0
VERTEX
8
0
10
59.902893750000004
20
55.279878125
30
0
0
VERTEX
8
0
10
59.862893750000005
20
55.149878125
30
0
0
VERTEX
8
0
10
59.858528125
20
55.125109375
30
0
42
0.8128054666573057
0
VERTEX
8
0
10
60.050953125
20
55.074721875
30
0
0
VERTEX
8
0
10
60.057106250000004
20
55.090121875
30
0
0
VERTEX
8
0
10
60.089684375000004
20
55.196003125000004
30
0
0
VERTEX
8
0
10
61.54208125
20
56.6484
30
0
0
VERTEX
8
0
10
71.95791875
20
56.6484
30
0
0
VERTEX
8
0
10
72.39840000000001
20
56.207918750000005
30
0
0
VERTEX
8
0
10
72.39840000000001
20
55.25
30
0
0
VERTEX
8
0
10
72.3998375
20
55.238465625
30
0
0
VERTEX
8
0
10
72.401046875
20
55.226965625000005
30
0
42
0.12473764690613712
0
VERTEX
8
0
10
72.42395937500001
20
55.18261875
30
0
0
VERTEX
8
0
10
72.424840625
20
55.181775
30
0
0
VERTEX
8
0
10
72.425284375
20
55.181153125
30
0
0
VERTEX
8
0
10
72.427034375
20
55.179671875000004
30
0
0
VERTEX
8
0
10
72.43593125000001
20
55.171146875000005
30
0
0
VERTEX
8
0
10
72.59593125
20
55.041146875
30
0
0
VERTEX
8
0
10
72.617265625
20
55.027825
30
0
42
0.12473009142667017
0
VERTEX
8
0
10
72.66631875
20
55.018596875
30
0
0
SEQEND
0
POLYLINE
66
1
8
1_copper
10
0.0
20
0.0
30
0.0
70
1
0
VERTEX
8
0
10
35.053859375
20
49.5256625
30
0
42
0.6681758240280553
0
VERTEX
8
0
10
35.120546875
20
49.946712500000004
30
0
0
VERTEX
8
0
10
35.101600000000005
20
49.95636875
30
0
0
VERTEX
8
0
10
35.101600000000005
20
55
30
0
0
VERTEX
8
0
10
35.100603125
20
55.007987500000006
30
0
0
VERTEX
8
0
10
35.100328125000004
20
55.016021875
30
0
0
VERTEX
8
0
10
35.098846875
20
55.022078125
30
0
0
VERTEX
8
0
10
35.098487500000005
20
55.02495625
30
0
0
VERTEX
8
0
10
35.0975625
20
55.027321875000005
30
0
0
VERTEX
8
0
10
35.0963875
20
55.032128125
30
0
0
VERTEX
8
0
10
35.0563875
20
55.152128125000004
30
0
0
VERTEX
8
0
10
35.045540625
20
55.174821875
30
0
42
0.8128079451802345
0
VERTEX
8
0
10
34.859671875000004
20
55.103978125000005
30
0
0
VERTEX
8
0
10
34.8636125
20
55.087871875000005
30
0
0
VERTEX
8
0
10
34.8984
20
54.983509375000004
30
0
0
VERTEX
8
0
10
34.8984
20
49.95636875
30
0
0
VERTEX
8
0
10
34.879453125000005
20
49.946712500000004
30
0
42
0.7883320478279906
0
VERTEX
8
0
10
35.018100000000004
20
49.52
30
0
0
SEQEND
0
POLYLINE
66
1
8
16_copper
10
0.0
20
0.0
30
0.0
70
1
0
VERTEX
8
0
10
52.243387500000004
20
56.3984
30
0
0
VERTEX
8
0
10
54.463628125
20
54.178159375
30
0
0
VERTEX
8
0
10
54.46865625
20
54.174246875
30
0
42
0.14075965647395222
0
VERTEX
8
0
10
54.518940625000006
20
54.149753125000004
30
0
0
VERTEX
8
0
10
54.528303125
20
54.148987500000004
30
0
0
VERTEX
8
0
10
54.531318750000004
20
54.148484375
30
0
0
VERTEX
8
0
10
54.5328625
20
54.148612500000006
30
0
0
VERTEX
8
0
10
54.53546875
20
54.1484
30
0
0
VERTEX
8
0
10
59
20
54.1484
30
0
0
VERTEX
8
0
10
59.0063375
20
54.149190625
30
0
42
0.1407252340376049
0
VERTEX
8
0
10
59.059200000000004
20
54.167428125
30
0
0
VERTEX
8
0
10
59.066365625
20
54.1735125
30
0
0
VERTEX
8
0
10
59.068846875000006
20
54.175284375000004
30
0
0
VERTEX
8
0
10
59.06985
20
54.176468750000005
30
0
0
VERTEX
8
0
10
59.071840625
20
54.178159375
30
0
0
VERTEX
8
0
10
59.81221875
20
54.9185375
30
0
0
VERTEX
8
0
10
60.01040625
20
55.0317875
30
0
0
VERTEX
8
0
10
60.03053125
20
55.046871875
30
0
42
0.8128171469939597
0
VERTEX
8
0
10
59.9246125
20
55.2152375
30
0
0
VERTEX
8
0
10
59.909593750000006
20
55.2082125
30
0
0
VERTEX
8
0
10
59.699593750000005
20
55.088212500000004
30
0
0
VERTEX
8
0
10
59.695415625
20
55.08508125
30
0
0
VERTEX
8
0
10
59.6908
20
55.082571875
30
0
0
VERTEX
8
0
10
59.6812375
20
55.074453125000005
30
0
0
VERTEX
8
0
10
59.679468750000005
20
55.073128125000004
30
0
0
VERTEX
8
0
10
59.679015625000005
20
55.07256875
30
0
0
VERTEX
8
0
10
59.678159375
20
55.071840625
30
0
0
VERTEX
8
0
10
58.957918750000005
20
54.351600000000005
30
0
0
VERTEX
8
0
10
54.57755
20
54.351600000000005
30
0
0
VERTEX
8
0
10
52.357309375
20
56.571840625
30
0
0
VERTEX
8
0
10
52.352281250000004
20
56.575753125000006
30
0
42
0.14075965647395222
0
VERTEX
8
0
10
52.301996875
20
56.600246875
30
0
0
VERTEX
8
0
10
52.292634375000006
20
56.6010125
30
0
0
VERTEX
8
0
10
52.28961875
20
56.601515625000005
30
0
0
VERTEX
8
0
10
52.288075
20
56.6013875
30
0
0
VERTEX
8
0
10
52.28546875
20
56.601600000000005
30
0
0
VERTEX
8
0
10
49
20
56.601600000000005
30
0
0
VERTEX
8
0
10
48.9936625
20
56.600809375000004
30
0
42
0.1407252340376049
0
VERTEX
8
0
10
48.9408
20
56.582571875
30
0
0
VERTEX
8
0
10
48.933634375000004
20
56.576487500000006
30
0
0
VERTEX
8
0
10
48.931153125
20
56.574715625
30
0
0
VERTEX
8
0
10
48.930150000000005
20
56.57353125
30
0
0
VERTEX
8
0
10
48.928159375
20
56.571840625
30
0
0
VERTEX
8
0
10
48.707918750000005
20
56.351600000000005
30
0
0
VERTEX
8
0
10
36
20
56.351600000000005
30
0
0
VERTEX
8
0
10
35.9936625
20
56.350809375000004
30
0
42
0.1407252340376049
0
VERTEX
8
0
10
35.9408
20
56.332571875
30
0
0
VERTEX
8
0
10
35.933634375000004
20
56.326487500000006
30
0
0
VERTEX
8
0
10
35.931153125
20
56.324715625
30
0
0
VERTEX
8
0
10
35.930150000000005
20
56.32353125
30
0
0
VERTEX
8
0
10
35.928159375
20
56.321840625
30
0
0
VERTEX
8
0
10
34.928159375
20
55.321840625
30
0
0
VERTEX
8
0
10
34.925803125
20
55.318815625
30
0
0
VERTEX
8
0
10
34.92295625
20
55.31623125
30
0
42
0.06212310762021846
0
VERTEX
8
0
10
34.909046875
20
55.295278125
30
0
0
VERTEX
8
0
10
34.902893750000004
20
55.279878125
30
0
0
VERTEX
8
0
10
34.862893750000005
20
55.149878125
30
0
0
VERTEX
8
0
10
34.858528125
20
55.125109375
30
0
42
0.8128054666573057
0
VERTEX
8
0
10
35.050953125
20
55.074721875
30
0
0
VERTEX
8
0
10
35.057106250000004
20
55.090121875
30
0
0
VERTEX
8
0
10
35.089684375000004
20
55.196003125000004
30
0
0
VERTEX
8
0
10
36.04208125
20
56.1484
30
0
0
VERTEX
8
0
10
48.50471875
20
56.1484
30
0
0
VERTEX
8
0
10
47.678159375
20
55.321840625
30
0
0
VERTEX
8
0
10
47.67765
20
55.321184375
30
0
0
VERTEX
8
0
10
47.676984375
20
55.32065
30
0
0
VERTEX
8
0
10
47.666465625
20
55.30783125
30
0
0
VERTEX
8
0
10
47.576465625000004
20
55.177831250000004
30
0
0
VERTEX
8
0
10
47.56481875
20
55.155540625
30
0
42
0.8128153401466448
0
VERTEX
8
0
10
47.733015625
20
55.049350000000004
30
0
0
VERTEX
8
0
10
47.743534375
20
55.062168750000005
30
0
0
VERTEX
8
0
10
47.828325
20
55.18464375
30
0
0
VERTEX
8
0
10
49.04208125
20
56.3984
30
0
0
SEQEND
0
POLYLINE
66
1
8
16_copper
10
0.0
20
0.0
30
0.0
70
1
0
VERTEX
8
0
10
22.74128125
20
55.180959375
30
0
42
0.9214696654427559
0
VERTEX
8
0
10
22.5698875
20
55.073075
30
0
0
VERTEX
8
0
10
22.57871875
20
55.059040625
30
0
0
VERTEX
8
0
10
22.66871875
20
54.939040625000004
30
0
0
VERTEX
8
0
10
22.670406250000003
20
54.937290625
30
0
0
VERTEX
8
0
10
22.678159375
20
54.928159375
30
0
0
VERTEX
8
0
10
23.504718750000002
20
54.101600000000005
30
0
0
VERTEX
8
0
10
11.04208125
20
54.101600000000005
30
0
0
VERTEX
8
0
10
10.088806250000001
20
55.054878125
30
0
0
VERTEX
8
0
10
10.056387500000001
20
55.152128125000004
30
0
0
VERTEX
8
0
10
10.045540625000001
20
55.174821875
30
0
42
0.8128079451802345
0
VERTEX
8
0
10
9.859671875
20
55.103978125000005
30
0
0
VERTEX
8
0
10
9.8636125
20
55.087871875000005
30
0
0
VERTEX
8
0
10
9.903612500000001
20
54.967871875
30
0
0
VERTEX
8
0
10
9.904759375000001
20
54.965471875000006
30
0
0
VERTEX
8
0
10
9.905415625
20
54.962900000000005
30
0
42
0.062132587094330616
0
VERTEX
8
0
10
9.917428125
20
54.9408
30
0
0
VERTEX
8
0
10
9.928159375
20
54.928159375
30
0
0
VERTEX
8
0
10
10.928159375
20
53.928159375
30
0
0
VERTEX
8
0
10
10.9331875
20
53.924246875
30
0
42
0.14075965647395222
0
VERTEX
8
0
10
10.983471875000001
20
53.899753125000004
30
0
0
VERTEX
8
0
10
10.992834375000001
20
53.898987500000004
30
0
0
VERTEX
8
0
10
10.99585
20
53.898484375
30
0
0
VERTEX
8
0
10
10.99739375
20
53.898612500000006
30
0
0
VERTEX
8
0
10
11
20
53.8984
30
0
0
VERTEX
8
0
10
23.70791875
20
53.8984
30
0
0
VERTEX
8
0
10
27.928159375
20
49.678159375
30
0
0
VERTEX
8
0
10
27.933187500000003
20
49.674246875
30
0
42
0.14075965647395222
0
VERTEX
8
0
10
27.983471875000003
20
49.649753125000004
30
0
0
VERTEX
8
0
10
27.992834375
20
49.648987500000004
30
0
0
VERTEX
8
0
10
27.99585
20
49.648484375
30
0
0
VERTEX
8
0
10
27.99739375
20
49.648612500000006
30
0
0
VERTEX
8
0
10
28
20
49.6484
30
0
0
VERTEX
8
0
10
34.793631250000004
20
49.6484
30
0
0
VERTEX
8
0
10
34.8032875
20
49.629453125000005
30
0
42
0.5600237529473715
0
VERTEX
8
0
10
35.196712500000004
20
49.629453125000005
30
0
0
VERTEX
8
0
10
35.20636875
20
49.6484
30
0
0
VERTEX
8
0
10
44
20
49.6484
30
0
0
VERTEX
8
0
10
44.0063375
20
49.649190625
30
0
42
0.1407252340376049
0
VERTEX
8
0
10
44.059200000000004
20
49.667428125
30
0
0
VERTEX
8
0
10
44.066365625
20
49.6735125
30
0
0
VERTEX
8
0
10
44.068846875000006
20
49.675284375000004
30
0
0
VERTEX
8
0
10
44.06985
20
49.676468750000005
30
0
0
VERTEX
8
0
10
44.071840625
20
49.678159375
30
0
0
VERTEX
8
0
10
44.54208125
20
50.1484
30
0
0
VERTEX
8
0
10
46.25
20
50.1484
30
0
0
VERTEX
8
0
10
46.2563375
20
50.149190625
30
0
42
0.1407252340376049
0
VERTEX
8
0
10
46.309200000000004
20
50.167428125
30
0
0
VERTEX
8
0
10
46.316365625
20
50.1735125
30
0
0
VERTEX
8
0
10
46.318846875000006
20
50.175284375000004
30
0
0
VERTEX
8
0
10
46.31985
20
50.176468750000005
30
0
0
VERTEX
8
0
10
46.321840625
20
50.178159375
30
0
0
VERTEX
8
0
10
46.51868125
20
50.375
30
0
0
VERTEX
8
0
10
47.1058
20
50.375
30
0
0
VERTEX
8
0
10
47.1058
20
50.975
30
0
0
VERTEX
8
0
10
45.9058
20
50.975
30
0
0
VERTEX
8
0
10
45.9058
20
50.375
30
0
0
VERTEX
8
0
10
46.23131875
20
50.375
30
0
0
VERTEX
8
0
10
46.207918750000005
20
50.351600000000005
30
0
0
VERTEX
8
0
10
44.5
20
50.351600000000005
30
0
0
VERTEX
8
0
10
44.4936625
20
50.350809375000004
30
0
42
0.1407252340376049
0
VERTEX
8
0
10
44.4408
20
50.332571875
30
0
0
VERTEX
8
0
10
44.433634375000004
20
50.3264875
30
0
0
VERTEX
8
0
10
44.431153125
20
50.324715625
30
0
0
VERTEX
8
0
10
44.430150000000005
20
50.32353125
30
0
0
VERTEX
8
0
10
44.428159375
20
50.321840625
30
0
0
VERTEX
8
0
10
43.957918750000005
20
49.851600000000005
30
0
0
VERTEX
8
0
10
35.20636875
20
49.851600000000005
30
0
0
VERTEX
8
0
10
35.196712500000004
20
49.870546875
30
0
42
0.5600237529473715
0
VERTEX
8
0
10
34.8032875
20
49.870546875
30
0
0
VERTEX
8
0
10
34.793631250000004
20
49.851600000000005
30
0
0
VERTEX
8
0
10
28.042081250000003
20
49.851600000000005
30
0
0
VERTEX
8
0
10
22.826959375
20
55.066721875000006
30
0
0
SEQEND
0
POLYLINE
66
1
8
16_copper
10
0.0
20
0.0
30
0.0
70
1
0
VERTEX
8
0
10
96.0063375
20
53.399190625
30
0
42
0.1407252340376049
0
VERTEX
8
0
10
96.0592
20
53.417428125
30
0
0
VERTEX
8
0
10
96.066365625
20
53.4235125
30
0
0
VERTEX
8
0
10
96.068846875
20
53.425284375000004
30
0
0
VERTEX
8
0
10
96.06985
20
53.426468750000005
30
0
0
VERTEX
8
0
10
96.07184062500001
20
53.428159375
30
0
0
VERTEX
8
0
10
97.566721875
20
54.923040625000006
30
0
0
VERTEX
8
0
10
97.720959375
20
55.03871875
30
0
0
VERTEX
8
0
10
97.73905937500001
20
55.056184375
30
0
42
0.8128061230196819
0
VERTEX
8
0
10
97.61307500000001
20
55.2101125
30
0
0
VERTEX
8
0
10
97.599040625
20
55.20128125
30
0
0
VERTEX
8
0
10
97.439040625
20
55.08128125
30
0
0
VERTEX
8
0
10
97.437290625
20
55.07959375
30
0
0
VERTEX
8
0
10
97.428159375
20
55.071840625
30
0
0
VERTEX
8
0
10
95.95791875
20
53.601600000000005
30
0
0
VERTEX
8
0
10
74.29208125000001
20
53.601600000000005
30
0
0
VERTEX
8
0
10
72.826959375
20
55.066721875000006
30
0
0
VERTEX
8
0
10
72.74128125
20
55.180959375
30
0
0
VERTEX
8
0
10
72.723815625
20
55.199059375000004
30
0
42
0.8128061230196819
0
VERTEX
8
0
10
72.56988750000001
20
55.073075
30
0
0
VERTEX
8
0
10
72.57871875000001
20
55.059040625
30
0
0
VERTEX
8
0
10
72.66871875
20
54.939040625000004
30
0
0
VERTEX
8
0
10
72.67040625
20
54.937290625
30
0
0
VERTEX
8
0
10
72.678159375
20
54.928159375
30
0
0
VERTEX
8
0
10
74.178159375
20
53.428159375
30
0
0
VERTEX
8
0
10
74.1831875
20
53.424246875
30
0
42
0.14075965647395222
0
VERTEX
8
0
10
74.233471875
20
53.399753125000004
30
0
0
VERTEX
8
0
10
74.242834375
20
53.398987500000004
30
0
0
VERTEX
8
0
10
74.24585
20
53.398484375
30
0
0
VERTEX
8
0
10
74.24739375
20
53.398612500000006
30
0
0
VERTEX
8
0
10
74.25
20
53.3984
30
0
0
VERTEX
8
0
10
96
20
53.3984
30
0
0
SEQEND
0
POLYLINE
66
1
8
16_copper
10
0.0
20
0.0
30
0.0
70
1
0
VERTEX
8
0
10
46.928159375
20
53.678159375
30
0
42
0.15676404749847475
0
VERTEX
8
0
10
46.983471875
20
53.649753125000004
30
0
0
VERTEX
8
0
10
46.992834375
20
53.648987500000004
30
0
0
VERTEX
8
0
10
46.995850000000004
20
53.648484375
30
0
0
VERTEX
8
0
10
46.99739375
20
53.648612500000006
30
0
0
VERTEX
8
0
10
47
20
53.6484
30
0
0
VERTEX
8
0
10
53.1484
20
53.6484
30
0
0
VERTEX
8
0
10
53.1484
20
52.245000000000005
30
0
0
VERTEX
8
0
10
52.894200000000005
20
52.245000000000005
30
0
0
VERTEX
8
0
10
52.894200000000005
20
51.645
30
0
0
VERTEX
8
0
10
54.0942
20
51.645
30
0
0
VERTEX
8
0
10
54.0942
20
52.245000000000005
30
0
0
VERTEX
8
0
10
53.351600000000005
20
52.245000000000005
30
0
0
VERTEX
8
0
10
53.351600000000005
20
53.6484
30
0
0
VERTEX
8
0
10
66.25
20
53.6484
30
0
0
VERTEX
8
0
10
66.2563375
20
53.649190625
30
0
42
0.1407252340376049
0
VERTEX
8
0
10
66.3092
20
53.667428125
30
0
0
VERTEX
8
0
10
66.316365625
20
53.6735125
30
0
0
VERTEX
8
0
10
66.318846875
20
53.675284375000004
30
0
0
VERTEX
8
0
10
66.31985
20
53.676468750000005
30
0
0
VERTEX
8
0
10
66.32184062500001
20
53.678159375
30
0
0
VERTEX
8
0
10
67.57184062500001
20
54.928159375
30
0
0
VERTEX
8
0
10
67.572896875
20
54.92951875
30
0
0
VERTEX
8
0
10
67.57424375000001
20
54.930640625
30
0
0
VERTEX
8
0
10
67.5845375
20
54.94364375
30
0
0
VERTEX
8
0
10
67.65515625
20
55.049571875000005
30
0
0
VERTEX
8
0
10
67.811715625
20
55.16929375
30
0
0
VERTEX
8
0
10
67.813728125
20
55.171271875
30
0
0
VERTEX
8
0
10
67.82184062500001
20
55.178159375
30
0
0
VERTEX
8
0
10
68.54208125000001
20
55.8984
30
0
0
VERTEX
8
0
10
76.45791875
20
55.8984
30
0
0
VERTEX
8
0
10
77.17167500000001
20
55.18464375
30
0
0
VERTEX
8
0
10
77.256465625
20
55.062168750000005
30
0
0
VERTEX
8
0
10
77.26182187500001
20
55.05618125
30
0
0
VERTEX
8
0
10
77.26663125
20
55.049718750000004
30
0
0
VERTEX
8
0
10
77.27130625000001
20
55.045575
30
0
0
VERTEX
8
0
10
77.27323125000001
20
55.043421875
30
0
0
VERTEX
8
0
10
77.27533125000001
20
55.04200625
30
0
0
VERTEX
8
0
10
77.27904062500001
20
55.03871875
30
0
0
VERTEX
8
0
10
77.433278125
20
54.923040625000006
30
0
0
VERTEX
8
0
10
78.428159375
20
53.928159375
30
0
0
VERTEX
8
0
10
78.4331875
20
53.924246875
30
0
42
0.14075965647395222
0
VERTEX
8
0
10
78.483471875
20
53.899753125000004
30
0
0
VERTEX
8
0
10
78.492834375
20
53.898987500000004
30
0
0
VERTEX
8
0
10
78.49585
20
53.898484375
30
0
0
VERTEX
8
0
10
78.49739375
20
53.898612500000006
30
0
0
VERTEX
8
0
10
78.5
20
53.8984
30
0
0
VERTEX
8
0
10
91.5
20
53.8984
30
0
0
VERTEX
8
0
10
91.5063375
20
53.899190625
30
0
42
0.1407252340376049
0
VERTEX
8
0
10
91.5592
20
53.917428125
30
0
0
VERTEX
8
0
10
91.566365625
20
53.9235125
30
0
0
VERTEX
8
0
10
91.568846875
20
53.925284375000004
30
0
0
VERTEX
8
0
10
91.56985
20
53.926468750000005
30
0
0
VERTEX
8
0
10
91.57184062500001
20
53.928159375
30
0
0
VERTEX
8
0
10
92.57184062500001
20
54.928159375
30
0
0
VERTEX
8
0
10
92.572896875
20
54.92951875
30
0
0
VERTEX
8
0
10
92.57424375000001
20
54.930640625
30
0
0
VERTEX
8
0
10
92.58453750000001
20
54.94364375
30
0
0
VERTEX
8
0
10
92.66453750000001
20
55.063643750000004
30
0
0
VERTEX
8
0
10
92.675790625
20
55.086134375
30
0
42
0.8128119064910809
0
VERTEX
8
0
10
92.50575625
20
55.189359375
30
0
0
VERTEX
8
0
10
92.4954625
20
55.176356250000005
30
0
0
VERTEX
8
0
10
92.42103750000001
20
55.064718750000004
30
0
0
VERTEX
8
0
10
91.45791875
20
54.101600000000005
30
0
0
VERTEX
8
0
10
78.54208125000001
20
54.101600000000005
30
0
0
VERTEX
8
0
10
77.57184062500001
20
55.071840625
30
0
0
VERTEX
8
0
10
77.569946875
20
55.073315625
30
0
0
VERTEX
8
0
10
77.56095937500001
20
55.08128125
30
0
0
VERTEX
8
0
10
77.414146875
20
55.191390625000004
30
0
0
VERTEX
8
0
10
77.333534375
20
55.30783125
30
0
0
VERTEX
8
0
10
77.332978125
20
55.308453125
30
0
0
VERTEX
8
0
10
77.332571875
20
55.309200000000004
30
0
0
VERTEX
8
0
10
77.32184062500001
20
55.321840625
30
0
0
VERTEX
8
0
10
76.57184062500001
20
56.071840625
30
0
0
VERTEX
8
0
10
76.5668125
20
56.075753125000006
30
0
42
0.14075965647395222
0
VERTEX
8
0
10
76.51652812500001
20
56.100246875
30
0
0
VERTEX
8
0
10
76.507165625
20
56.1010125
30
0
0
VERTEX
8
0
10
76.50415000000001
20
56.101515625000005
30
0
0
VERTEX
8
0
10
76.50260625
20
56.1013875
30
0
0
VERTEX
8
0
10
76.5
20
56.101600000000005
30
0
0
VERTEX
8
0
10
68.5
20
56.101600000000005
30
0
0
VERTEX
8
0
10
68.4936625
20
56.100809375000004
30
0
42
0.1407252340376049
0
VERTEX
8
0
10
68.44080000000001
20
56.082571875
30
0
0
VERTEX
8
0
10
68.433634375
20
56.076487500000006
30
0
0
VERTEX
8
0
10
68.43115312500001
20
56.074715625
30
0
0
VERTEX
8
0
10
68.43015
20
56.07353125
30
0
0
VERTEX
8
0
10
68.428159375
20
56.071840625
30
0
0
VERTEX
8
0
10
67.68293125000001
20
55.3266125
30
0
0
VERTEX
8
0
10
67.51828437500001
20
55.20070625
30
0
0
VERTEX
8
0
10
67.512271875
20
55.194796875
30
0
0
VERTEX
8
0
10
67.50575625
20
55.189359375
30
0
0
VERTEX
8
0
10
67.50229375
20
55.184987500000005
30
0
42
0.013376978172254415
0
VERTEX
8
0
10
67.49893125
20
55.1807375
30
0
0
VERTEX
8
0
10
67.4954625
20
55.176356250000005
30
0
0
VERTEX
8
0
10
67.4210375
20
55.064718750000004
30
0
0
VERTEX
8
0
10
66.20791875
20
53.851600000000005
30
0
0
VERTEX
8
0
10
53.351600000000005
20
53.851600000000005
30
0
0
VERTEX
8
0
10
53.351600000000005
20
54.21
30
0
0
VERTEX
8
0
10
53.350809375000004
20
54.2163375
30
0
42
0.1407252340376049
0
VERTEX
8
0
10
53.332571875
20
54.269200000000005
30
0
0
VERTEX
8
0
10
53.326487500000006
20
54.276365625000004
30
0
0
VERTEX
8
0
10
53.324715625
20
54.278846875
30
0
0
VERTEX
8
0
10
53.32353125
20
54.27985
30
0
0
VERTEX
8
0
10
53.321840625
20
54.281840625
30
0
0
VERTEX
8
0
10
52.411840625
20
55.191840625000005
30
0
0
VERTEX
8
0
10
52.391993750000005
20
55.2072875
30
0
42
0.8128176307274321
0
VERTEX
8
0
10
52.257428125000004
20
55.0608
30
0
0
VERTEX
8
0
10
52.268159375
20
55.048159375000004
30
0
0
VERTEX
8
0
10
53.1484
20
54.167918750000005
30
0
0
VERTEX
8
0
10
53.1484
20
53.851600000000005
30
0
0
VERTEX
8
0
10
47.04208125
20
53.851600000000005
30
0
0
VERTEX
8
0
10
46.821840625
20
54.071840625
30
0
0
VERTEX
8
0
10
46.816812500000005
20
54.075753125000006
30
0
42
0.14075965647395222
0
VERTEX
8
0
10
46.766528125
20
54.100246875
30
0
0
VERTEX
8
0
10
46.757165625
20
54.1010125
30
0
0
VERTEX
8
0
10
46.75415
20
54.101515625000005
30
0
0
VERTEX
8
0
10
46.75260625
20
54.1013875
30
0
0
VERTEX
8
0
10
46.75
20
54.101600000000005
30
0
0
VERTEX
8
0
10
43.79208125
20
54.101600000000005
30
0
0
VERTEX
8
0
10
42.821840625
20
55.071840625
30
0
0
VERTEX
8
0
10
42.821553125
20
55.072065625
30
0
0
VERTEX
8
0
10
42.821312500000005
20
55.07236875
30
0
0
VERTEX
8
0
10
42.808590625
20
55.083003125000005
30
0
0
VERTEX
8
0
10
42.638590625
20
55.203003125
30
0
0
VERTEX
8
0
10
42.616406250000004
20
55.214853125000005
30
0
42
0.8128145246225277
0
VERTEX
8
0
10
42.5086875
20
55.04763125
30
0
0
VERTEX
8
0
10
42.521409375000005
20
55.036996875
30
0
0
VERTEX
8
0
10
42.684312500000004
20
54.92200625
30
0
0
VERTEX
8
0
10
43.50471875
20
54.101600000000005
30
0
0
VERTEX
8
0
10
28.542081250000003
20
54.101600000000005
30
0
0
VERTEX
8
0
10
27.571840625
20
55.071840625
30
0
0
VERTEX
8
0
10
27.569946875000003
20
55.073315625
30
0
0
VERTEX
8
0
10
27.560959375000003
20
55.08128125
30
0
0
VERTEX
8
0
10
27.414146875
20
55.191390625000004
30
0
0
VERTEX
8
0
10
27.333534375000003
20
55.30783125
30
0
0
VERTEX
8
0
10
27.332978125
20
55.308453125
30
0
0
VERTEX
8
0
10
27.332571875000003
20
55.309200000000004
30
0
0
VERTEX
8
0
10
27.321840625
20
55.321840625
30
0
0
VERTEX
8
0
10
26.571840625
20
56.071840625
30
0
0
VERTEX
8
0
10
26.5668125
20
56.075753125000006
30
0
42
0.14075965647395222
0
VERTEX
8
0
10
26.516528125
20
56.100246875
30
0
0
VERTEX
8
0
10
26.507165625000003
20
56.1010125
30
0
0
VERTEX
8
0
10
26.504150000000003
20
56.101515625000005
30
0
0
VERTEX
8
0
10
26.502606250000003
20
56.1013875
30
0
0
VERTEX
8
0
10
26.5
20
56.101600000000005
30
0
0
VERTEX
8
0
10
19
20
56.101600000000005
30
0
0
VERTEX
8
0
10
18.9936625
20
56.100809375000004
30
0
42
0.1407252340376049
0
VERTEX
8
0
10
18.9408
20
56.082571875
30
0
0
VERTEX
8
0
10
18.933634375
20
56.076487500000006
30
0
0
VERTEX
8
0
10
18.931153125
20
56.074715625
30
0
0
VERTEX
8
0
10
18.93015
20
56.07353125
30
0
0
VERTEX
8
0
10
18.928159375
20
56.071840625
30
0
0
VERTEX
8
0
10
18.077918750000002
20
55.2216
30
0
0
VERTEX
8
0
10
17.580000000000002
20
55.2216
30
0
0
VERTEX
8
0
10
17.5736625
20
55.220809375
30
0
42
0.1407252340376049
0
VERTEX
8
0
10
17.5208
20
55.202571875000004
30
0
0
VERTEX
8
0
10
17.51965625
20
55.2016
30
0
0
VERTEX
8
0
10
16.69208125
20
55.2016
30
0
0
VERTEX
8
0
10
15.571840625
20
56.321840625
30
0
0
VERTEX
8
0
10
15.566812500000001
20
56.325753125000006
30
0
42
0.14075965647395222
0
VERTEX
8
0
10
15.516528125
20
56.350246875
30
0
0
VERTEX
8
0
10
15.507165625
20
56.3510125
30
0
0
VERTEX
8
0
10
15.504150000000001
20
56.351515625000005
30
0
0
VERTEX
8
0
10
15.502606250000001
20
56.3513875
30
0
0
VERTEX
8
0
10
15.5
20
56.351600000000005
30
0
0
VERTEX
8
0
10
7.25
20
56.351600000000005
30
0
0
VERTEX
8
0
10
7.2436625
20
56.350809375000004
30
0
42
0.1407252340376049
0
VERTEX
8
0
10
7.1908
20
56.332571875
30
0
0
VERTEX
8
0
10
7.1836343750000005
20
56.326487500000006
30
0
0
VERTEX
8
0
10
7.181153125000001
20
56.324715625
30
0
0
VERTEX
8
0
10
7.18015
20
56.32353125
30
0
0
VERTEX
8
0
10
7.178159375000001
20
56.321840625
30
0
0
VERTEX
8
0
10
5.20791875
20
54.351600000000005
30
0
0
VERTEX
8
0
10
3.2920812500000003
20
54.351600000000005
30
0
0
VERTEX
8
0
10
2.571840625
20
55.071840625
30
0
0
VERTEX
8
0
10
2.5699468750000003
20
55.073315625
30
0
0
VERTEX
8
0
10
2.560959375
20
55.08128125
30
0
0
VERTEX
8
0
10
2.4009593750000002
20
55.20128125
30
0
0
VERTEX
8
0
10
2.379125
20
55.2137625
30
0
42
0.8128113325975903
0
VERTEX
8
0
10
2.26663125
20
55.049718750000004
30
0
0
VERTEX
8
0
10
2.279040625
20
55.03871875
30
0
0
VERTEX
8
0
10
2.433278125
20
54.923040625000006
30
0
0
VERTEX
8
0
10
3.1781593750000003
20
54.178159375
30
0
0
VERTEX
8
0
10
3.1831875000000003
20
54.174246875
30
0
42
0.14075965647395222
0
VERTEX
8
0
10
3.233471875
20
54.149753125000004
30
0
0
VERTEX
8
0
10
3.242834375
20
54.148987500000004
30
0
0
VERTEX
8
0
10
3.2458500000000003
20
54.148484375
30
0
0
VERTEX
8
0
10
3.24739375
20
54.148612500000006
30
0
0
VERTEX
8
0
10
3.25
20
54.1484
30
0
0
VERTEX
8
0
10
5.25
20
54.1484
30
0
0
VERTEX
8
0
10
5.2563375
20
54.149190625
30
0
42
0.1407252340376049
0
VERTEX
8
0
10
5.309200000000001
20
54.167428125
30
0
0
VERTEX
8
0
10
5.316365625
20
54.1735125
30
0
0
VERTEX
8
0
10
5.318846875
20
54.175284375000004
30
0
0
VERTEX
8
0
10
5.319850000000001
20
54.176468750000005
30
0
0
VERTEX
8
0
10
5.321840625
20
54.178159375
30
0
0
VERTEX
8
0
10
7.292081250000001
20
56.1484
30
0
0
VERTEX
8
0
10
15.457918750000001
20
56.1484
30
0
0
VERTEX
8
0
10
16.578159375000002
20
55.028159375
30
0
0
VERTEX
8
0
10
16.5831875
20
55.024246875
30
0
42
0.14075965647395222
0
VERTEX
8
0
10
16.633471875
20
54.999753125000005
30
0
0
VERTEX
8
0
10
16.642834375
20
54.998987500000005
30
0
0
VERTEX
8
0
10
16.64585
20
54.998484375000004
30
0
0
VERTEX
8
0
10
16.64739375
20
54.9986125
30
0
0
VERTEX
8
0
10
16.650000000000002
20
54.998400000000004
30
0
0
VERTEX
8
0
10
17.560000000000002
20
54.998400000000004
30
0
0
VERTEX
8
0
10
17.5663375
20
54.999190625000004
30
0
42
0.11998477293312815
0
VERTEX
8
0
10
17.6192
20
55.017428125
30
0
0
VERTEX
8
0
10
17.62034375
20
55.0184
30
0
0
VERTEX
8
0
10
18.12
20
55.0184
30
0
0
VERTEX
8
0
10
18.1263375
20
55.019190625
30
0
42
0.1407252340376049
0
VERTEX
8
0
10
18.1792
20
55.037428125000005
30
0
0
VERTEX
8
0
10
18.186365625
20
55.043512500000006
30
0
0
VERTEX
8
0
10
18.188846875
20
55.045284375
30
0
0
VERTEX
8
0
10
18.18985
20
55.04646875
30
0
0
VERTEX
8
0
10
18.191840625
20
55.048159375000004
30
0
0
VERTEX
8
0
10
19.042081250000003
20
55.8984
30
0
0
VERTEX
8
0
10
26.45791875
20
55.8984
30
0
0
VERTEX
8
0
10
27.171675
20
55.18464375
30
0
0
VERTEX
8
0
10
27.256465625
20
55.062168750000005
30
0
0
VERTEX
8
0
10
27.261821875000003
20
55.05618125
30
0
0
VERTEX
8
0
10
27.26663125
20
55.049718750000004
30
0
0
VERTEX
8
0
10
27.271306250000002
20
55.045575
30
0
0
VERTEX
8
0
10
27.273231250000002
20
55.043421875
30
0
0
VERTEX
8
0
10
27.27533125
20
55.04200625
30
0
0
VERTEX
8
0
10
27.279040625
20
55.03871875
30
0
0
VERTEX
8
0
10
27.433278125
20
54.923040625000006
30
0
0
VERTEX
8
0
10
28.428159375
20
53.928159375
30
0
0
VERTEX
8
0
10
28.433187500000003
20
53.924246875
30
0
42
0.14075965647395222
0
VERTEX
8
0
10
28.483471875000003
20
53.899753125000004
30
0
0
VERTEX
8
0
10
28.492834375
20
53.898987500000004
30
0
0
VERTEX
8
0
10
28.49585
20
53.898484375
30
0
0
VERTEX
8
0
10
28.49739375
20
53.898612500000006
30
0
0
VERTEX
8
0
10
28.5
20
53.8984
30
0
0
VERTEX
8
0
10
46.707918750000005
20
53.8984
30
0
0
SEQEND
0
POLYLINE
66
1
8
1_copper
10
0.0
20
0.0
30
0.0
70
1
0
VERTEX
8
0
10
17.605934375
20
39.781765625
30
0
42
0.4638644596194231
0
VERTEX
8
0
10
17.672578125
20
39.921856250000005
30
0
0
VERTEX
8
0
10
17.6645375
20
39.93635625
30
0
0
VERTEX
8
0
10
17.5845375
20
40.05635625
30
0
0
VERTEX
8
0
10
17.583403125
20
40.057668750000005
30
0
0
VERTEX
8
0
10
17.582571875
20
40.059200000000004
30
0
0
VERTEX
8
0
10
17.571840625
20
40.071840625
30
0
0
VERTEX
8
0
10
16.6016
20
41.04208125
30
0
0
VERTEX
8
0
10
16.6016
20
56.043631250000004
30
0
0
VERTEX
8
0
10
16.620546875000002
20
56.0532875
30
0
42
0.9999999999999999
0
VERTEX
8
0
10
16.379453125
20
56.446712500000004
30
0
0
VERTEX
8
0
10
16.350165625000002
20
56.425434375
30
0
42
0.509524700761689
0
VERTEX
8
0
10
16.379453125
20
56.0532875
30
0
0
VERTEX
8
0
10
16.398400000000002
20
56.043631250000004
30
0
0
VERTEX
8
0
10
16.398400000000002
20
41
30
0
0
VERTEX
8
0
10
16.399190625
20
40.9936625
30
0
42
0.1407252340376049
0
VERTEX
8
0
10
16.417428125
20
40.9408
30
0
0
VERTEX
8
0
10
16.4235125
20
40.933634375000004
30
0
0
VERTEX
8
0
10
16.425284375
20
40.931153125
30
0
0
VERTEX
8
0
10
16.42646875
20
40.930150000000005
30
0
0
VERTEX
8
0
10
16.428159375
20
40.928159375
30
0
0
VERTEX
8
0
10
17.4210375
20
39.93528125
30
0
0
VERTEX
8
0
10
17.495462500000002
20
39.82364375
30
0
0
VERTEX
8
0
10
17.511896875
20
39.804603125
30
0
42
0.18831727789822852
0
VERTEX
8
0
10
17.581009375
20
39.77840625
30
0
0
SEQEND
0
POLYLINE
66
1
8
1_copper
10
0.0
20
0.0
30
0.0
70
1
0
VERTEX
8
0
10
54.553859375
20
51.0256625
30
0
42
0.4142135623730951
0
VERTEX
8
0
10
54.724337500000004
20
51.303859375
30
0
0
VERTEX
8
0
10
54.717765625000006
20
51.324084375000005
30
0
0
VERTEX
8
0
10
54.821840625
20
51.428159375
30
0
0
VERTEX
8
0
10
54.825753125000006
20
51.4331875
30
0
42
0.14075965647395222
0
VERTEX
8
0
10
54.850246875
20
51.483471875
30
0
0
VERTEX
8
0
10
54.8510125
20
51.492834375
30
0
0
VERTEX
8
0
10
54.851515625000005
20
51.495850000000004
30
0
0
VERTEX
8
0
10
54.8513875
20
51.49739375
30
0
0
VERTEX
8
0
10
54.851600000000005
20
51.5
30
0
0
VERTEX
8
0
10
54.851600000000005
20
54.955515625000004
30
0
0
VERTEX
8
0
10
54.948912500000006
20
55.04534375
30
0
0
VERTEX
8
0
10
54.965140625000004
20
55.064559375
30
0
42
0.8128063889824926
0
VERTEX
8
0
10
54.82415
20
55.204871875
30
0
0
VERTEX
8
0
10
54.8110875
20
55.19465625
30
0
0
VERTEX
8
0
10
54.681087500000004
20
55.074656250000004
30
0
0
VERTEX
8
0
10
54.67566875
20
55.0682375
30
0
0
VERTEX
8
0
10
54.669721875
20
55.062275
30
0
42
0.12473301239534859
0
VERTEX
8
0
10
54.649753125000004
20
55.016528125
30
0
0
VERTEX
8
0
10
54.649293750000005
20
55.010903125000006
30
0
42
0.013420647583395904
0
VERTEX
8
0
10
54.64885
20
55.005484375
30
0
0
VERTEX
8
0
10
54.6484
20
55
30
0
0
VERTEX
8
0
10
54.6484
20
51.54208125
30
0
0
VERTEX
8
0
10
54.574084375000005
20
51.467765625000006
30
0
0
VERTEX
8
0
10
54.553859375
20
51.474337500000004
30
0
42
0.9999999999999999
0
VERTEX
8
0
10
54.446140625000005
20
51.0256625
30
0
0
VERTEX
8
0
10
54.4819
20
51.02
30
0
0
VERTEX
8
0
10
54.518100000000004
20
51.02
30
0
0
SEQEND
0
POLYLINE
66
1
8
1_copper
10
0.0
20
0.0
30
0.0
70
1
0
VERTEX
8
0
10
42.600490625
20
39.7804875
30
0
0
VERTEX
8
0
10
42.624309375
20
39.788571875
30
0
0
VERTEX
8
0
10
42.638590625
20
39.796996875000005
30
0
0
VERTEX
8
0
10
42.808590625
20
39.916996875
30
0
0
VERTEX
8
0
10
42.808862500000004
20
39.917243750000004
30
0
0
VERTEX
8
0
10
42.809200000000004
20
39.917428125
30
0
0
VERTEX
8
0
10
42.821840625
20
39.928159375
30
0
0
VERTEX
8
0
10
43.071840625
20
40.178159375
30
0
0
VERTEX
8
0
10
43.075753125
20
40.1831875
30
0
42
0.14075965647395222
0
VERTEX
8
0
10
43.100246875
20
40.233471875
30
0
0
VERTEX
8
0
10
43.1010125
20
40.242834375
30
0
0
VERTEX
8
0
10
43.101515625000005
20
40.245850000000004
30
0
0
VERTEX
8
0
10
43.1013875
20
40.24739375
30
0
0
VERTEX
8
0
10
43.101600000000005
20
40.25
30
0
0
VERTEX
8
0
10
43.101600000000005
20
42.457918750000005
30
0
0
VERTEX
8
0
10
47.675915625
20
47.032234375
30
0
0
VERTEX
8
0
10
47.696140625000005
20
47.0256625
30
0
42
0.9999999999999999
0
VERTEX
8
0
10
47.803859375
20
47.474337500000004
30
0
0
VERTEX
8
0
10
47.768100000000004
20
47.480000000000004
30
0
42
0.5095244921166611
0
VERTEX
8
0
10
47.5256625
20
47.196140625000005
30
0
0
VERTEX
8
0
10
47.532234375
20
47.175915625
30
0
0
VERTEX
8
0
10
42.928159375
20
42.571840625
30
0
0
VERTEX
8
0
10
42.924246875
20
42.566812500000005
30
0
42
0.14075965647395222
0
VERTEX
8
0
10
42.899753125000004
20
42.516528125
30
0
0
VERTEX
8
0
10
42.898987500000004
20
42.507165625
30
0
0
VERTEX
8
0
10
42.898484375
20
42.50415
30
0
0
VERTEX
8
0
10
42.8986125
20
42.50260625
30
0
0
VERTEX
8
0
10
42.8984
20
42.5
30
0
0
VERTEX
8
0
10
42.8984
20
40.29208125
30
0
0
VERTEX
8
0
10
42.684312500000004
20
40.077993750000005
30
0
0
VERTEX
8
0
10
42.521409375000005
20
39.963003125
30
0
0
VERTEX
8
0
10
42.502815625000004
20
39.94606875
30
0
42
0.6247399354538387
0
VERTEX
8
0
10
42.575418750000004
20
39.778503125
30
0
0
SEQEND
0
POLYLINE
66
1
8
16_copper
10
0.0
20
0.0
30
0.0
70
1
0
VERTEX
8
0
10
17.2436625
20
57.100809375000004
30
0
42
0.1407252340376049
0
VERTEX
8
0
10
17.1908
20
57.082571875
30
0
0
VERTEX
8
0
10
17.183634375
20
57.076487500000006
30
0
0
VERTEX
8
0
10
17.181153125
20
57.074715625
30
0
0
VERTEX
8
0
10
17.18015
20
57.07353125
30
0
0
VERTEX
8
0
10
17.178159375
20
57.071840625
30
0
0
VERTEX
8
0
10
16.574084375
20
56.467765625000006
30
0
0
VERTEX
8
0
10
16.553859375000002
20
56.474337500000004
30
0
42
0.11835930907410061
0
VERTEX
8
0
10
16.446140625
20
56.474337500000004
30
0
0
VERTEX
8
0
10
16.425915625000002
20
56.467765625000006
30
0
0
VERTEX
8
0
10
16.071840625
20
56.821840625
30
0
0
VERTEX
8
0
10
16.0668125
20
56.825753125000006
30
0
42
0.14075965647395222
0
VERTEX
8
0
10
16.016528125
20
56.850246875
30
0
0
VERTEX
8
0
10
16.007165625000003
20
56.8510125
30
0
0
VERTEX
8
0
10
16.00415
20
56.851515625000005
30
0
0
VERTEX
8
0
10
16.00260625
20
56.8513875
30
0
0
VERTEX
8
0
10
16
20
56.851600000000005
30
0
0
VERTEX
8
0
10
6.5
20
56.851600000000005
30
0
0
VERTEX
8
0
10
6.4936625
20
56.850809375000004
30
0
42
0.1407252340376049
0
VERTEX
8
0
10
6.4408
20
56.832571875
30
0
0
VERTEX
8
0
10
6.4336343750000005
20
56.826487500000006
30
0
0
VERTEX
8
0
10
6.431153125000001
20
56.824715625
30
0
0
VERTEX
8
0
10
6.43015
20
56.82353125
30
0
0
VERTEX
8
0
10
6.428159375
20
56.821840625
30
0
0
VERTEX
8
0
10
4.928159375
20
55.321840625
30
0
0
VERTEX
8
0
10
4.927234375
20
55.32065
30
0
0
VERTEX
8
0
10
4.925343750000001
20
55.3189125
30
0
0
VERTEX
8
0
10
4.8053437500000005
20
55.1889125
30
0
0
VERTEX
8
0
10
4.790703125
20
55.168462500000004
30
0
42
0.8128004920092757
0
VERTEX
8
0
10
4.94245
20
55.039859375000006
30
0
0
VERTEX
8
0
10
4.95465625
20
55.0510875
30
0
0
VERTEX
8
0
10
5.07330625
20
55.179625
30
0
0
VERTEX
8
0
10
6.542081250000001
20
56.6484
30
0
0
VERTEX
8
0
10
15.957918750000001
20
56.6484
30
0
0
VERTEX
8
0
10
16.282234375
20
56.324084375000005
30
0
0
VERTEX
8
0
10
16.2756625
20
56.303859375
30
0
42
0.9999999999999999
0
VERTEX
8
0
10
16.7243375
20
56.196140625000005
30
0
0
VERTEX
8
0
10
16.73
20
56.2319
30
0
42
0.07870094206146756
0
VERTEX
8
0
10
16.7243375
20
56.303859375
30
0
0
VERTEX
8
0
10
16.717765625000002
20
56.324084375000005
30
0
0
VERTEX
8
0
10
17.292081250000003
20
56.8984
30
0
0
VERTEX
8
0
10
31.504718750000002
20
56.8984
30
0
0
VERTEX
8
0
10
29.928159375
20
55.321840625
30
0
0
VERTEX
8
0
10
29.927234375
20
55.32065
30
0
0
VERTEX
8
0
10
29.92534375
20
55.3189125
30
0
0
VERTEX
8
0
10
29.805343750000002
20
55.1889125
30
0
0
VERTEX
8
0
10
29.790703125
20
55.168462500000004
30
0
42
0.8128004920092757
0
VERTEX
8
0
10
29.94245
20
55.039859375000006
30
0
0
VERTEX
8
0
10
29.954656250000003
20
55.0510875
30
0
0
VERTEX
8
0
10
30.07330625
20
55.179625
30
0
0
VERTEX
8
0
10
31.792081250000003
20
56.8984
30
0
0
VERTEX
8
0
10
52.957918750000005
20
56.8984
30
0
0
VERTEX
8
0
10
54.808159375
20
55.048159375000004
30
0
0
VERTEX
8
0
10
54.816403125
20
55.041740625
30
0
0
VERTEX
8
0
10
54.8244125
20
55.03495625
30
0
42
0.3205725267834439
0
VERTEX
8
0
10
54.94245
20
55.039859375000006
30
0
0
VERTEX
8
0
10
54.944412500000006
20
55.041665625
30
0
0
VERTEX
8
0
10
54.945740625
20
55.042534375
30
0
0
VERTEX
8
0
10
54.947825
20
55.044803125
30
0
0
VERTEX
8
0
10
54.95465625
20
55.0510875
30
0
0
VERTEX
8
0
10
55.07330625
20
55.179625
30
0
0
VERTEX
8
0
10
56.992081250000005
20
57.098400000000005
30
0
0
VERTEX
8
0
10
77.25791875
20
57.098400000000005
30
0
0
VERTEX
8
0
10
77.928159375
20
56.428159375
30
0
0
VERTEX
8
0
10
77.9331875
20
56.424246875
30
0
42
0.14075965647395222
0
VERTEX
8
0
10
77.983471875
20
56.399753125000004
30
0
0
VERTEX
8
0
10
77.992834375
20
56.398987500000004
30
0
0
VERTEX
8
0
10
77.99585
20
56.398484375
30
0
0
VERTEX
8
0
10
77.99739375
20
56.398612500000006
30
0
0
VERTEX
8
0
10
78
20
56.3984
30
0
0
VERTEX
8
0
10
81.00471875000001
20
56.3984
30
0
0
VERTEX
8
0
10
79.928159375
20
55.321840625
30
0
0
VERTEX
8
0
10
79.927234375
20
55.32065
30
0
0
VERTEX
8
0
10
79.92534375000001
20
55.3189125
30
0
0
VERTEX
8
0
10
79.80534375
20
55.1889125
30
0
0
VERTEX
8
0
10
79.79070312500001
20
55.168462500000004
30
0
42
0.8128004920092757
0
VERTEX
8
0
10
79.94245000000001
20
55.039859375000006
30
0
0
VERTEX
8
0
10
79.95465625
20
55.0510875
30
0
0
VERTEX
8
0
10
80.07330625
20
55.179625
30
0
0
VERTEX
8
0
10
82.04208125000001
20
57.1484
30
0
0
VERTEX
8
0
10
97.95791875
20
57.1484
30
0
0
VERTEX
8
0
10
99.14840000000001
20
55.957918750000005
30
0
0
VERTEX
8
0
10
99.14840000000001
20
46.54208125
30
0
0
VERTEX
8
0
10
92.6843125
20
40.077993750000005
30
0
0
VERTEX
8
0
10
92.521409375
20
39.963003125
30
0
0
VERTEX
8
0
10
92.50281562500001
20
39.94606875
30
0
42
0.8128197575963957
0
VERTEX
8
0
10
92.62430937500001
20
39.788571875
30
0
0
VERTEX
8
0
10
92.638590625
20
39.796996875000005
30
0
0
VERTEX
8
0
10
92.80859062500001
20
39.916996875
30
0
0
VERTEX
8
0
10
92.8088625
20
39.917243750000004
30
0
0
VERTEX
8
0
10
92.8092
20
39.917428125
30
0
0
VERTEX
8
0
10
92.82184062500001
20
39.928159375
30
0
0
VERTEX
8
0
10
99.32184062500001
20
46.428159375
30
0
0
VERTEX
8
0
10
99.325753125
20
46.4331875
30
0
42
0.14075965647395222
0
VERTEX
8
0
10
99.35024687500001
20
46.483471875
30
0
0
VERTEX
8
0
10
99.35101250000001
20
46.492834375
30
0
0
VERTEX
8
0
10
99.351515625
20
46.495850000000004
30
0
0
VERTEX
8
0
10
99.3513875
20
46.49739375
30
0
0
VERTEX
8
0
10
99.3516
20
46.5
30
0
0
VERTEX
8
0
10
99.3516
20
56
30
0
0
VERTEX
8
0
10
99.35080937500001
20
56.0063375
30
0
42
0.1407252340376049
0
VERTEX
8
0
10
99.332571875
20
56.059200000000004
30
0
0
VERTEX
8
0
10
99.3264875
20
56.066365625
30
0
0
VERTEX
8
0
10
99.32471562500001
20
56.068846875000006
30
0
0
VERTEX
8
0
10
99.32353125
20
56.06985
30
0
0
VERTEX
8
0
10
99.32184062500001
20
56.071840625
30
0
0
VERTEX
8
0
10
98.07184062500001
20
57.321840625
30
0
0
VERTEX
8
0
10
98.06681250000001
20
57.325753125000006
30
0
42
0.14075965647395222
0
VERTEX
8
0
10
98.01652812500001
20
57.350246875
30
0
0
VERTEX
8
0
10
98.007165625
20
57.3510125
30
0
0
VERTEX
8
0
10
98.00415000000001
20
57.351515625000005
30
0
0
VERTEX
8
0
10
98.00260625
20
57.3513875
30
0
0
VERTEX
8
0
10
98
20
57.351600000000005
30
0
0
VERTEX
8
0
10
82
20
57.351600000000005
30
0
0
VERTEX
8
0
10
81.9936625
20
57.350809375000004
30
0
42
0.1407252340376049
0
VERTEX
8
0
10
81.94080000000001
20
57.332571875
30
0
0
VERTEX
8
0
10
81.933634375
20
57.326487500000006
30
0
0
VERTEX
8
0
10
81.93115312500001
20
57.324715625
30
0
0
VERTEX
8
0
10
81.93015
20
57.32353125
30
0
0
VERTEX
8
0
10
81.928159375
20
57.321840625
30
0
0
VERTEX
8
0
10
81.20791875
20
56.601600000000005
30
0
0
VERTEX
8
0
10
78.04208125000001
20
56.601600000000005
30
0
0
VERTEX
8
0
10
77.371840625
20
57.271840625
30
0
0
VERTEX
8
0
10
77.36681250000001
20
57.275753125
30
0
42
0.14075965647395222
0
VERTEX
8
0
10
77.316528125
20
57.300246875000006
30
0
0
VERTEX
8
0
10
77.30716562500001
20
57.301012500000006
30
0
0
VERTEX
8
0
10
77.30415
20
57.301515625
30
0
0
VERTEX
8
0
10
77.30260625
20
57.301387500000004
30
0
0
VERTEX
8
0
10
77.3
20
57.3016
30
0
0
VERTEX
8
0
10
56.95
20
57.3016
30
0
0
VERTEX
8
0
10
56.9436625
20
57.300809375
30
0
42
0.1407252340376049
0
VERTEX
8
0
10
56.890800000000006
20
57.282571875
30
0
0
VERTEX
8
0
10
56.883634375
20
57.2764875
30
0
0
VERTEX
8
0
10
56.881153125000004
20
57.274715625000006
30
0
0
VERTEX
8
0
10
56.88015
20
57.273531250000005
30
0
0
VERTEX
8
0
10
56.878159375
20
57.271840625
30
0
0
VERTEX
8
0
10
54.928159375
20
55.321840625
30
0
0
VERTEX
8
0
10
54.927234375000005
20
55.32065
30
0
0
VERTEX
8
0
10
54.92534375
20
55.3189125
30
0
0
VERTEX
8
0
10
54.87706875
20
55.2666125
30
0
0
VERTEX
8
0
10
53.071840625
20
57.071840625
30
0
0
VERTEX
8
0
10
53.066812500000005
20
57.075753125000006
30
0
42
0.14075965647395222
0
VERTEX
8
0
10
53.016528125
20
57.100246875
30
0
0
VERTEX
8
0
10
53.007165625000006
20
57.1010125
30
0
0
VERTEX
8
0
10
53.00415
20
57.101515625000005
30
0
0
VERTEX
8
0
10
53.00260625
20
57.1013875
30
0
0
VERTEX
8
0
10
53
20
57.101600000000005
30
0
0
VERTEX
8
0
10
17.25
20
57.101600000000005
30
0
0
SEQEND
0
POLYLINE
66
1
8
16_copper
10
0.0
20
0.0
30
0.0
70
1
0
VERTEX
8
0
10
47.803859375
20
47.0256625
30
0
42
0.4142135623730951
0
VERTEX
8
0
10
47.974337500000004
20
47.303859375
30
0
0
VERTEX
8
0
10
47.967765625000006
20
47.324084375000005
30
0
0
VERTEX
8
0
10
51.04208125
20
50.3984
30
0
0
VERTEX
8
0
10
52.894200000000005
20
50.3984
30
0
0
VERTEX
8
0
10
52.894200000000005
20
50.375
30
0
0
VERTEX
8
0
10
54.0942
20
50.375
30
0
0
VERTEX
8
0
10
54.0942
20
50.975
30
0
0
VERTEX
8
0
10
53.86868125
20
50.975
30
0
0
VERTEX
8
0
10
54.04208125
20
51.1484
30
0
0
VERTEX
8
0
10
54.293631250000004
20
51.1484
30
0
0
VERTEX
8
0
10
54.3032875
20
51.129453125000005
30
0
42
0.9999999999999999
0
VERTEX
8
0
10
54.696712500000004
20
51.370546875
30
0
0
VERTEX
8
0
10
54.675434375
20
51.399834375000005
30
0
42
0.509524700761689
0
VERTEX
8
0
10
54.3032875
20
51.370546875
30
0
0
VERTEX
8
0
10
54.293631250000004
20
51.351600000000005
30
0
0
VERTEX
8
0
10
54
20
51.351600000000005
30
0
0
VERTEX
8
0
10
53.9936625
20
51.350809375000004
30
0
42
0.1407252340376049
0
VERTEX
8
0
10
53.9408
20
51.332571875
30
0
0
VERTEX
8
0
10
53.933634375000004
20
51.3264875
30
0
0
VERTEX
8
0
10
53.931153125
20
51.324715625
30
0
0
VERTEX
8
0
10
53.930150000000005
20
51.32353125
30
0
0
VERTEX
8
0
10
53.928159375
20
51.321840625
30
0
0
VERTEX
8
0
10
53.58131875
20
50.975
30
0
0
VERTEX
8
0
10
52.894200000000005
20
50.975
30
0
0
VERTEX
8
0
10
52.894200000000005
20
50.601600000000005
30
0
0
VERTEX
8
0
10
51
20
50.601600000000005
30
0
0
VERTEX
8
0
10
50.9936625
20
50.600809375000004
30
0
42
0.1407252340376049
0
VERTEX
8
0
10
50.9408
20
50.582571875
30
0
0
VERTEX
8
0
10
50.933634375000004
20
50.5764875
30
0
0
VERTEX
8
0
10
50.931153125
20
50.574715625
30
0
0
VERTEX
8
0
10
50.930150000000005
20
50.57353125
30
0
0
VERTEX
8
0
10
50.928159375
20
50.571840625
30
0
0
VERTEX
8
0
10
47.824084375000005
20
47.467765625000006
30
0
0
VERTEX
8
0
10
47.803859375
20
47.474337500000004
30
0
42
0.9999999999999999
0
VERTEX
8
0
10
47.696140625000005
20
47.0256625
30
0
0
VERTEX
8
0
10
47.7319
20
47.02
30
0
0
VERTEX
8
0
10
47.768100000000004
20
47.02
30
0
0
SEQEND
0
POLYLINE
66
1
8
1_copper
10
0.0
20
0.0
30
0.0
70
1
0
VERTEX
8
0
10
60.0063375
20
53.399190625
30
0
42
0.1407252340376049
0
VERTEX
8
0
10
60.059200000000004
20
53.417428125
30
0
0
VERTEX
8
0
10
60.066365625
20
53.4235125
30
0
0
VERTEX
8
0
10
60.068846875000006
20
53.425284375000004
30
0
0
VERTEX
8
0
10
60.06985
20
53.426468750000005
30
0
0
VERTEX
8
0
10
60.071840625
20
53.428159375
30
0
0
VERTEX
8
0
10
61.009040625000004
20
54.365359375000004
30
0
0
VERTEX
8
0
10
61.012953125
20
54.3703875
30
0
42
0.14075965647395222
0
VERTEX
8
0
10
61.037446875
20
54.420671875000004
30
0
0
VERTEX
8
0
10
61.0382125
20
54.430034375000005
30
0
0
VERTEX
8
0
10
61.038715625
20
54.43305
30
0
0
VERTEX
8
0
10
61.038587500000006
20
54.434593750000005
30
0
0
VERTEX
8
0
10
61.0388
20
54.437200000000004
30
0
0
VERTEX
8
0
10
61.0388
20
54.909256250000006
30
0
0
VERTEX
8
0
10
62.277943750000006
20
56.1484
30
0
0
VERTEX
8
0
10
68.70791875
20
56.1484
30
0
0
VERTEX
8
0
10
69.928159375
20
54.928159375
30
0
0
VERTEX
8
0
10
69.934815625
20
54.922978125
30
0
0
VERTEX
8
0
10
69.94105625
20
54.917246875000004
30
0
42
0.3205853043956846
0
VERTEX
8
0
10
70.0592
20
54.917428125
30
0
0
VERTEX
8
0
10
70.06344375
20
54.921031250000006
30
0
42
0.013468289921941622
0
VERTEX
8
0
10
70.067603125
20
54.9245625
30
0
0
VERTEX
8
0
10
70.07184062500001
20
54.928159375
30
0
0
VERTEX
8
0
10
70.191840625
20
55.048159375000004
30
0
0
VERTEX
8
0
10
70.2072875
20
55.06800625
30
0
42
0.8128176307274321
0
VERTEX
8
0
10
70.0608
20
55.202571875000004
30
0
0
VERTEX
8
0
10
70.048159375
20
55.191840625000005
30
0
0
VERTEX
8
0
10
70
20
55.14368125
30
0
0
VERTEX
8
0
10
68.82184062500001
20
56.321840625
30
0
0
VERTEX
8
0
10
68.8168125
20
56.325753125000006
30
0
42
0.14075965647395222
0
VERTEX
8
0
10
68.76652812500001
20
56.350246875
30
0
0
VERTEX
8
0
10
68.757165625
20
56.3510125
30
0
0
VERTEX
8
0
10
68.75415000000001
20
56.351515625000005
30
0
0
VERTEX
8
0
10
68.75260625
20
56.3513875
30
0
0
VERTEX
8
0
10
68.75
20
56.351600000000005
30
0
0
VERTEX
8
0
10
62.2358625
20
56.351600000000005
30
0
0
VERTEX
8
0
10
62.229525
20
56.350809375000004
30
0
42
0.1407252340376049
0
VERTEX
8
0
10
62.176662500000006
20
56.332571875
30
0
0
VERTEX
8
0
10
62.169496875
20
56.326487500000006
30
0
0
VERTEX
8
0
10
62.167015625000005
20
56.324715625
30
0
0
VERTEX
8
0
10
62.1660125
20
56.32353125
30
0
0
VERTEX
8
0
10
62.164021875
20
56.321840625
30
0
0
VERTEX
8
0
10
60.865359375000004
20
55.023178125
30
0
0
VERTEX
8
0
10
60.861446875000006
20
55.018150000000006
30
0
42
0.14075965647395222
0
VERTEX
8
0
10
60.836953125
20
54.967865625
30
0
0
VERTEX
8
0
10
60.8361875
20
54.958503125
30
0
0
VERTEX
8
0
10
60.835684375
20
54.955487500000004
30
0
0
VERTEX
8
0
10
60.8358125
20
54.95394375
30
0
0
VERTEX
8
0
10
60.8356
20
54.9513375
30
0
0
VERTEX
8
0
10
60.8356
20
54.47928125
30
0
0
VERTEX
8
0
10
59.957918750000005
20
53.601600000000005
30
0
0
VERTEX
8
0
10
59.04208125
20
53.601600000000005
30
0
0
VERTEX
8
0
10
57.5789625
20
55.064718750000004
30
0
0
VERTEX
8
0
10
57.504537500000005
20
55.176356250000005
30
0
0
VERTEX
8
0
10
57.49900625
20
55.182765625
30
0
0
VERTEX
8
0
10
57.494025
20
55.189590625
30
0
0
VERTEX
8
0
10
57.489896875
20
55.19331875
30
0
42
0.01346841062574676
0
VERTEX
8
0
10
57.485846875
20
55.196975
30
0
0
VERTEX
8
0
10
57.481715625
20
55.20070625
30
0
0
VERTEX
8
0
10
57.317068750000004
20
55.3266125
30
0
0
VERTEX
8
0
10
56.446840625
20
56.196840625
30
0
0
VERTEX
8
0
10
56.441812500000005
20
56.200753125000006
30
0
42
0.14075965647395222
0
VERTEX
8
0
10
56.391528125
20
56.225246875
30
0
0
VERTEX
8
0
10
56.382165625000006
20
56.2260125
30
0
0
VERTEX
8
0
10
56.37915
20
56.226515625000005
30
0
0
VERTEX
8
0
10
56.37760625
20
56.2263875
30
0
0
VERTEX
8
0
10
56.375
20
56.226600000000005
30
0
0
VERTEX
8
0
10
51.875
20
56.226600000000005
30
0
0
VERTEX
8
0
10
51.8686625
20
56.225809375000004
30
0
42
0.1407252340376049
0
VERTEX
8
0
10
51.8158
20
56.207571875
30
0
0
VERTEX
8
0
10
51.808634375000004
20
56.201487500000006
30
0
0
VERTEX
8
0
10
51.806153125
20
56.199715625
30
0
0
VERTEX
8
0
10
51.805150000000005
20
56.19853125
30
0
0
VERTEX
8
0
10
51.803159375
20
56.196840625
30
0
0
VERTEX
8
0
10
51.574084375000005
20
55.967765625000006
30
0
0
VERTEX
8
0
10
51.553859375
20
55.974337500000004
30
0
42
0.9999999999999999
0
VERTEX
8
0
10
51.446140625000005
20
55.5256625
30
0
0
VERTEX
8
0
10
51.4819
20
55.52
30
0
42
0.5095244921166611
0
VERTEX
8
0
10
51.724337500000004
20
55.803859375
30
0
0
VERTEX
8
0
10
51.717765625000006
20
55.824084375000005
30
0
0
VERTEX
8
0
10
51.91708125
20
56.0234
30
0
0
VERTEX
8
0
10
56.332918750000005
20
56.0234
30
0
0
VERTEX
8
0
10
57.178159375
20
55.178159375
30
0
0
VERTEX
8
0
10
57.180384375
20
55.176428125
30
0
0
VERTEX
8
0
10
57.188284375
20
55.16929375
30
0
0
VERTEX
8
0
10
57.34484375
20
55.049571875000005
30
0
0
VERTEX
8
0
10
57.415462500000004
20
54.94364375
30
0
0
VERTEX
8
0
10
57.416596875
20
54.94233125
30
0
0
VERTEX
8
0
10
57.417428125
20
54.9408
30
0
0
VERTEX
8
0
10
57.428159375
20
54.928159375
30
0
0
VERTEX
8
0
10
58.928159375
20
53.428159375
30
0
0
VERTEX
8
0
10
58.9331875
20
53.424246875
30
0
42
0.14075965647395222
0
VERTEX
8
0
10
58.983471875
20
53.399753125000004
30
0
0
VERTEX
8
0
10
58.992834375
20
53.398987500000004
30
0
0
VERTEX
8
0
10
58.995850000000004
20
53.398484375
30
0
0
VERTEX
8
0
10
58.99739375
20
53.398612500000006
30
0
0
VERTEX
8
0
10
59
20
53.3984
30
0
0
VERTEX
8
0
10
60
20
53.3984
30
0
0
SEQEND
0
POLYLINE
66
1
8
16_copper
10
0.0
20
0.0
30
0.0
70
1
0
VERTEX
8
0
10
83.3936625
20
56.250809375
30
0
42
0.1407252340376049
0
VERTEX
8
0
10
83.3408
20
56.232571875000005
30
0
0
VERTEX
8
0
10
83.333634375
20
56.226487500000005
30
0
0
VERTEX
8
0
10
83.331153125
20
56.224715625
30
0
0
VERTEX
8
0
10
83.33015
20
56.22353125
30
0
0
VERTEX
8
0
10
83.328159375
20
56.221840625000006
30
0
0
VERTEX
8
0
10
82.428159375
20
55.321840625
30
0
0
VERTEX
8
0
10
82.4259625
20
55.319015625000006
30
0
0
VERTEX
8
0
10
82.4232875
20
55.316615625000004
30
0
0
VERTEX
8
0
10
82.413471875
20
55.303246875
30
0
0
VERTEX
8
0
10
82.333471875
20
55.173246875000004
30
0
0
VERTEX
8
0
10
82.32304375000001
20
55.1503625
30
0
42
0.8128075885777089
0
VERTEX
8
0
10
82.4967125
20
55.053384375
30
0
0
VERTEX
8
0
10
82.506528125
20
55.066753125000005
30
0
0
VERTEX
8
0
10
82.580278125
20
55.186596875
30
0
0
VERTEX
8
0
10
83.44208125
20
56.0484
30
0
0
VERTEX
8
0
10
95.90471875
20
56.0484
30
0
0
VERTEX
8
0
10
95.04815937500001
20
55.191840625000005
30
0
0
VERTEX
8
0
10
95.0327125
20
55.171993750000006
30
0
42
0.8128176307274321
0
VERTEX
8
0
10
95.17920000000001
20
55.037428125000005
30
0
0
VERTEX
8
0
10
95.191840625
20
55.048159375000004
30
0
0
VERTEX
8
0
10
96.171840625
20
56.028159375
30
0
0
VERTEX
8
0
10
96.17702187500001
20
56.034815625
30
0
0
VERTEX
8
0
10
96.182753125
20
56.041056250000004
30
0
42
0.020427862348868023
0
VERTEX
8
0
10
96.18728750000001
20
56.04800625
30
0
0
VERTEX
8
0
10
96.187459375
20
56.0484
30
0
0
VERTEX
8
0
10
97.80791875
20
56.0484
30
0
0
VERTEX
8
0
10
98.64840000000001
20
55.207918750000005
30
0
0
VERTEX
8
0
10
98.64840000000001
20
54.79208125
30
0
0
VERTEX
8
0
10
96.95791875
20
53.101600000000005
30
0
0
VERTEX
8
0
10
68.24528125
20
53.101600000000005
30
0
0
VERTEX
8
0
10
70.191840625
20
55.048159375000004
30
0
0
VERTEX
8
0
10
70.2072875
20
55.06800625
30
0
42
0.8128176307274321
0
VERTEX
8
0
10
70.0608
20
55.202571875000004
30
0
0
VERTEX
8
0
10
70.048159375
20
55.191840625000005
30
0
0
VERTEX
8
0
10
64.95791875
20
50.101600000000005
30
0
0
VERTEX
8
0
10
54
20
50.101600000000005
30
0
0
VERTEX
8
0
10
53.9936625
20
50.100809375000004
30
0
42
0.1407252340376049
0
VERTEX
8
0
10
53.9408
20
50.082571875
30
0
0
VERTEX
8
0
10
53.933634375000004
20
50.0764875
30
0
0
VERTEX
8
0
10
53.931153125
20
50.074715625
30
0
0
VERTEX
8
0
10
53.930150000000005
20
50.07353125
30
0
0
VERTEX
8
0
10
53.928159375
20
50.071840625
30
0
0
VERTEX
8
0
10
53.561318750000005
20
49.705000000000005
30
0
0
VERTEX
8
0
10
52.894200000000005
20
49.705000000000005
30
0
0
VERTEX
8
0
10
52.894200000000005
20
49.105000000000004
30
0
0
VERTEX
8
0
10
54.0942
20
49.105000000000004
30
0
0
VERTEX
8
0
10
54.0942
20
49.705000000000005
30
0
0
VERTEX
8
0
10
53.848681250000006
20
49.705000000000005
30
0
0
VERTEX
8
0
10
54.04208125
20
49.8984
30
0
0
VERTEX
8
0
10
65
20
49.8984
30
0
0
VERTEX
8
0
10
65.0063375
20
49.899190625
30
0
42
0.1407252340376049
0
VERTEX
8
0
10
65.0592
20
49.917428125
30
0
0
VERTEX
8
0
10
65.066365625
20
49.9235125
30
0
0
VERTEX
8
0
10
65.068846875
20
49.925284375000004
30
0
0
VERTEX
8
0
10
65.06985
20
49.926468750000005
30
0
0
VERTEX
8
0
10
65.07184062500001
20
49.928159375
30
0
0
VERTEX
8
0
10
68.04208125000001
20
52.8984
30
0
0
VERTEX
8
0
10
97
20
52.8984
30
0
0
VERTEX
8
0
10
97.0063375
20
52.899190625
30
0
42
0.1407252340376049
0
VERTEX
8
0
10
97.0592
20
52.917428125
30
0
0
VERTEX
8
0
10
97.066365625
20
52.9235125
30
0
0
VERTEX
8
0
10
97.068846875
20
52.925284375000004
30
0
0
VERTEX
8
0
10
97.06985
20
52.926468750000005
30
0
0
VERTEX
8
0
10
97.07184062500001
20
52.928159375
30
0
0
VERTEX
8
0
10
98.82184062500001
20
54.678159375
30
0
0
VERTEX
8
0
10
98.825753125
20
54.6831875
30
0
42
0.14075965647395222
0
VERTEX
8
0
10
98.85024687500001
20
54.733471875
30
0
0
VERTEX
8
0
10
98.85101250000001
20
54.742834375
30
0
0
VERTEX
8
0
10
98.851515625
20
54.745850000000004
30
0
0
VERTEX
8
0
10
98.8513875
20
54.74739375
30
0
0
VERTEX
8
0
10
98.8516
20
54.75
30
0
0
VERTEX
8
0
10
98.8516
20
55.25
30
0
0
VERTEX
8
0
10
98.85080937500001
20
55.2563375
30
0
42
0.1407252340376049
0
VERTEX
8
0
10
98.832571875
20
55.309200000000004
30
0
0
VERTEX
8
0
10
98.8264875
20
55.316365625
30
0
0
VERTEX
8
0
10
98.82471562500001
20
55.318846875000006
30
0
0
VERTEX
8
0
10
98.82353125
20
55.31985
30
0
0
VERTEX
8
0
10
98.82184062500001
20
55.321840625
30
0
0
VERTEX
8
0
10
97.921840625
20
56.221840625000006
30
0
0
VERTEX
8
0
10
97.9168125
20
56.225753125000004
30
0
42
0.14075965647395222
0
VERTEX
8
0
10
97.866528125
20
56.250246875
30
0
0
VERTEX
8
0
10
97.85716562500001
20
56.2510125
30
0
0
VERTEX
8
0
10
97.85415
20
56.251515625
30
0
0
VERTEX
8
0
10
97.85260625000001
20
56.2513875
30
0
0
VERTEX
8
0
10
97.85000000000001
20
56.2516
30
0
0
VERTEX
8
0
10
83.4
20
56.2516
30
0
0
SEQEND
0
POLYLINE
66
1
8
16_copper
10
0.0
20
0.0
30
0.0
70
1
0
VERTEX
8
0
10
50.0063375
20
54.149190625
30
0
42
0.1407252340376049
0
VERTEX
8
0
10
50.059200000000004
20
54.167428125
30
0
0
VERTEX
8
0
10
50.066365625
20
54.1735125
30
0
0
VERTEX
8
0
10
50.068846875000006
20
54.175284375000004
30
0
0
VERTEX
8
0
10
50.06985
20
54.176468750000005
30
0
0
VERTEX
8
0
10
50.071840625
20
54.178159375
30
0
0
VERTEX
8
0
10
51.425915625
20
55.532234375
30
0
0
VERTEX
8
0
10
51.446140625000005
20
55.5256625
30
0
42
0.9999999999999999
0
VERTEX
8
0
10
51.553859375
20
55.974337500000004
30
0
0
VERTEX
8
0
10
51.518100000000004
20
55.980000000000004
30
0
42
0.5095244921166611
0
VERTEX
8
0
10
51.2756625
20
55.696140625000005
30
0
0
VERTEX
8
0
10
51.282234375
20
55.675915625
30
0
0
VERTEX
8
0
10
49.957918750000005
20
54.351600000000005
30
0
0
VERTEX
8
0
10
47.29208125
20
54.351600000000005
30
0
0
VERTEX
8
0
10
47.071840625
20
54.571840625
30
0
0
VERTEX
8
0
10
47.066812500000005
20
54.575753125000006
30
0
42
0.14075965647395222
0
VERTEX
8
0
10
47.016528125
20
54.600246875
30
0
0
VERTEX
8
0
10
47.007165625
20
54.6010125
30
0
0
VERTEX
8
0
10
47.00415
20
54.601515625000005
30
0
0
VERTEX
8
0
10
47.00260625
20
54.6013875
30
0
0
VERTEX
8
0
10
47
20
54.601600000000005
30
0
0
VERTEX
8
0
10
45.79208125
20
54.601600000000005
30
0
0
VERTEX
8
0
10
45.321840625
20
55.071840625
30
0
0
VERTEX
8
0
10
45.32065
20
55.072765625
30
0
0
VERTEX
8
0
10
45.3189125
20
55.074656250000004
30
0
0
VERTEX
8
0
10
45.1889125
20
55.19465625
30
0
0
VERTEX
8
0
10
45.168462500000004
20
55.209296875
30
0
42
0.8128004920092757
0
VERTEX
8
0
10
45.039859375
20
55.05755
30
0
0
VERTEX
8
0
10
45.0510875
20
55.04534375
30
0
0
VERTEX
8
0
10
45.179625
20
54.926693750000005
30
0
0
VERTEX
8
0
10
45.678159375
20
54.428159375
30
0
0
VERTEX
8
0
10
45.6831875
20
54.424246875
30
0
42
0.14075965647395222
0
VERTEX
8
0
10
45.733471875
20
54.399753125000004
30
0
0
VERTEX
8
0
10
45.742834375
20
54.398987500000004
30
0
0
VERTEX
8
0
10
45.745850000000004
20
54.398484375
30
0
0
VERTEX
8
0
10
45.74739375
20
54.398612500000006
30
0
0
VERTEX
8
0
10
45.75
20
54.3984
30
0
0
VERTEX
8
0
10
46.957918750000005
20
54.3984
30
0
0
VERTEX
8
0
10
47.178159375
20
54.178159375
30
0
0
VERTEX
8
0
10
47.1831875
20
54.174246875
30
0
42
0.14075965647395222
0
VERTEX
8
0
10
47.233471875
20
54.149753125000004
30
0
0
VERTEX
8
0
10
47.242834375
20
54.148987500000004
30
0
0
VERTEX
8
0
10
47.245850000000004
20
54.148484375
30
0
0
VERTEX
8
0
10
47.24739375
20
54.148612500000006
30
0
0
VERTEX
8
0
10
47.25
20
54.1484
30
0
0
VERTEX
8
0
10
50
20
54.1484
30
0
0
SEQEND
0
POLYLINE
66
1
8
1_copper
10
0.0
20
0.0
30
0.0
70
1
0
VERTEX
8
0
10
48.196140625000005
20
42.7756625
30
0
42
0.9999999999999999
0
VERTEX
8
0
10
48.303859375
20
43.224337500000004
30
0
0
VERTEX
8
0
10
48.268100000000004
20
43.230000000000004
30
0
42
0.5095244921166611
0
VERTEX
8
0
10
48.0256625
20
42.946140625000005
30
0
0
VERTEX
8
0
10
48.032234375
20
42.925915625
30
0
0
VERTEX
8
0
10
47.957918750000005
20
42.851600000000005
30
0
0
VERTEX
8
0
10
44
20
42.851600000000005
30
0
0
VERTEX
8
0
10
43.9936625
20
42.850809375000004
30
0
42
0.1407252340376049
0
VERTEX
8
0
10
43.9408
20
42.832571875
30
0
0
VERTEX
8
0
10
43.933634375000004
20
42.8264875
30
0
0
VERTEX
8
0
10
43.931153125
20
42.824715625
30
0
0
VERTEX
8
0
10
43.930150000000005
20
42.82353125
30
0
0
VERTEX
8
0
10
43.928159375
20
42.821840625
30
0
0
VERTEX
8
0
10
43.428159375
20
42.321840625
30
0
0
VERTEX
8
0
10
43.424246875
20
42.316812500000005
30
0
42
0.14075965647395222
0
VERTEX
8
0
10
43.399753125000004
20
42.266528125
30
0
0
VERTEX
8
0
10
43.398987500000004
20
42.257165625
30
0
0
VERTEX
8
0
10
43.398484375
20
42.25415
30
0
0
VERTEX
8
0
10
43.3986125
20
42.25260625
30
0
0
VERTEX
8
0
10
43.3984
20
42.25
30
0
0
VERTEX
8
0
10
43.3984
20
39.04208125
30
0
0
VERTEX
8
0
10
42.457918750000005
20
38.101600000000005
30
0
0
VERTEX
8
0
10
36.79208125
20
38.101600000000005
30
0
0
VERTEX
8
0
10
35.089684375000004
20
39.803996875
30
0
0
VERTEX
8
0
10
35.057106250000004
20
39.909878125
30
0
0
VERTEX
8
0
10
35.04679375
20
39.93281875
30
0
42
0.8128066291137241
0
VERTEX
8
0
10
34.859325
20
39.866315625
30
0
0
VERTEX
8
0
10
34.862893750000005
20
39.850121875
30
0
0
VERTEX
8
0
10
34.902893750000004
20
39.720121875000004
30
0
0
VERTEX
8
0
10
34.904465625
20
39.716625
30
0
0
VERTEX
8
0
10
34.905415625
20
39.712900000000005
30
0
42
0.062132587094330616
0
VERTEX
8
0
10
34.917428125
20
39.6908
30
0
0
VERTEX
8
0
10
34.928159375
20
39.678159375
30
0
0
VERTEX
8
0
10
36.678159375
20
37.928159375
30
0
0
VERTEX
8
0
10
36.6831875
20
37.924246875
30
0
42
0.14075965647395222
0
VERTEX
8
0
10
36.733471875
20
37.899753125000004
30
0
0
VERTEX
8
0
10
36.742834375
20
37.898987500000004
30
0
0
VERTEX
8
0
10
36.745850000000004
20
37.898484375
30
0
0
VERTEX
8
0
10
36.74739375
20
37.8986125
30
0
0
VERTEX
8
0
10
36.75
20
37.8984
30
0
0
VERTEX
8
0
10
42.5
20
37.8984
30
0
0
VERTEX
8
0
10
42.5063375
20
37.899190625
30
0
42
0.1407252340376049
0
VERTEX
8
0
10
42.559200000000004
20
37.917428125
30
0
0
VERTEX
8
0
10
42.566365625
20
37.9235125
30
0
0
VERTEX
8
0
10
42.568846875000006
20
37.925284375000004
30
0
0
VERTEX
8
0
10
42.56985
20
37.926468750000005
30
0
0
VERTEX
8
0
10
42.571840625
20
37.928159375
30
0
0
VERTEX
8
0
10
43.571840625
20
38.928159375
30
0
0
VERTEX
8
0
10
43.575753125000006
20
38.9331875
30
0
42
0.14075965647395222
0
VERTEX
8
0
10
43.600246875
20
38.983471875
30
0
0
VERTEX
8
0
10
43.6010125
20
38.992834375
30
0
0
VERTEX
8
0
10
43.601515625000005
20
38.995850000000004
30
0
0
VERTEX
8
0
10
43.6013875
20
38.99739375
30
0
0
VERTEX
8
0
10
43.601600000000005
20
39
30
0
0
VERTEX
8
0
10
43.601600000000005
20
42.207918750000005
30
0
0
VERTEX
8
0
10
44.04208125
20
42.6484
30
0
0
VERTEX
8
0
10
47.75471875
20
42.6484
30
0
0
VERTEX
8
0
10
47.678159375
20
42.571840625
30
0
0
VERTEX
8
0
10
47.674246875
20
42.566812500000005
30
0
42
0.14075965647395222
0
VERTEX
8
0
10
47.649753125000004
20
42.516528125
30
0
0
VERTEX
8
0
10
47.648987500000004
20
42.507165625
30
0
0
VERTEX
8
0
10
47.648484375
20
42.50415
30
0
0
VERTEX
8
0
10
47.648612500000006
20
42.50260625
30
0
0
VERTEX
8
0
10
47.6484
20
42.5
30
0
0
VERTEX
8
0
10
47.6484
20
40.03386875
30
0
0
VERTEX
8
0
10
47.57871875
20
39.940959375
30
0
0
VERTEX
8
0
10
47.5662375
20
39.919125
30
0
42
0.8128113325975903
0
VERTEX
8
0
10
47.730281250000004
20
39.80663125
30
0
0
VERTEX
8
0
10
47.74128125
20
39.819040625
30
0
0
VERTEX
8
0
10
47.83128125
20
39.939040625000004
30
0
0
VERTEX
8
0
10
47.837075000000006
20
39.949178125
30
0
0
VERTEX
8
0
10
47.843115625
20
39.959353125
30
0
42
0.06212569315776047
0
VERTEX
8
0
10
47.850246875
20
39.983471875
30
0
0
VERTEX
8
0
10
47.850328125000004
20
39.98448125
30
0
0
VERTEX
8
0
10
47.850503125
20
39.98510625
30
0
0
VERTEX
8
0
10
47.850550000000005
20
39.987187500000005
30
0
0
VERTEX
8
0
10
47.851600000000005
20
40
30
0
0
VERTEX
8
0
10
47.851600000000005
20
42.457918750000005
30
0
0
VERTEX
8
0
10
48.175915625
20
42.782234375
30
0
0
SEQEND
0
POLYLINE
66
1
8
1_copper
10
0.0
20
0.0
30
0.0
70
1
0
VERTEX
8
0
10
71.28840000000001
20
39.980809375
30
0
42
0.1407252340376049
0
VERTEX
8
0
10
71.2355375
20
39.962571875
30
0
0
VERTEX
8
0
10
71.22837187500001
20
39.9564875
30
0
0
VERTEX
8
0
10
71.225890625
20
39.954715625
30
0
0
VERTEX
8
0
10
71.22488750000001
20
39.953531250000005
30
0
0
VERTEX
8
0
10
71.222896875
20
39.951840625
30
0
0
VERTEX
8
0
10
70.906959375
20
39.635903125
30
0
0
VERTEX
8
0
10
70.903046875
20
39.630875
30
0
42
0.046419539360991365
0
VERTEX
8
0
10
70.8915125
20
39.61605625
30
0
0
VERTEX
8
0
10
70.88895000000001
20
39.6102125
30
0
42
0.06290766429769669
0
VERTEX
8
0
10
70.87855312500001
20
39.580590625
30
0
0
VERTEX
8
0
10
70.8777875
20
39.571228125000005
30
0
0
VERTEX
8
0
10
70.877284375
20
39.5682125
30
0
0
VERTEX
8
0
10
70.8774125
20
39.566668750000005
30
0
0
VERTEX
8
0
10
70.877403125
20
39.566553125
30
0
0
VERTEX
8
0
10
70.28745
20
38.976600000000005
30
0
0
VERTEX
8
0
10
60.91708125
20
38.976600000000005
30
0
0
VERTEX
8
0
10
60.089684375000004
20
39.803996875
30
0
0
VERTEX
8
0
10
60.057106250000004
20
39.909878125
30
0
0
VERTEX
8
0
10
60.046793750000006
20
39.93281875
30
0
42
0.8128066291137241
0
VERTEX
8
0
10
59.859325000000005
20
39.866315625
30
0
0
VERTEX
8
0
10
59.862893750000005
20
39.850121875
30
0
0
VERTEX
8
0
10
59.902893750000004
20
39.720121875000004
30
0
0
VERTEX
8
0
10
59.904465625
20
39.716625
30
0
0
VERTEX
8
0
10
59.905415625
20
39.712900000000005
30
0
42
0.062132587094330616
0
VERTEX
8
0
10
59.917428125
20
39.6908
30
0
0
VERTEX
8
0
10
59.928159375
20
39.678159375
30
0
0
VERTEX
8
0
10
60.803159375
20
38.803159375
30
0
0
VERTEX
8
0
10
60.8081875
20
38.799246875
30
0
42
0.14075965647395222
0
VERTEX
8
0
10
60.858471875000006
20
38.774753125000004
30
0
0
VERTEX
8
0
10
60.867834375
20
38.773987500000004
30
0
0
VERTEX
8
0
10
60.870850000000004
20
38.773484375
30
0
0
VERTEX
8
0
10
60.87239375
20
38.7736125
30
0
0
VERTEX
8
0
10
60.875
20
38.7734
30
0
0
VERTEX
8
0
10
70.32953125
20
38.7734
30
0
0
VERTEX
8
0
10
70.33586875
20
38.774190625
30
0
42
0.1407252340376049
0
VERTEX
8
0
10
70.38873125
20
38.792428125
30
0
0
VERTEX
8
0
10
70.395896875
20
38.7985125
30
0
0
VERTEX
8
0
10
70.39837812500001
20
38.800284375000004
30
0
0
VERTEX
8
0
10
70.39938125
20
38.801468750000005
30
0
0
VERTEX
8
0
10
70.40137187500001
20
38.803159375
30
0
0
VERTEX
8
0
10
71.050640625
20
39.452428125000004
30
0
0
VERTEX
8
0
10
71.054553125
20
39.45745625
30
0
42
0.14075965647395222
0
VERTEX
8
0
10
71.079046875
20
39.507740625000004
30
0
0
VERTEX
8
0
10
71.0798125
20
39.517103125
30
0
0
VERTEX
8
0
10
71.080315625
20
39.52011875
30
0
0
VERTEX
8
0
10
71.08018750000001
20
39.521662500000005
30
0
0
VERTEX
8
0
10
71.080196875
20
39.521778125000004
30
0
0
VERTEX
8
0
10
71.33681875
20
39.778400000000005
30
0
0
VERTEX
8
0
10
75.52791875
20
39.778400000000005
30
0
0
VERTEX
8
0
10
76.87815937500001
20
38.428159375
30
0
0
VERTEX
8
0
10
76.8831875
20
38.424246875
30
0
42
0.14075965647395222
0
VERTEX
8
0
10
76.93347187500001
20
38.399753125000004
30
0
0
VERTEX
8
0
10
76.942834375
20
38.398987500000004
30
0
0
VERTEX
8
0
10
76.94585000000001
20
38.398484375
30
0
0
VERTEX
8
0
10
76.94739375
20
38.3986125
30
0
0
VERTEX
8
0
10
76.95
20
38.3984
30
0
0
VERTEX
8
0
10
82.5
20
38.3984
30
0
0
VERTEX
8
0
10
82.5063375
20
38.399190625
30
0
42
0.1407252340376049
0
VERTEX
8
0
10
82.5592
20
38.417428125
30
0
0
VERTEX
8
0
10
82.566365625
20
38.4235125
30
0
0
VERTEX
8
0
10
82.568846875
20
38.425284375000004
30
0
0
VERTEX
8
0
10
82.56985
20
38.426468750000005
30
0
0
VERTEX
8
0
10
82.57184062500001
20
38.428159375
30
0
0
VERTEX
8
0
10
83.89208125
20
39.748400000000004
30
0
0
VERTEX
8
0
10
84.93
20
39.748400000000004
30
0
0
VERTEX
8
0
10
84.93633750000001
20
39.749190625000004
30
0
0
VERTEX
8
0
10
84.94273125000001
20
39.7492
30
0
0
VERTEX
8
0
10
84.947125
20
39.750321875000004
30
0
0
VERTEX
8
0
10
84.947725
20
39.749721875
30
0
42
0.05027644198455474
0
VERTEX
8
0
10
84.975340625
20
39.7351125
30
0
0
VERTEX
8
0
10
84.981040625
20
39.732615625
30
0
42
0.0314202763045706
0
VERTEX
8
0
10
84.993471875
20
39.729753125
30
0
0
VERTEX
8
0
10
85.002834375
20
39.7289875
30
0
0
VERTEX
8
0
10
85.00585000000001
20
39.728484375
30
0
0
VERTEX
8
0
10
85.00739375
20
39.728612500000004
30
0
0
VERTEX
8
0
10
85.01
20
39.7284
30
0
0
VERTEX
8
0
10
85.62791875
20
39.7284
30
0
0
VERTEX
8
0
10
86.928159375
20
38.428159375
30
0
0
VERTEX
8
0
10
86.9331875
20
38.424246875
30
0
42
0.14075965647395222
0
VERTEX
8
0
10
86.983471875
20
38.399753125000004
30
0
0
VERTEX
8
0
10
86.992834375
20
38.398987500000004
30
0
0
VERTEX
8
0
10
86.99585
20
38.398484375
30
0
0
VERTEX
8
0
10
86.99739375
20
38.3986125
30
0
0
VERTEX
8
0
10
87
20
38.3984
30
0
0
VERTEX
8
0
10
96.25
20
38.3984
30
0
0
VERTEX
8
0
10
96.2563375
20
38.399190625
30
0
42
0.1407252340376049
0
VERTEX
8
0
10
96.3092
20
38.417428125
30
0
0
VERTEX
8
0
10
96.316365625
20
38.4235125
30
0
0
VERTEX
8
0
10
96.318846875
20
38.425284375000004
30
0
0
VERTEX
8
0
10
96.31985
20
38.426468750000005
30
0
0
VERTEX
8
0
10
96.32184062500001
20
38.428159375
30
0
0
VERTEX
8
0
10
97.56811875000001
20
39.6744375
30
0
0
VERTEX
8
0
10
97.72406875
20
39.801146875
30
0
0
VERTEX
8
0
10
97.74147500000001
20
39.8193
30
0
42
0.8128111687836166
0
VERTEX
8
0
10
97.60961250000001
20
39.968225000000004
30
0
0
VERTEX
8
0
10
97.59593125
20
39.958853125000005
30
0
0
VERTEX
8
0
10
97.43593125000001
20
39.828853125
30
0
0
VERTEX
8
0
10
97.43379375
20
39.826625
30
0
0
VERTEX
8
0
10
97.428159375
20
39.821840625
30
0
0
VERTEX
8
0
10
96.20791875
20
38.601600000000005
30
0
0
VERTEX
8
0
10
87.04208125000001
20
38.601600000000005
30
0
0
VERTEX
8
0
10
85.74184062500001
20
39.901840625
30
0
0
VERTEX
8
0
10
85.7368125
20
39.905753125000004
30
0
42
0.14075965647395222
0
VERTEX
8
0
10
85.68652812500001
20
39.930246875
30
0
0
VERTEX
8
0
10
85.677165625
20
39.9310125
30
0
0
VERTEX
8
0
10
85.67415
20
39.931515625
30
0
0
VERTEX
8
0
10
85.67260625
20
39.9313875
30
0
0
VERTEX
8
0
10
85.67
20
39.9316
30
0
0
VERTEX
8
0
10
85.05208125
20
39.9316
30
0
0
VERTEX
8
0
10
85.031840625
20
39.951840625
30
0
42
0.36712936063997265
0
VERTEX
8
0
10
84.9008
20
39.962571875
30
0
0
VERTEX
8
0
10
84.89655625
20
39.958968750000004
30
0
42
0.013468289921941622
0
VERTEX
8
0
10
84.892396875
20
39.9554375
30
0
0
VERTEX
8
0
10
84.888159375
20
39.951840625
30
0
0
VERTEX
8
0
10
84.88791875
20
39.9516
30
0
0
VERTEX
8
0
10
83.85000000000001
20
39.9516
30
0
0
VERTEX
8
0
10
83.84366250000001
20
39.950809375
30
0
42
0.1407252340376049
0
VERTEX
8
0
10
83.7908
20
39.932571875
30
0
0
VERTEX
8
0
10
83.783634375
20
39.9264875
30
0
0
VERTEX
8
0
10
83.781153125
20
39.924715625000005
30
0
0
VERTEX
8
0
10
83.78015
20
39.92353125
30
0
0
VERTEX
8
0
10
83.778159375
20
39.921840625
30
0
0
VERTEX
8
0
10
82.45791875
20
38.601600000000005
30
0
0
VERTEX
8
0
10
76.99208125
20
38.601600000000005
30
0
0
VERTEX
8
0
10
75.641840625
20
39.951840625
30
0
0
VERTEX
8
0
10
75.6368125
20
39.955753125
30
0
42
0.14075965647395222
0
VERTEX
8
0
10
75.586528125
20
39.980246875
30
0
0
VERTEX
8
0
10
75.577165625
20
39.9810125
30
0
0
VERTEX
8
0
10
75.57415
20
39.981515625
30
0
0
VERTEX
8
0
10
75.57260625
20
39.981387500000004
30
0
0
VERTEX
8
0
10
75.57000000000001
20
39.9816
30
0
0
VERTEX
8
0
10
71.2947375
20
39.9816
30
0
0
SEQEND
0
POLYLINE
66
1
8
16_copper
10
0.0
20
0.0
30
0.0
70
1
0
VERTEX
8
0
10
48.303859375
20
42.7756625
30
0
42
0.4142135623730951
0
VERTEX
8
0
10
48.474337500000004
20
43.053859375
30
0
0
VERTEX
8
0
10
48.467765625000006
20
43.074084375000005
30
0
0
VERTEX
8
0
10
53.22868125
20
47.835
30
0
0
VERTEX
8
0
10
54.0942
20
47.835
30
0
0
VERTEX
8
0
10
54.0942
20
48.435
30
0
0
VERTEX
8
0
10
52.894200000000005
20
48.435
30
0
0
VERTEX
8
0
10
52.894200000000005
20
47.835
30
0
0
VERTEX
8
0
10
52.94131875
20
47.835
30
0
0
VERTEX
8
0
10
48.324084375000005
20
43.217765625000006
30
0
0
VERTEX
8
0
10
48.303859375
20
43.224337500000004
30
0
42
0.9999999999999999
0
VERTEX
8
0
10
48.196140625000005
20
42.7756625
30
0
0
VERTEX
8
0
10
48.2319
20
42.77
30
0
0
VERTEX
8
0
10
48.268100000000004
20
42.77
30
0
0
SEQEND
0
POLYLINE
66
1
8
1_copper
10
0.0
20
0.0
30
0.0
70
1
0
VERTEX
8
0
10
68.07184062500001
20
41.571840625
30
0
42
0.15676404749847475
0
VERTEX
8
0
10
68.01652812500001
20
41.600246875
30
0
0
VERTEX
8
0
10
68.007165625
20
41.6010125
30
0
0
VERTEX
8
0
10
68.00415000000001
20
41.601515625000005
30
0
0
VERTEX
8
0
10
68.00260625
20
41.6013875
30
0
0
VERTEX
8
0
10
68
20
41.601600000000005
30
0
0
VERTEX
8
0
10
60.300000000000004
20
41.601600000000005
30
0
0
VERTEX
8
0
10
60.2936625
20
41.600809375000004
30
0
42
0.1407252340376049
0
VERTEX
8
0
10
60.2408
20
41.582571875
30
0
0
VERTEX
8
0
10
60.233634375
20
41.5764875
30
0
0
VERTEX
8
0
10
60.231153125000006
20
41.574715625
30
0
0
VERTEX
8
0
10
60.23015
20
41.57353125
30
0
0
VERTEX
8
0
10
60.228159375000004
20
41.571840625
30
0
0
VERTEX
8
0
10
58.637918750000004
20
39.9816
30
0
0
VERTEX
8
0
10
57.16208125
20
39.9816
30
0
0
VERTEX
8
0
10
56.101600000000005
20
41.04208125
30
0
0
VERTEX
8
0
10
56.101600000000005
20
44.75
30
0
0
VERTEX
8
0
10
56.100809375000004
20
44.7563375
30
0
42
0.1407252340376049
0
VERTEX
8
0
10
56.082571875
20
44.809200000000004
30
0
0
VERTEX
8
0
10
56.076487500000006
20
44.816365625
30
0
0
VERTEX
8
0
10
56.074715625
20
44.818846875000006
30
0
0
VERTEX
8
0
10
56.07353125
20
44.81985
30
0
0
VERTEX
8
0
10
56.071840625
20
44.821840625
30
0
0
VERTEX
8
0
10
54.717765625000006
20
46.175915625
30
0
0
VERTEX
8
0
10
54.724337500000004
20
46.196140625000005
30
0
42
0.9999999999999999
0
VERTEX
8
0
10
54.2756625
20
46.303859375
30
0
0
VERTEX
8
0
10
54.27
20
46.268100000000004
30
0
42
0.5095244921166611
0
VERTEX
8
0
10
54.553859375
20
46.0256625
30
0
0
VERTEX
8
0
10
54.574084375000005
20
46.032234375
30
0
0
VERTEX
8
0
10
55.8984
20
44.707918750000005
30
0
0
VERTEX
8
0
10
55.8984
20
41
30
0
0
VERTEX
8
0
10
55.899190625
20
40.9936625
30
0
42
0.1407252340376049
0
VERTEX
8
0
10
55.917428125
20
40.9408
30
0
0
VERTEX
8
0
10
55.9235125
20
40.933634375000004
30
0
0
VERTEX
8
0
10
55.925284375000004
20
40.931153125
30
0
0
VERTEX
8
0
10
55.926468750000005
20
40.930150000000005
30
0
0
VERTEX
8
0
10
55.928159375
20
40.928159375
30
0
0
VERTEX
8
0
10
57.048159375000004
20
39.808159375
30
0
0
VERTEX
8
0
10
57.0531875
20
39.804246875000004
30
0
42
0.14075965647395222
0
VERTEX
8
0
10
57.103471875000004
20
39.779753125
30
0
0
VERTEX
8
0
10
57.112834375000006
20
39.7789875
30
0
0
VERTEX
8
0
10
57.11585
20
39.778484375000005
30
0
0
VERTEX
8
0
10
57.117393750000005
20
39.7786125
30
0
0
VERTEX
8
0
10
57.120000000000005
20
39.778400000000005
30
0
0
VERTEX
8
0
10
58.68
20
39.778400000000005
30
0
0
VERTEX
8
0
10
58.6863375
20
39.779190625000005
30
0
42
0.1407252340376049
0
VERTEX
8
0
10
58.739200000000004
20
39.797428125
30
0
0
VERTEX
8
0
10
58.746365625
20
39.803512500000004
30
0
0
VERTEX
8
0
10
58.748846875000005
20
39.805284375
30
0
0
VERTEX
8
0
10
58.74985
20
39.80646875
30
0
0
VERTEX
8
0
10
58.751840625
20
39.808159375
30
0
0
VERTEX
8
0
10
60.34208125
20
41.3984
30
0
0
VERTEX
8
0
10
67.95791875
20
41.3984
30
0
0
VERTEX
8
0
10
69.548159375
20
39.808159375
30
0
0
VERTEX
8
0
10
69.5531875
20
39.804246875000004
30
0
42
0.14075965647395222
0
VERTEX
8
0
10
69.603471875
20
39.779753125
30
0
0
VERTEX
8
0
10
69.612834375
20
39.7789875
30
0
0
VERTEX
8
0
10
69.61585000000001
20
39.778484375000005
30
0
0
VERTEX
8
0
10
69.61739375
20
39.7786125
30
0
0
VERTEX
8
0
10
69.62
20
39.778400000000005
30
0
0
VERTEX
8
0
10
70.72
20
39.778400000000005
30
0
0
VERTEX
8
0
10
70.7263375
20
39.779190625000005
30
0
42
0.1407252340376049
0
VERTEX
8
0
10
70.7792
20
39.797428125
30
0
0
VERTEX
8
0
10
70.786365625
20
39.803512500000004
30
0
0
VERTEX
8
0
10
70.788846875
20
39.805284375
30
0
0
VERTEX
8
0
10
70.78985
20
39.80646875
30
0
0
VERTEX
8
0
10
70.791840625
20
39.808159375
30
0
0
VERTEX
8
0
10
71.63208125
20
40.6484
30
0
0
VERTEX
8
0
10
74.25
20
40.6484
30
0
0
VERTEX
8
0
10
74.2563375
20
40.649190625
30
0
42
0.1407252340376049
0
VERTEX
8
0
10
74.3092
20
40.667428125
30
0
0
VERTEX
8
0
10
74.316365625
20
40.6735125
30
0
0
VERTEX
8
0
10
74.318846875
20
40.675284375000004
30
0
0
VERTEX
8
0
10
74.31985
20
40.676468750000005
30
0
0
VERTEX
8
0
10
74.32184062500001
20
40.678159375
30
0
0
VERTEX
8
0
10
75.04208125000001
20
41.3984
30
0
0
VERTEX
8
0
10
79.80791875
20
41.3984
30
0
0
VERTEX
8
0
10
81.428159375
20
39.778159375
30
0
0
VERTEX
8
0
10
81.4331875
20
39.774246875
30
0
42
0.14075965647395222
0
VERTEX
8
0
10
81.483471875
20
39.749753125000005
30
0
0
VERTEX
8
0
10
81.492834375
20
39.7489875
30
0
0
VERTEX
8
0
10
81.49585
20
39.748484375000004
30
0
0
VERTEX
8
0
10
81.49739375
20
39.7486125
30
0
0
VERTEX
8
0
10
81.5
20
39.748400000000004
30
0
0
VERTEX
8
0
10
82.39
20
39.748400000000004
30
0
0
VERTEX
8
0
10
82.3963375
20
39.749190625000004
30
0
42
0.04638019790171503
0
VERTEX
8
0
10
82.41495625
20
39.751512500000004
30
0
0
VERTEX
8
0
10
82.42090312500001
20
39.753834375000004
30
0
42
0.06173783936023572
0
VERTEX
8
0
10
82.4492
20
39.767428125
30
0
0
VERTEX
8
0
10
82.456365625
20
39.7735125
30
0
0
VERTEX
8
0
10
82.458846875
20
39.775284375000005
30
0
0
VERTEX
8
0
10
82.45985
20
39.77646875
30
0
0
VERTEX
8
0
10
82.46184062500001
20
39.778159375
30
0
0
VERTEX
8
0
10
82.46208125
20
39.778400000000005
30
0
0
VERTEX
8
0
10
83.13000000000001
20
39.778400000000005
30
0
0
VERTEX
8
0
10
83.13633750000001
20
39.779190625000005
30
0
42
0.1407252340376049
0
VERTEX
8
0
10
83.1892
20
39.797428125
30
0
0
VERTEX
8
0
10
83.196365625
20
39.803512500000004
30
0
0
VERTEX
8
0
10
83.198846875
20
39.805284375
30
0
0
VERTEX
8
0
10
83.19985
20
39.80646875
30
0
0
VERTEX
8
0
10
83.201840625
20
39.808159375
30
0
0
VERTEX
8
0
10
84.79208125000001
20
41.3984
30
0
0
VERTEX
8
0
10
94.45791875
20
41.3984
30
0
0
VERTEX
8
0
10
94.89840000000001
20
40.957918750000005
30
0
0
VERTEX
8
0
10
94.89840000000001
20
40
30
0
0
VERTEX
8
0
10
94.899190625
20
39.9936625
30
0
42
0.1407252340376049
0
VERTEX
8
0
10
94.917428125
20
39.9408
30
0
0
VERTEX
8
0
10
94.9235125
20
39.933634375000004
30
0
0
VERTEX
8
0
10
94.925284375
20
39.931153125
30
0
0
VERTEX
8
0
10
94.92646875
20
39.930150000000005
30
0
0
VERTEX
8
0
10
94.928159375
20
39.928159375
30
0
0
VERTEX
8
0
10
95.04815937500001
20
39.808159375
30
0
0
VERTEX
8
0
10
95.06800625000001
20
39.7927125
30
0
42
0.8128176307274321
0
VERTEX
8
0
10
95.202571875
20
39.9392
30
0
0
VERTEX
8
0
10
95.191840625
20
39.951840625
30
0
0
VERTEX
8
0
10
95.1016
20
40.04208125
30
0
0
VERTEX
8
0
10
95.1016
20
41
30
0
0
VERTEX
8
0
10
95.10080937500001
20
41.0063375
30
0
42
0.1407252340376049
0
VERTEX
8
0
10
95.082571875
20
41.059200000000004
30
0
0
VERTEX
8
0
10
95.0764875
20
41.066365625
30
0
0
VERTEX
8
0
10
95.07471562500001
20
41.068846875
30
0
0
VERTEX
8
0
10
95.07353125
20
41.06985
30
0
0
VERTEX
8
0
10
95.07184062500001
20
41.071840625
30
0
0
VERTEX
8
0
10
94.57184062500001
20
41.571840625
30
0
0
VERTEX
8
0
10
94.5668125
20
41.575753125
30
0
42
0.14075965647395222
0
VERTEX
8
0
10
94.51652812500001
20
41.600246875
30
0
0
VERTEX
8
0
10
94.507165625
20
41.6010125
30
0
0
VERTEX
8
0
10
94.50415000000001
20
41.601515625000005
30
0
0
VERTEX
8
0
10
94.50260625
20
41.6013875
30
0
0
VERTEX
8
0
10
94.5
20
41.601600000000005
30
0
0
VERTEX
8
0
10
84.75
20
41.601600000000005
30
0
0
VERTEX
8
0
10
84.7436625
20
41.600809375000004
30
0
42
0.1407252340376049
0
VERTEX
8
0
10
84.69080000000001
20
41.582571875
30
0
0
VERTEX
8
0
10
84.68363437500001
20
41.5764875
30
0
0
VERTEX
8
0
10
84.68115312500001
20
41.574715625
30
0
0
VERTEX
8
0
10
84.68015
20
41.57353125
30
0
0
VERTEX
8
0
10
84.678159375
20
41.571840625
30
0
0
VERTEX
8
0
10
83.08791875
20
39.9816
30
0
0
VERTEX
8
0
10
82.42
20
39.9816
30
0
0
VERTEX
8
0
10
82.4136625
20
39.980809375
30
0
42
0.1407252340376049
0
VERTEX
8
0
10
82.3608
20
39.962571875
30
0
0
VERTEX
8
0
10
82.353634375
20
39.9564875
30
0
0
VERTEX
8
0
10
82.35115312500001
20
39.954715625
30
0
0
VERTEX
8
0
10
82.35015
20
39.953531250000005
30
0
0
VERTEX
8
0
10
82.34815937500001
20
39.951840625
30
0
0
VERTEX
8
0
10
82.34791875
20
39.9516
30
0
0
VERTEX
8
0
10
81.54208125000001
20
39.9516
30
0
0
VERTEX
8
0
10
79.921840625
20
41.571840625
30
0
0
VERTEX
8
0
10
79.9168125
20
41.575753125
30
0
42
0.14075965647395222
0
VERTEX
8
0
10
79.866528125
20
41.600246875
30
0
0
VERTEX
8
0
10
79.85716562500001
20
41.6010125
30
0
0
VERTEX
8
0
10
79.85415
20
41.601515625000005
30
0
0
VERTEX
8
0
10
79.85260625000001
20
41.6013875
30
0
0
VERTEX
8
0
10
79.85000000000001
20
41.601600000000005
30
0
0
VERTEX
8
0
10
75
20
41.601600000000005
30
0
0
VERTEX
8
0
10
74.9936625
20
41.600809375000004
30
0
42
0.1407252340376049
0
VERTEX
8
0
10
74.94080000000001
20
41.582571875
30
0
0
VERTEX
8
0
10
74.933634375
20
41.5764875
30
0
0
VERTEX
8
0
10
74.93115312500001
20
41.574715625
30
0
0
VERTEX
8
0
10
74.93015
20
41.57353125
30
0
0
VERTEX
8
0
10
74.928159375
20
41.571840625
30
0
0
VERTEX
8
0
10
74.20791875
20
40.851600000000005
30
0
0
VERTEX
8
0
10
71.59
20
40.851600000000005
30
0
0
VERTEX
8
0
10
71.5836625
20
40.850809375000004
30
0
42
0.1407252340376049
0
VERTEX
8
0
10
71.5308
20
40.832571875
30
0
0
VERTEX
8
0
10
71.523634375
20
40.8264875
30
0
0
VERTEX
8
0
10
71.521153125
20
40.824715625
30
0
0
VERTEX
8
0
10
71.52015
20
40.82353125
30
0
0
VERTEX
8
0
10
71.51815937500001
20
40.821840625
30
0
0
VERTEX
8
0
10
70.67791875
20
39.9816
30
0
0
VERTEX
8
0
10
69.66208125
20
39.9816
30
0
0
SEQEND
0
POLYLINE
66
1
8
1_copper
10
0.0
20
0.0
30
0.0
70
1
0
VERTEX
8
0
10
32.452253125
20
39.78365625
30
0
42
0.1247293199775509
0
VERTEX
8
0
10
32.49424375
20
39.810640625000005
30
0
0
VERTEX
8
0
10
32.504537500000005
20
39.82364375
30
0
0
VERTEX
8
0
10
32.5789625
20
39.93528125
30
0
0
VERTEX
8
0
10
38.425915625
20
45.782234375
30
0
0
VERTEX
8
0
10
38.446140625000005
20
45.7756625
30
0
42
0.9999999999999999
0
VERTEX
8
0
10
38.553859375
20
46.224337500000004
30
0
0
VERTEX
8
0
10
38.518100000000004
20
46.230000000000004
30
0
42
0.5095244921166611
0
VERTEX
8
0
10
38.2756625
20
45.946140625000005
30
0
0
VERTEX
8
0
10
38.282234375
20
45.925915625
30
0
0
VERTEX
8
0
10
32.428159375
20
40.071840625
30
0
0
VERTEX
8
0
10
32.427103125
20
40.07048125
30
0
0
VERTEX
8
0
10
32.42575625
20
40.069359375000005
30
0
0
VERTEX
8
0
10
32.415462500000004
20
40.05635625
30
0
0
VERTEX
8
0
10
32.3354625
20
39.93635625
30
0
0
VERTEX
8
0
10
32.324209375
20
39.913865625
30
0
42
0.5415925390114239
0
VERTEX
8
0
10
32.427596875
20
39.778684375000005
30
0
0
SEQEND
0
POLYLINE
66
1
8
16_copper
10
0.0
20
0.0
30
0.0
70
1
0
VERTEX
8
0
10
38.553859375
20
45.7756625
30
0
42
0.4142135623730951
0
VERTEX
8
0
10
38.724337500000004
20
46.053859375
30
0
0
VERTEX
8
0
10
38.717765625
20
46.074084375000005
30
0
0
VERTEX
8
0
10
38.79208125
20
46.1484
30
0
0
VERTEX
8
0
10
50.25
20
46.1484
30
0
0
VERTEX
8
0
10
50.2563375
20
46.149190625
30
0
42
0.1407252340376049
0
VERTEX
8
0
10
50.309200000000004
20
46.167428125
30
0
0
VERTEX
8
0
10
50.316365625
20
46.1735125
30
0
0
VERTEX
8
0
10
50.318846875000006
20
46.175284375000004
30
0
0
VERTEX
8
0
10
50.31985
20
46.176468750000005
30
0
0
VERTEX
8
0
10
50.321840625
20
46.178159375
30
0
0
VERTEX
8
0
10
52.79208125
20
48.6484
30
0
0
VERTEX
8
0
10
54.207918750000005
20
48.6484
30
0
0
VERTEX
8
0
10
54.3984
20
48.457918750000005
30
0
0
VERTEX
8
0
10
54.3984
20
46.45636875
30
0
0
VERTEX
8
0
10
54.379453125000005
20
46.446712500000004
30
0
42
0.11835536384516605
0
VERTEX
8
0
10
54.3032875
20
46.370546875
30
0
0
VERTEX
8
0
10
54.293631250000004
20
46.351600000000005
30
0
0
VERTEX
8
0
10
54.04208125
20
46.351600000000005
30
0
0
VERTEX
8
0
10
53.82868125
20
46.565000000000005
30
0
0
VERTEX
8
0
10
54.0942
20
46.565000000000005
30
0
0
VERTEX
8
0
10
54.0942
20
47.165
30
0
0
VERTEX
8
0
10
52.894200000000005
20
47.165
30
0
0
VERTEX
8
0
10
52.894200000000005
20
46.565000000000005
30
0
0
VERTEX
8
0
10
53.54131875
20
46.565000000000005
30
0
0
VERTEX
8
0
10
53.928159375
20
46.178159375
30
0
0
VERTEX
8
0
10
53.9331875
20
46.174246875
30
0
42
0.14075965647395222
0
VERTEX
8
0
10
53.983471875
20
46.149753125000004
30
0
0
VERTEX
8
0
10
53.992834375
20
46.148987500000004
30
0
0
VERTEX
8
0
10
53.995850000000004
20
46.148484375
30
0
0
VERTEX
8
0
10
53.99739375
20
46.1486125
30
0
0
VERTEX
8
0
10
54
20
46.1484
30
0
0
VERTEX
8
0
10
54.293631250000004
20
46.1484
30
0
0
VERTEX
8
0
10
54.3032875
20
46.129453125000005
30
0
42
0.9999999999999999
0
VERTEX
8
0
10
54.696712500000004
20
46.370546875
30
0
0
VERTEX
8
0
10
54.675434375
20
46.399834375000005
30
0
42
0.07870110872929215
0
VERTEX
8
0
10
54.620546875
20
46.446712500000004
30
0
0
VERTEX
8
0
10
54.601600000000005
20
46.45636875
30
0
0
VERTEX
8
0
10
54.601600000000005
20
48.5
30
0
0
VERTEX
8
0
10
54.600809375000004
20
48.5063375
30
0
42
0.1407252340376049
0
VERTEX
8
0
10
54.582571875
20
48.559200000000004
30
0
0
VERTEX
8
0
10
54.576487500000006
20
48.566365625
30
0
0
VERTEX
8
0
10
54.574715625
20
48.568846875000006
30
0
0
VERTEX
8
0
10
54.57353125
20
48.56985
30
0
0
VERTEX
8
0
10
54.571840625
20
48.571840625
30
0
0
VERTEX
8
0
10
54.321840625
20
48.821840625
30
0
0
VERTEX
8
0
10
54.316812500000005
20
48.825753125000006
30
0
42
0.14075965647395222
0
VERTEX
8
0
10
54.266528125
20
48.850246875
30
0
0
VERTEX
8
0
10
54.257165625000006
20
48.8510125
30
0
0
VERTEX
8
0
10
54.25415
20
48.851515625000005
30
0
0
VERTEX
8
0
10
54.25260625
20
48.8513875
30
0
0
VERTEX
8
0
10
54.25
20
48.851600000000005
30
0
0
VERTEX
8
0
10
52.75
20
48.851600000000005
30
0
0
VERTEX
8
0
10
52.7436625
20
48.850809375000004
30
0
42
0.1407252340376049
0
VERTEX
8
0
10
52.6908
20
48.832571875
30
0
0
VERTEX
8
0
10
52.683634375000004
20
48.8264875
30
0
0
VERTEX
8
0
10
52.681153125
20
48.824715625
30
0
0
VERTEX
8
0
10
52.680150000000005
20
48.82353125
30
0
0
VERTEX
8
0
10
52.678159375
20
48.821840625
30
0
0
VERTEX
8
0
10
50.207918750000005
20
46.351600000000005
30
0
0
VERTEX
8
0
10
38.75
20
46.351600000000005
30
0
0
VERTEX
8
0
10
38.7436625
20
46.350809375000004
30
0
42
0.1407252340376049
0
VERTEX
8
0
10
38.6908
20
46.332571875
30
0
0
VERTEX
8
0
10
38.683634375000004
20
46.3264875
30
0
0
VERTEX
8
0
10
38.681153125
20
46.324715625
30
0
0
VERTEX
8
0
10
38.680150000000005
20
46.32353125
30
0
0
VERTEX
8
0
10
38.678159375
20
46.321840625
30
0
0
VERTEX
8
0
10
38.574084375000005
20
46.217765625000006
30
0
0
VERTEX
8
0
10
38.553859375
20
46.224337500000004
30
0
42
0.9999999999999999
0
VERTEX
8
0
10
38.446140625000005
20
45.7756625
30
0
0
VERTEX
8
0
10
38.4819
20
45.77
30
0
0
VERTEX
8
0
10
38.518100000000004
20
45.77
30
0
0
SEQEND
0
POLYLINE
66
1
8
1_copper
10
0.0
20
0.0
30
0.0
70
1
0
VERTEX
8
0
10
54.904871875000005
20
39.781490625
30
0
42
0.5415873802595239
0
VERTEX
8
0
10
54.960140625
20
39.94245
30
0
0
VERTEX
8
0
10
54.948912500000006
20
39.95465625
30
0
0
VERTEX
8
0
10
54.851600000000005
20
40.044484375
30
0
0
VERTEX
8
0
10
54.851600000000005
20
44.75
30
0
0
VERTEX
8
0
10
54.850809375000004
20
44.7563375
30
0
42
0.1407252340376049
0
VERTEX
8
0
10
54.832571875
20
44.809200000000004
30
0
0
VERTEX
8
0
10
54.826487500000006
20
44.816365625
30
0
0
VERTEX
8
0
10
54.824715625
20
44.818846875000006
30
0
0
VERTEX
8
0
10
54.82353125
20
44.81985
30
0
0
VERTEX
8
0
10
54.821840625
20
44.821840625
30
0
0
VERTEX
8
0
10
54.717765625000006
20
44.925915625
30
0
0
VERTEX
8
0
10
54.724337500000004
20
44.946140625000005
30
0
42
0.9999999999999999
0
VERTEX
8
0
10
54.2756625
20
45.053859375
30
0
0
VERTEX
8
0
10
54.27
20
45.018100000000004
30
0
42
0.5095244921166611
0
VERTEX
8
0
10
54.553859375
20
44.7756625
30
0
0
VERTEX
8
0
10
54.574084375000005
20
44.782234375
30
0
0
VERTEX
8
0
10
54.6484
20
44.707918750000005
30
0
0
VERTEX
8
0
10
54.6484
20
40
30
0
0
VERTEX
8
0
10
54.649440625000004
20
39.991646875
30
0
0
VERTEX
8
0
10
54.649790625
20
39.983250000000005
30
0
42
0.12472684400237541
0
VERTEX
8
0
10
54.669859375
20
39.93755
30
0
0
VERTEX
8
0
10
54.673684375
20
39.933390625
30
0
42
0.013385976399399266
0
VERTEX
8
0
10
54.67735625
20
39.9294
30
0
0
VERTEX
8
0
10
54.681087500000004
20
39.92534375
30
0
0
VERTEX
8
0
10
54.8110875
20
39.80534375
30
0
0
VERTEX
8
0
10
54.8315375
20
39.790703125
30
0
42
0.12473328772497974
0
VERTEX
8
0
10
54.8799125
20
39.778400000000005
30
0
0
SEQEND
0
POLYLINE
66
1
8
16_copper
10
0.0
20
0.0
30
0.0
70
1
0
VERTEX
8
0
10
54.553859375
20
44.7756625
30
0
42
0.9999999999999999
0
VERTEX
8
0
10
54.446140625000005
20
45.224337500000004
30
0
0
VERTEX
8
0
10
54.411709375
20
45.21315
30
0
42
0.15838217860281115
0
VERTEX
8
0
10
54.3032875
20
45.120546875
30
0
0
VERTEX
8
0
10
54.293631250000004
20
45.101600000000005
30
0
0
VERTEX
8
0
10
54.04208125
20
45.101600000000005
30
0
0
VERTEX
8
0
10
53.848681250000006
20
45.295
30
0
0
VERTEX
8
0
10
54.0942
20
45.295
30
0
0
VERTEX
8
0
10
54.0942
20
45.895
30
0
0
VERTEX
8
0
10
52.894200000000005
20
45.895
30
0
0
VERTEX
8
0
10
52.894200000000005
20
45.295
30
0
0
VERTEX
8
0
10
53.561318750000005
20
45.295
30
0
0
VERTEX
8
0
10
53.928159375
20
44.928159375
30
0
0
VERTEX
8
0
10
53.9331875
20
44.924246875
30
0
42
0.14075965647395222
0
VERTEX
8
0
10
53.983471875
20
44.899753125000004
30
0
0
VERTEX
8
0
10
53.992834375
20
44.898987500000004
30
0
0
VERTEX
8
0
10
53.995850000000004
20
44.898484375
30
0
0
VERTEX
8
0
10
53.99739375
20
44.8986125
30
0
0
VERTEX
8
0
10
54
20
44.8984
30
0
0
VERTEX
8
0
10
54.293631250000004
20
44.8984
30
0
0
VERTEX
8
0
10
54.3032875
20
44.879453125000005
30
0
42
0.28202624769580686
0
VERTEX
8
0
10
54.518100000000004
20
44.77
30
0
0
SEQEND
0
POLYLINE
66
1
8
16_copper
10
0.0
20
0.0
30
0.0
70
1
0
VERTEX
8
0
10
30.07330625
20
39.820375
30
0
0
VERTEX
8
0
10
29.954656250000003
20
39.9489125
30
0
0
VERTEX
8
0
10
29.935440625000002
20
39.965140625000004
30
0
42
0.8128063889824926
0
VERTEX
8
0
10
29.795128125
20
39.82415
30
0
0
VERTEX
8
0
10
29.805343750000002
20
39.8110875
30
0
0
VERTEX
8
0
10
29.92534375
20
39.681087500000004
30
0
0
VERTEX
8
0
10
29.926509375000002
20
39.680103125
30
0
0
VERTEX
8
0
10
29.928159375
20
39.678159375
30
0
0
VERTEX
8
0
10
30.504718750000002
20
39.101600000000005
30
0
0
VERTEX
8
0
10
16.042081250000003
20
39.101600000000005
30
0
0
VERTEX
8
0
10
15.321840625
20
39.821840625
30
0
0
VERTEX
8
0
10
15.319128125
20
39.823953125
30
0
0
VERTEX
8
0
10
15.316818750000001
20
39.8265375
30
0
0
VERTEX
8
0
10
15.303478125000002
20
39.8363875
30
0
0
VERTEX
8
0
10
15.093478125
20
39.9663875
30
0
0
VERTEX
8
0
10
15.070618750000001
20
39.976875
30
0
42
0.8128105129697704
0
VERTEX
8
0
10
14.973181250000001
20
39.8034625
30
0
0
VERTEX
8
0
10
14.986521875000001
20
39.7936125
30
0
0
VERTEX
8
0
10
15.18650625
20
39.6698125
30
0
0
VERTEX
8
0
10
15.75471875
20
39.101600000000005
30
0
0
VERTEX
8
0
10
5.79208125
20
39.101600000000005
30
0
0
VERTEX
8
0
10
5.07330625
20
39.820375
30
0
0
VERTEX
8
0
10
4.95465625
20
39.9489125
30
0
0
VERTEX
8
0
10
4.935440625
20
39.965140625000004
30
0
42
0.8128063889824926
0
VERTEX
8
0
10
4.795128125000001
20
39.82415
30
0
0
VERTEX
8
0
10
4.8053437500000005
20
39.8110875
30
0
0
VERTEX
8
0
10
4.925343750000001
20
39.681087500000004
30
0
0
VERTEX
8
0
10
4.926509375
20
39.680103125
30
0
0
VERTEX
8
0
10
4.928159375
20
39.678159375
30
0
0
VERTEX
8
0
10
5.678159375
20
38.928159375
30
0
0
VERTEX
8
0
10
5.6831875
20
38.924246875
30
0
42
0.14075965647395222
0
VERTEX
8
0
10
5.733471875
20
38.899753125000004
30
0
0
VERTEX
8
0
10
5.742834375
20
38.898987500000004
30
0
0
VERTEX
8
0
10
5.74585
20
38.898484375
30
0
0
VERTEX
8
0
10
5.7473937500000005
20
38.8986125
30
0
0
VERTEX
8
0
10
5.75
20
38.8984
30
0
0
VERTEX
8
0
10
89.25
20
38.8984
30
0
0
VERTEX
8
0
10
89.2563375
20
38.899190625
30
0
42
0.1407252340376049
0
VERTEX
8
0
10
89.3092
20
38.917428125
30
0
0
VERTEX
8
0
10
89.316365625
20
38.9235125
30
0
0
VERTEX
8
0
10
89.318846875
20
38.925284375000004
30
0
0
VERTEX
8
0
10
89.31985
20
38.926468750000005
30
0
0
VERTEX
8
0
10
89.32184062500001
20
38.928159375
30
0
0
VERTEX
8
0
10
90.07184062500001
20
39.678159375
30
0
0
VERTEX
8
0
10
90.074196875
20
39.681184375
30
0
0
VERTEX
8
0
10
90.07704375
20
39.68376875
30
0
42
0.06212310762021846
0
VERTEX
8
0
10
90.090953125
20
39.704721875000004
30
0
0
VERTEX
8
0
10
90.09710625000001
20
39.720121875000004
30
0
0
VERTEX
8
0
10
90.13710625
20
39.850121875
30
0
0
VERTEX
8
0
10
90.14147187500001
20
39.874890625
30
0
42
0.8128054666573057
0
VERTEX
8
0
10
89.94904687500001
20
39.925278125
30
0
0
VERTEX
8
0
10
89.94289375000001
20
39.909878125
30
0
0
VERTEX
8
0
10
89.91031562500001
20
39.803996875
30
0
0
VERTEX
8
0
10
89.20791875
20
39.101600000000005
30
0
0
VERTEX
8
0
10
80.79208125000001
20
39.101600000000005
30
0
0
VERTEX
8
0
10
80.07330625
20
39.820375
30
0
0
VERTEX
8
0
10
79.95465625
20
39.9489125
30
0
0
VERTEX
8
0
10
79.935440625
20
39.965140625000004
30
0
42
0.8128063889824926
0
VERTEX
8
0
10
79.795128125
20
39.82415
30
0
0
VERTEX
8
0
10
79.80534375
20
39.8110875
30
0
0
VERTEX
8
0
10
79.92534375000001
20
39.681087500000004
30
0
0
VERTEX
8
0
10
79.92650937500001
20
39.680103125
30
0
0
VERTEX
8
0
10
79.928159375
20
39.678159375
30
0
0
VERTEX
8
0
10
80.50471875000001
20
39.101600000000005
30
0
0
VERTEX
8
0
10
64.49528125
20
39.101600000000005
30
0
0
VERTEX
8
0
10
65.07184062500001
20
39.678159375
30
0
0
VERTEX
8
0
10
65.074196875
20
39.681184375
30
0
0
VERTEX
8
0
10
65.07704375
20
39.68376875
30
0
42
0.06212310762021846
0
VERTEX
8
0
10
65.090953125
20
39.704721875000004
30
0
0
VERTEX
8
0
10
65.09710625000001
20
39.720121875000004
30
0
0
VERTEX
8
0
10
65.13710625
20
39.850121875
30
0
0
VERTEX
8
0
10
65.14147187500001
20
39.874890625
30
0
42
0.8128054666573057
0
VERTEX
8
0
10
64.94904687500001
20
39.925278125
30
0
0
VERTEX
8
0
10
64.94289375
20
39.909878125
30
0
0
VERTEX
8
0
10
64.91031562500001
20
39.803996875
30
0
0
VERTEX
8
0
10
64.20791875
20
39.101600000000005
30
0
0
VERTEX
8
0
10
55.79208125
20
39.101600000000005
30
0
0
VERTEX
8
0
10
55.07330625
20
39.820375
30
0
0
VERTEX
8
0
10
54.95465625
20
39.9489125
30
0
0
VERTEX
8
0
10
54.935440625000005
20
39.965140625000004
30
0
42
0.8128063889824926
0
VERTEX
8
0
10
54.795128125000005
20
39.82415
30
0
0
VERTEX
8
0
10
54.805343750000006
20
39.8110875
30
0
0
VERTEX
8
0
10
54.92534375
20
39.681087500000004
30
0
0
VERTEX
8
0
10
54.926509375
20
39.680103125
30
0
0
VERTEX
8
0
10
54.928159375
20
39.678159375
30
0
0
VERTEX
8
0
10
55.50471875
20
39.101600000000005
30
0
0
VERTEX
8
0
10
41.04208125
20
39.101600000000005
30
0
0
VERTEX
8
0
10
40.321840625
20
39.821840625
30
0
0
VERTEX
8
0
10
40.319128125
20
39.823953125
30
0
0
VERTEX
8
0
10
40.31681875
20
39.8265375
30
0
0
VERTEX
8
0
10
40.303478125000005
20
39.8363875
30
0
0
VERTEX
8
0
10
40.093478125000004
20
39.9663875
30
0
0
VERTEX
8
0
10
40.07061875
20
39.976875
30
0
42
0.8128105129697704
0
VERTEX
8
0
10
39.97318125
20
39.8034625
30
0
0
VERTEX
8
0
10
39.986521875
20
39.7936125
30
0
0
VERTEX
8
0
10
40.18650625
20
39.6698125
30
0
0
VERTEX
8
0
10
40.75471875
20
39.101600000000005
30
0
0
VERTEX
8
0
10
30.792081250000003
20
39.101600000000005
30
0
0
SEQEND
0
POLYLINE
66
1
8
16_copper
10
0.0
20
0.0
30
0.0
70
1
0
VERTEX
8
0
10
62.3984
20
39.88
30
0
42
0.9214625600092518
0
VERTEX
8
0
10
62.600246875
20
39.863471875
30
0
0
VERTEX
8
0
10
62.601600000000005
20
39.88
30
0
0
VERTEX
8
0
10
62.601600000000005
20
40
30
0
0
VERTEX
8
0
10
62.600809375000004
20
40.0063375
30
0
42
0.1407252340376049
0
VERTEX
8
0
10
62.582571875000006
20
40.059200000000004
30
0
0
VERTEX
8
0
10
62.576487500000006
20
40.066365625
30
0
0
VERTEX
8
0
10
62.574715625
20
40.068846875
30
0
0
VERTEX
8
0
10
62.57353125
20
40.06985
30
0
0
VERTEX
8
0
10
62.571840625
20
40.071840625
30
0
0
VERTEX
8
0
10
61.995281250000005
20
40.6484
30
0
0
VERTEX
8
0
10
78.00471875000001
20
40.6484
30
0
0
VERTEX
8
0
10
77.433278125
20
40.076959375
30
0
0
VERTEX
8
0
10
77.27904062500001
20
39.96128125
30
0
0
VERTEX
8
0
10
77.260940625
20
39.943815625
30
0
42
0.8128061230196819
0
VERTEX
8
0
10
77.386925
20
39.7898875
30
0
0
VERTEX
8
0
10
77.400959375
20
39.79871875
30
0
0
VERTEX
8
0
10
77.56095937500001
20
39.918718750000004
30
0
0
VERTEX
8
0
10
77.562709375
20
39.92040625
30
0
0
VERTEX
8
0
10
77.57184062500001
20
39.928159375
30
0
0
VERTEX
8
0
10
78.29208125000001
20
40.6484
30
0
0
VERTEX
8
0
10
86.70791875
20
40.6484
30
0
0
VERTEX
8
0
10
87.39840000000001
20
39.957918750000005
30
0
0
VERTEX
8
0
10
87.39840000000001
20
39.88
30
0
0
VERTEX
8
0
10
87.40151250000001
20
39.85504375
30
0
42
0.8128116491081416
0
VERTEX
8
0
10
87.60024687500001
20
39.863471875
30
0
0
VERTEX
8
0
10
87.6016
20
39.88
30
0
0
VERTEX
8
0
10
87.6016
20
40
30
0
0
VERTEX
8
0
10
87.600809375
20
40.0063375
30
0
42
0.1407252340376049
0
VERTEX
8
0
10
87.582571875
20
40.059200000000004
30
0
0
VERTEX
8
0
10
87.5764875
20
40.066365625
30
0
0
VERTEX
8
0
10
87.57471562500001
20
40.068846875
30
0
0
VERTEX
8
0
10
87.57353125
20
40.06985
30
0
0
VERTEX
8
0
10
87.57184062500001
20
40.071840625
30
0
0
VERTEX
8
0
10
86.82184062500001
20
40.821840625
30
0
0
VERTEX
8
0
10
86.8168125
20
40.825753125
30
0
42
0.14075965647395222
0
VERTEX
8
0
10
86.76652812500001
20
40.850246875
30
0
0
VERTEX
8
0
10
86.757165625
20
40.8510125
30
0
0
VERTEX
8
0
10
86.75415000000001
20
40.851515625000005
30
0
0
VERTEX
8
0
10
86.75260625
20
40.8513875
30
0
0
VERTEX
8
0
10
86.75
20
40.851600000000005
30
0
0
VERTEX
8
0
10
61.79208125
20
40.851600000000005
30
0
0
VERTEX
8
0
10
58.321840625
20
44.321840625
30
0
0
VERTEX
8
0
10
58.316812500000005
20
44.325753125000006
30
0
42
0.14075965647395222
0
VERTEX
8
0
10
58.266528125
20
44.350246875
30
0
0
VERTEX
8
0
10
58.257165625000006
20
44.3510125
30
0
0
VERTEX
8
0
10
58.25415
20
44.351515625000005
30
0
0
VERTEX
8
0
10
58.25260625
20
44.3513875
30
0
0
VERTEX
8
0
10
58.25
20
44.351600000000005
30
0
0
VERTEX
8
0
10
54.0942
20
44.351600000000005
30
0
0
VERTEX
8
0
10
54.0942
20
44.625
30
0
0
VERTEX
8
0
10
52.894200000000005
20
44.625
30
0
0
VERTEX
8
0
10
52.894200000000005
20
44.101600000000005
30
0
0
VERTEX
8
0
10
51.25
20
44.101600000000005
30
0
0
VERTEX
8
0
10
51.2436625
20
44.100809375000004
30
0
42
0.1407252340376049
0
VERTEX
8
0
10
51.1908
20
44.082571875
30
0
0
VERTEX
8
0
10
51.183634375000004
20
44.0764875
30
0
0
VERTEX
8
0
10
51.181153125
20
44.074715625
30
0
0
VERTEX
8
0
10
51.180150000000005
20
44.07353125
30
0
0
VERTEX
8
0
10
51.178159375
20
44.071840625
30
0
0
VERTEX
8
0
10
47.957918750000005
20
40.851600000000005
30
0
0
VERTEX
8
0
10
3.25
20
40.851600000000005
30
0
0
VERTEX
8
0
10
3.2436625
20
40.850809375000004
30
0
42
0.1407252340376049
0
VERTEX
8
0
10
3.1908000000000003
20
40.832571875
30
0
0
VERTEX
8
0
10
3.183634375
20
40.8264875
30
0
0
VERTEX
8
0
10
3.1811531250000002
20
40.824715625
30
0
0
VERTEX
8
0
10
3.1801500000000003
20
40.82353125
30
0
0
VERTEX
8
0
10
3.1781593750000003
20
40.821840625
30
0
0
VERTEX
8
0
10
2.433278125
20
40.076959375
30
0
0
VERTEX
8
0
10
2.279040625
20
39.96128125
30
0
0
VERTEX
8
0
10
2.260940625
20
39.943815625
30
0
42
0.8128061230196819
0
VERTEX
8
0
10
2.386925
20
39.7898875
30
0
0
VERTEX
8
0
10
2.4009593750000002
20
39.79871875
30
0
0
VERTEX
8
0
10
2.560959375
20
39.918718750000004
30
0
0
VERTEX
8
0
10
2.5627093750000003
20
39.92040625
30
0
0
VERTEX
8
0
10
2.571840625
20
39.928159375
30
0
0
VERTEX
8
0
10
3.2920812500000003
20
40.6484
30
0
0
VERTEX
8
0
10
13.00471875
20
40.6484
30
0
0
VERTEX
8
0
10
12.428159375
20
40.071840625
30
0
0
VERTEX
8
0
10
12.424246875000001
20
40.066812500000005
30
0
42
0.14075965647395222
0
VERTEX
8
0
10
12.399753125
20
40.016528125
30
0
0
VERTEX
8
0
10
12.3989875
20
40.007165625
30
0
0
VERTEX
8
0
10
12.398484375
20
40.00415
30
0
0
VERTEX
8
0
10
12.3986125
20
40.00260625
30
0
0
VERTEX
8
0
10
12.3984
20
40
30
0
0
VERTEX
8
0
10
12.3984
20
39.88
30
0
0
VERTEX
8
0
10
12.4015125
20
39.85504375
30
0
42
0.8128116491081416
0
VERTEX
8
0
10
12.600246875
20
39.863471875
30
0
0
VERTEX
8
0
10
12.601600000000001
20
39.88
30
0
0
VERTEX
8
0
10
12.601600000000001
20
39.957918750000005
30
0
0
VERTEX
8
0
10
13.29208125
20
40.6484
30
0
0
VERTEX
8
0
10
28.004718750000002
20
40.6484
30
0
0
VERTEX
8
0
10
27.433278125
20
40.076959375
30
0
0
VERTEX
8
0
10
27.279040625
20
39.96128125
30
0
0
VERTEX
8
0
10
27.260940625
20
39.943815625
30
0
42
0.8128061230196819
0
VERTEX
8
0
10
27.386925
20
39.7898875
30
0
0
VERTEX
8
0
10
27.400959375000003
20
39.79871875
30
0
0
VERTEX
8
0
10
27.560959375000003
20
39.918718750000004
30
0
0
VERTEX
8
0
10
27.562709375
20
39.92040625
30
0
0
VERTEX
8
0
10
27.571840625
20
39.928159375
30
0
0
VERTEX
8
0
10
28.292081250000003
20
40.6484
30
0
0
VERTEX
8
0
10
38.00471875
20
40.6484
30
0
0
VERTEX
8
0
10
37.428159375
20
40.071840625
30
0
0
VERTEX
8
0
10
37.424246875
20
40.066812500000005
30
0
42
0.14075965647395222
0
VERTEX
8
0
10
37.399753125000004
20
40.016528125
30
0
0
VERTEX
8
0
10
37.398987500000004
20
40.007165625
30
0
0
VERTEX
8
0
10
37.398484375
20
40.00415
30
0
0
VERTEX
8
0
10
37.3986125
20
40.00260625
30
0
0
VERTEX
8
0
10
37.3984
20
40
30
0
0
VERTEX
8
0
10
37.3984
20
39.88
30
0
0
VERTEX
8
0
10
37.4015125
20
39.85504375
30
0
42
0.8128116491081416
0
VERTEX
8
0
10
37.600246875
20
39.863471875
30
0
0
VERTEX
8
0
10
37.601600000000005
20
39.88
30
0
0
VERTEX
8
0
10
37.601600000000005
20
39.957918750000005
30
0
0
VERTEX
8
0
10
38.29208125
20
40.6484
30
0
0
VERTEX
8
0
10
51.207918750000005
20
40.6484
30
0
0
VERTEX
8
0
10
52.048159375000004
20
39.808159375
30
0
0
VERTEX
8
0
10
52.0531875
20
39.804246875000004
30
0
42
0.14075965647395222
0
VERTEX
8
0
10
52.103471875000004
20
39.779753125
30
0
0
VERTEX
8
0
10
52.112834375000006
20
39.7789875
30
0
0
VERTEX
8
0
10
52.11585
20
39.778484375000005
30
0
0
VERTEX
8
0
10
52.117393750000005
20
39.7786125
30
0
0
VERTEX
8
0
10
52.120000000000005
20
39.778400000000005
30
0
0
VERTEX
8
0
10
52.34
20
39.778400000000005
30
0
0
VERTEX
8
0
10
52.364956250000006
20
39.781512500000005
30
0
42
0.8128116491081416
0
VERTEX
8
0
10
52.356528125000004
20
39.980246875
30
0
0
VERTEX
8
0
10
52.34
20
39.9816
30
0
0
VERTEX
8
0
10
52.16208125
20
39.9816
30
0
0
VERTEX
8
0
10
51.321840625
20
40.821840625
30
0
0
VERTEX
8
0
10
51.316812500000005
20
40.825753125
30
0
42
0.14075965647395222
0
VERTEX
8
0
10
51.266528125
20
40.850246875
30
0
0
VERTEX
8
0
10
51.257165625
20
40.8510125
30
0
0
VERTEX
8
0
10
51.25415
20
40.851515625000005
30
0
0
VERTEX
8
0
10
51.25260625
20
40.8513875
30
0
0
VERTEX
8
0
10
51.25
20
40.851600000000005
30
0
0
VERTEX
8
0
10
48.245281250000005
20
40.851600000000005
30
0
0
VERTEX
8
0
10
51.29208125
20
43.8984
30
0
0
VERTEX
8
0
10
53
20
43.8984
30
0
0
VERTEX
8
0
10
53.0063375
20
43.899190625
30
0
42
0.1407252340376049
0
VERTEX
8
0
10
53.059200000000004
20
43.917428125
30
0
0
VERTEX
8
0
10
53.066365625
20
43.9235125
30
0
0
VERTEX
8
0
10
53.068846875000006
20
43.925284375000004
30
0
0
VERTEX
8
0
10
53.06985
20
43.926468750000005
30
0
0
VERTEX
8
0
10
53.071840625
20
43.928159375
30
0
0
VERTEX
8
0
10
53.168681250000006
20
44.025
30
0
0
VERTEX
8
0
10
54.0942
20
44.025
30
0
0
VERTEX
8
0
10
54.0942
20
44.1484
30
0
0
VERTEX
8
0
10
58.207918750000005
20
44.1484
30
0
0
VERTEX
8
0
10
62.3984
20
39.957918750000005
30
0
0
SEQEND
0
POLYLINE
66
1
8
1_copper
10
0.0
20
0.0
30
0.0
70
1
0
VERTEX
8
0
10
52.053859375
20
33.5256625
30
0
42
0.4142135623730951
0
VERTEX
8
0
10
52.224337500000004
20
33.803859375
30
0
0
VERTEX
8
0
10
52.217765625000006
20
33.824084375
30
0
0
VERTEX
8
0
10
53.321840625
20
34.928159375
30
0
0
VERTEX
8
0
10
53.325753125000006
20
34.9331875
30
0
42
0.14075965647395222
0
VERTEX
8
0
10
53.350246875
20
34.983471875
30
0
0
VERTEX
8
0
10
53.3510125
20
34.992834375
30
0
0
VERTEX
8
0
10
53.351515625000005
20
34.995850000000004
30
0
0
VERTEX
8
0
10
53.3513875
20
34.99739375
30
0
0
VERTEX
8
0
10
53.351600000000005
20
35
30
0
0
VERTEX
8
0
10
53.351600000000005
20
35.957918750000005
30
0
0
VERTEX
8
0
10
54.79208125
20
37.3984
30
0
0
VERTEX
8
0
10
57.957918750000005
20
37.3984
30
0
0
VERTEX
8
0
10
59.308159375
20
36.048159375000004
30
0
0
VERTEX
8
0
10
59.313187500000005
20
36.044246875
30
0
42
0.14075965647395222
0
VERTEX
8
0
10
59.363471875
20
36.019753125
30
0
0
VERTEX
8
0
10
59.372834375000004
20
36.0189875
30
0
0
VERTEX
8
0
10
59.37585
20
36.018484375
30
0
0
VERTEX
8
0
10
59.37739375
20
36.0186125
30
0
0
VERTEX
8
0
10
59.38
20
36.0184
30
0
0
VERTEX
8
0
10
59.96
20
36.0184
30
0
0
VERTEX
8
0
10
59.9663375
20
36.019190625
30
0
42
0.1407252340376049
0
VERTEX
8
0
10
60.019200000000005
20
36.037428125000005
30
0
0
VERTEX
8
0
10
60.026365625000004
20
36.0435125
30
0
0
VERTEX
8
0
10
60.028846875000006
20
36.045284375
30
0
0
VERTEX
8
0
10
60.02985
20
36.04646875
30
0
0
VERTEX
8
0
10
60.031840625
20
36.048159375000004
30
0
0
VERTEX
8
0
10
61.632081250000006
20
37.6484
30
0
0
VERTEX
8
0
10
71.95791875
20
37.6484
30
0
0
VERTEX
8
0
10
72.39840000000001
20
37.207918750000005
30
0
0
VERTEX
8
0
10
72.39840000000001
20
36.25
30
0
0
VERTEX
8
0
10
72.3998375
20
36.238465625
30
0
0
VERTEX
8
0
10
72.401046875
20
36.226965625
30
0
42
0.12473764690613712
0
VERTEX
8
0
10
72.42395937500001
20
36.18261875
30
0
0
VERTEX
8
0
10
72.424840625
20
36.181775
30
0
0
VERTEX
8
0
10
72.425284375
20
36.181153125
30
0
0
VERTEX
8
0
10
72.427034375
20
36.179671875000004
30
0
0
VERTEX
8
0
10
72.43593125000001
20
36.171146875000005
30
0
0
VERTEX
8
0
10
72.59593125
20
36.041146875
30
0
0
VERTEX
8
0
10
72.617265625
20
36.027825
30
0
42
0.8128108052890277
0
VERTEX
8
0
10
72.736040625
20
36.18738125
30
0
0
VERTEX
8
0
10
72.72406875
20
36.198853125
30
0
0
VERTEX
8
0
10
72.6016
20
36.298359375000004
30
0
0
VERTEX
8
0
10
72.6016
20
37.25
30
0
0
VERTEX
8
0
10
72.600809375
20
37.2563375
30
0
42
0.1407252340376049
0
VERTEX
8
0
10
72.582571875
20
37.309200000000004
30
0
0
VERTEX
8
0
10
72.5764875
20
37.316365625
30
0
0
VERTEX
8
0
10
72.57471562500001
20
37.318846875
30
0
0
VERTEX
8
0
10
72.57353125
20
37.31985
30
0
0
VERTEX
8
0
10
72.57184062500001
20
37.321840625
30
0
0
VERTEX
8
0
10
72.07184062500001
20
37.821840625
30
0
0
VERTEX
8
0
10
72.0668125
20
37.825753125
30
0
42
0.14075965647395222
0
VERTEX
8
0
10
72.01652812500001
20
37.850246875
30
0
0
VERTEX
8
0
10
72.007165625
20
37.8510125
30
0
0
VERTEX
8
0
10
72.00415000000001
20
37.851515625000005
30
0
0
VERTEX
8
0
10
72.00260625
20
37.8513875
30
0
0
VERTEX
8
0
10
72
20
37.851600000000005
30
0
0
VERTEX
8
0
10
61.59
20
37.851600000000005
30
0
0
VERTEX
8
0
10
61.5836625
20
37.850809375000004
30
0
42
0.1407252340376049
0
VERTEX
8
0
10
61.530800000000006
20
37.832571875
30
0
0
VERTEX
8
0
10
61.523634375
20
37.8264875
30
0
0
VERTEX
8
0
10
61.521153125000005
20
37.824715625
30
0
0
VERTEX
8
0
10
61.52015
20
37.82353125
30
0
0
VERTEX
8
0
10
61.518159375
20
37.821840625
30
0
0
VERTEX
8
0
10
59.917918750000005
20
36.2216
30
0
0
VERTEX
8
0
10
59.422081250000005
20
36.2216
30
0
0
VERTEX
8
0
10
58.071840625
20
37.571840625
30
0
0
VERTEX
8
0
10
58.066812500000005
20
37.575753125
30
0
42
0.14075965647395222
0
VERTEX
8
0
10
58.016528125
20
37.600246875
30
0
0
VERTEX
8
0
10
58.007165625000006
20
37.6010125
30
0
0
VERTEX
8
0
10
58.00415
20
37.601515625000005
30
0
0
VERTEX
8
0
10
58.00260625
20
37.6013875
30
0
0
VERTEX
8
0
10
58
20
37.601600000000005
30
0
0
VERTEX
8
0
10
54.75
20
37.601600000000005
30
0
0
VERTEX
8
0
10
54.7436625
20
37.600809375000004
30
0
42
0.1407252340376049
0
VERTEX
8
0
10
54.6908
20
37.582571875
30
0
0
VERTEX
8
0
10
54.683634375000004
20
37.5764875
30
0
0
VERTEX
8
0
10
54.681153125
20
37.574715625
30
0
0
VERTEX
8
0
10
54.680150000000005
20
37.57353125
30
0
0
VERTEX
8
0
10
54.678159375
20
37.571840625
30
0
0
VERTEX
8
0
10
53.178159375
20
36.071840625
30
0
0
VERTEX
8
0
10
53.174246875
20
36.066812500000005
30
0
42
0.14075965647395222
0
VERTEX
8
0
10
53.149753125000004
20
36.016528125
30
0
0
VERTEX
8
0
10
53.148987500000004
20
36.007165625
30
0
0
VERTEX
8
0
10
53.148484375
20
36.00415
30
0
0
VERTEX
8
0
10
53.148612500000006
20
36.00260625
30
0
0
VERTEX
8
0
10
53.1484
20
36
30
0
0
VERTEX
8
0
10
53.1484
20
35.04208125
30
0
0
VERTEX
8
0
10
52.074084375000005
20
33.967765625
30
0
0
VERTEX
8
0
10
52.053859375
20
33.974337500000004
30
0
42
0.9999999999999999
0
VERTEX
8
0
10
51.946140625000005
20
33.5256625
30
0
0
VERTEX
8
0
10
51.9819
20
33.52
30
0
0
VERTEX
8
0
10
52.018100000000004
20
33.52
30
0
0
SEQEND
0
POLYLINE
66
1
8
1_copper
10
0.0
20
0.0
30
0.0
70
1
0
VERTEX
8
0
10
45.303859375
20
31.525662500000003
30
0
42
0.9999999999999999
0
VERTEX
8
0
10
45.196140625000005
20
31.9743375
30
0
0
VERTEX
8
0
10
45.175915625
20
31.967765625000002
30
0
0
VERTEX
8
0
10
45.101600000000005
20
32.04208125
30
0
0
VERTEX
8
0
10
45.101600000000005
20
34.207918750000005
30
0
0
VERTEX
8
0
10
46.79208125
20
35.8984
30
0
0
VERTEX
8
0
10
47.5
20
35.8984
30
0
0
VERTEX
8
0
10
47.511603125
20
35.899846875
30
0
0
VERTEX
8
0
10
47.523353125
20
35.90111875
30
0
42
0.06212381287000741
0
VERTEX
8
0
10
47.546925
20
35.9098875
30
0
0
VERTEX
8
0
10
47.547784375
20
35.910428125
30
0
0
VERTEX
8
0
10
47.548384375000005
20
35.9106625
30
0
0
VERTEX
8
0
10
47.550065625
20
35.911862500000005
30
0
0
VERTEX
8
0
10
47.560959375
20
35.918718750000004
30
0
0
VERTEX
8
0
10
47.720959375
20
36.03871875
30
0
0
VERTEX
8
0
10
47.739059375000004
20
36.056184375
30
0
42
0.8128061230196819
0
VERTEX
8
0
10
47.613075
20
36.2101125
30
0
0
VERTEX
8
0
10
47.599040625
20
36.20128125
30
0
0
VERTEX
8
0
10
47.466131250000004
20
36.101600000000005
30
0
0
VERTEX
8
0
10
46.75
20
36.101600000000005
30
0
0
VERTEX
8
0
10
46.7436625
20
36.100809375000004
30
0
42
0.1407252340376049
0
VERTEX
8
0
10
46.6908
20
36.082571875
30
0
0
VERTEX
8
0
10
46.683634375000004
20
36.0764875
30
0
0
VERTEX
8
0
10
46.681153125
20
36.074715625
30
0
0
VERTEX
8
0
10
46.680150000000005
20
36.07353125
30
0
0
VERTEX
8
0
10
46.678159375
20
36.071840625
30
0
0
VERTEX
8
0
10
44.928159375
20
34.321840625
30
0
0
VERTEX
8
0
10
44.924246875
20
34.316812500000005
30
0
42
0.14075965647395222
0
VERTEX
8
0
10
44.899753125000004
20
34.266528125
30
0
0
VERTEX
8
0
10
44.898987500000004
20
34.257165625
30
0
0
VERTEX
8
0
10
44.898484375
20
34.25415
30
0
0
VERTEX
8
0
10
44.8986125
20
34.25260625
30
0
0
VERTEX
8
0
10
44.8984
20
34.25
30
0
0
VERTEX
8
0
10
44.8984
20
32
30
0
0
VERTEX
8
0
10
44.899190625
20
31.993662500000003
30
0
42
0.1407252340376049
0
VERTEX
8
0
10
44.917428125
20
31.940800000000003
30
0
0
VERTEX
8
0
10
44.9235125
20
31.933634375
30
0
0
VERTEX
8
0
10
44.925284375000004
20
31.931153125
30
0
0
VERTEX
8
0
10
44.926468750000005
20
31.93015
30
0
0
VERTEX
8
0
10
44.928159375
20
31.928159375
30
0
0
VERTEX
8
0
10
45.032234375
20
31.824084375
30
0
0
VERTEX
8
0
10
45.0256625
20
31.803859375000002
30
0
42
0.5095244921166611
0
VERTEX
8
0
10
45.268100000000004
20
31.520000000000003
30
0
0
SEQEND
0
POLYLINE
66
1
8
1_copper
10
0.0
20
0.0
30
0.0
70
1
0
VERTEX
8
0
10
24.303859375000002
20
32.7756625
30
0
42
0.6681758240280553
0
VERTEX
8
0
10
24.370546875000002
20
33.196712500000004
30
0
0
VERTEX
8
0
10
24.3516
20
33.20636875
30
0
0
VERTEX
8
0
10
24.3516
20
34.5
30
0
0
VERTEX
8
0
10
24.350809375
20
34.5063375
30
0
42
0.1407252340376049
0
VERTEX
8
0
10
24.332571875000003
20
34.559200000000004
30
0
0
VERTEX
8
0
10
24.326487500000002
20
34.566365625
30
0
0
VERTEX
8
0
10
24.324715625
20
34.568846875
30
0
0
VERTEX
8
0
10
24.323531250000002
20
34.56985
30
0
0
VERTEX
8
0
10
24.321840625
20
34.571840625
30
0
0
VERTEX
8
0
10
22.826959375
20
36.066721875
30
0
0
VERTEX
8
0
10
22.74128125
20
36.180959375
30
0
0
VERTEX
8
0
10
22.723815625
20
36.199059375000004
30
0
42
0.8128061230196819
0
VERTEX
8
0
10
22.5698875
20
36.073075
30
0
0
VERTEX
8
0
10
22.57871875
20
36.059040625
30
0
0
VERTEX
8
0
10
22.66871875
20
35.939040625000004
30
0
0
VERTEX
8
0
10
22.670406250000003
20
35.937290625
30
0
0
VERTEX
8
0
10
22.678159375
20
35.928159375
30
0
0
VERTEX
8
0
10
24.148400000000002
20
34.457918750000005
30
0
0
VERTEX
8
0
10
24.148400000000002
20
33.20636875
30
0
0
VERTEX
8
0
10
24.129453125
20
33.196712500000004
30
0
42
0.7883320478279906
0
VERTEX
8
0
10
24.2681
20
32.77
30
0
0
SEQEND
0
POLYLINE
66
1
8
16_copper
10
0.0
20
0.0
30
0.0
70
1
0
VERTEX
8
0
10
47.691034375
20
36.02325625
30
0
42
0.5415957996449827
0
VERTEX
8
0
10
47.736040625
20
36.18738125
30
0
0
VERTEX
8
0
10
47.72406875
20
36.198853125
30
0
0
VERTEX
8
0
10
47.568118750000004
20
36.325562500000004
30
0
0
VERTEX
8
0
10
46.571840625
20
37.321840625
30
0
0
VERTEX
8
0
10
46.566812500000005
20
37.325753125
30
0
42
0.14075965647395222
0
VERTEX
8
0
10
46.516528125
20
37.350246875
30
0
0
VERTEX
8
0
10
46.507165625
20
37.3510125
30
0
0
VERTEX
8
0
10
46.50415
20
37.351515625000005
30
0
0
VERTEX
8
0
10
46.50260625
20
37.3513875
30
0
0
VERTEX
8
0
10
46.5
20
37.351600000000005
30
0
0
VERTEX
8
0
10
36
20
37.351600000000005
30
0
0
VERTEX
8
0
10
35.9936625
20
37.350809375000004
30
0
42
0.1407252340376049
0
VERTEX
8
0
10
35.9408
20
37.332571875
30
0
0
VERTEX
8
0
10
35.933634375000004
20
37.3264875
30
0
0
VERTEX
8
0
10
35.931153125
20
37.324715625
30
0
0
VERTEX
8
0
10
35.930150000000005
20
37.32353125
30
0
0
VERTEX
8
0
10
35.928159375
20
37.321840625
30
0
0
VERTEX
8
0
10
34.928159375
20
36.321840625
30
0
0
VERTEX
8
0
10
34.925803125
20
36.318815625
30
0
0
VERTEX
8
0
10
34.92295625
20
36.31623125
30
0
42
0.06212310762021846
0
VERTEX
8
0
10
34.909046875
20
36.295278125
30
0
0
VERTEX
8
0
10
34.902893750000004
20
36.279878125
30
0
0
VERTEX
8
0
10
34.862893750000005
20
36.149878125
30
0
0
VERTEX
8
0
10
34.858528125
20
36.125109375
30
0
42
0.8128054666573057
0
VERTEX
8
0
10
35.050953125
20
36.074721875
30
0
0
VERTEX
8
0
10
35.057106250000004
20
36.090121875
30
0
0
VERTEX
8
0
10
35.089684375000004
20
36.196003125000004
30
0
0
VERTEX
8
0
10
36.04208125
20
37.1484
30
0
0
VERTEX
8
0
10
46.457918750000005
20
37.1484
30
0
0
VERTEX
8
0
10
47.428159375
20
36.178159375
30
0
0
VERTEX
8
0
10
47.430575000000005
20
36.176278125
30
0
0
VERTEX
8
0
10
47.43593125
20
36.171146875000005
30
0
0
VERTEX
8
0
10
47.59593125
20
36.041146875
30
0
0
VERTEX
8
0
10
47.617265625
20
36.027825
30
0
42
0.12473009142667017
0
VERTEX
8
0
10
47.66631875
20
36.018596875
30
0
0
SEQEND
0
POLYLINE
66
1
8
16_copper
10
0.0
20
0.0
30
0.0
70
1
0
VERTEX
8
0
10
96.5063375
20
34.899190625
30
0
42
0.1407252340376049
0
VERTEX
8
0
10
96.5592
20
34.917428125
30
0
0
VERTEX
8
0
10
96.566365625
20
34.9235125
30
0
0
VERTEX
8
0
10
96.568846875
20
34.925284375000004
30
0
0
VERTEX
8
0
10
96.56985
20
34.926468750000005
30
0
0
VERTEX
8
0
10
96.57184062500001
20
34.928159375
30
0
0
VERTEX
8
0
10
97.566721875
20
35.923040625
30
0
0
VERTEX
8
0
10
97.720959375
20
36.03871875
30
0
0
VERTEX
8
0
10
97.73905937500001
20
36.056184375
30
0
42
0.8128061230196819
0
VERTEX
8
0
10
97.61307500000001
20
36.2101125
30
0
0
VERTEX
8
0
10
97.599040625
20
36.20128125
30
0
0
VERTEX
8
0
10
97.439040625
20
36.08128125
30
0
0
VERTEX
8
0
10
97.437290625
20
36.07959375
30
0
0
VERTEX
8
0
10
97.428159375
20
36.071840625
30
0
0
VERTEX
8
0
10
96.45791875
20
35.101600000000005
30
0
0
VERTEX
8
0
10
86.04208125000001
20
35.101600000000005
30
0
0
VERTEX
8
0
10
85.08880625
20
36.054875
30
0
0
VERTEX
8
0
10
85.0563875
20
36.152128125000004
30
0
0
VERTEX
8
0
10
85.045540625
20
36.174821875
30
0
42
0.8128079451802345
0
VERTEX
8
0
10
84.859671875
20
36.103978125000005
30
0
0
VERTEX
8
0
10
84.8636125
20
36.087871875000005
30
0
0
VERTEX
8
0
10
84.90361250000001
20
35.967871875
30
0
0
VERTEX
8
0
10
84.904759375
20
35.965471875
30
0
0
VERTEX
8
0
10
84.905415625
20
35.962900000000005
30
0
42
0.062132587094330616
0
VERTEX
8
0
10
84.917428125
20
35.9408
30
0
0
VERTEX
8
0
10
84.928159375
20
35.928159375
30
0
0
VERTEX
8
0
10
85.75471875000001
20
35.101600000000005
30
0
0
VERTEX
8
0
10
73.79208125000001
20
35.101600000000005
30
0
0
VERTEX
8
0
10
72.826959375
20
36.066721875
30
0
0
VERTEX
8
0
10
72.74128125
20
36.180959375
30
0
0
VERTEX
8
0
10
72.723815625
20
36.199059375000004
30
0
42
0.8128061230196819
0
VERTEX
8
0
10
72.56988750000001
20
36.073075
30
0
0
VERTEX
8
0
10
72.57871875000001
20
36.059040625
30
0
0
VERTEX
8
0
10
72.66871875
20
35.939040625000004
30
0
0
VERTEX
8
0
10
72.67040625
20
35.937290625
30
0
0
VERTEX
8
0
10
72.678159375
20
35.928159375
30
0
0
VERTEX
8
0
10
73.678159375
20
34.928159375
30
0
0
VERTEX
8
0
10
73.6831875
20
34.924246875
30
0
42
0.14075965647395222
0
VERTEX
8
0
10
73.733471875
20
34.899753125000004
30
0
0
VERTEX
8
0
10
73.742834375
20
34.898987500000004
30
0
0
VERTEX
8
0
10
73.74585
20
34.898484375
30
0
0
VERTEX
8
0
10
73.74739375
20
34.8986125
30
0
0
VERTEX
8
0
10
73.75
20
34.8984
30
0
0
VERTEX
8
0
10
96.5
20
34.8984
30
0
0
SEQEND
0
POLYLINE
66
1
8
16_copper
10
0.0
20
0.0
30
0.0
70
1
0
VERTEX
8
0
10
10.088806250000001
20
36.054875
30
0
0
VERTEX
8
0
10
10.056387500000001
20
36.152128125000004
30
0
0
VERTEX
8
0
10
10.045540625000001
20
36.174821875
30
0
42
0.8128079451802345
0
VERTEX
8
0
10
9.859671875
20
36.103978125000005
30
0
0
VERTEX
8
0
10
9.8636125
20
36.087871875000005
30
0
0
VERTEX
8
0
10
9.903612500000001
20
35.967871875
30
0
0
VERTEX
8
0
10
9.904759375000001
20
35.965471875
30
0
0
VERTEX
8
0
10
9.905415625
20
35.962900000000005
30
0
42
0.062132587094330616
0
VERTEX
8
0
10
9.917428125
20
35.9408
30
0
0
VERTEX
8
0
10
9.928159375
20
35.928159375
30
0
0
VERTEX
8
0
10
11.178159375
20
34.678159375
30
0
0
VERTEX
8
0
10
11.1831875
20
34.674246875
30
0
42
0.14075965647395222
0
VERTEX
8
0
10
11.233471875000001
20
34.649753125000004
30
0
0
VERTEX
8
0
10
11.242834375000001
20
34.648987500000004
30
0
0
VERTEX
8
0
10
11.24585
20
34.648484375
30
0
0
VERTEX
8
0
10
11.24739375
20
34.6486125
30
0
0
VERTEX
8
0
10
11.25
20
34.6484
30
0
0
VERTEX
8
0
10
25.754718750000002
20
34.6484
30
0
0
VERTEX
8
0
10
24.324084375
20
33.217765625
30
0
0
VERTEX
8
0
10
24.303859375000002
20
33.224337500000004
30
0
42
0.9999999999999999
0
VERTEX
8
0
10
24.196140625
20
32.7756625
30
0
0
VERTEX
8
0
10
24.2319
20
32.77
30
0
42
0.5095244921166611
0
VERTEX
8
0
10
24.4743375
20
33.053859375
30
0
0
VERTEX
8
0
10
24.467765625000002
20
33.074084375
30
0
0
VERTEX
8
0
10
26.042081250000003
20
34.6484
30
0
0
VERTEX
8
0
10
27.95791875
20
34.6484
30
0
0
VERTEX
8
0
10
31.678159375
20
30.928159375
30
0
0
VERTEX
8
0
10
31.683187500000003
20
30.924246875
30
0
42
0.14075965647395222
0
VERTEX
8
0
10
31.733471875000003
20
30.899753125
30
0
0
VERTEX
8
0
10
31.742834375
20
30.8989875
30
0
0
VERTEX
8
0
10
31.74585
20
30.898484375000002
30
0
0
VERTEX
8
0
10
31.74739375
20
30.898612500000002
30
0
0
VERTEX
8
0
10
31.75
20
30.898400000000002
30
0
0
VERTEX
8
0
10
44.5
20
30.898400000000002
30
0
0
VERTEX
8
0
10
44.5063375
20
30.899190625000003
30
0
42
0.1407252340376049
0
VERTEX
8
0
10
44.559200000000004
20
30.917428125
30
0
0
VERTEX
8
0
10
44.566365625
20
30.9235125
30
0
0
VERTEX
8
0
10
44.568846875000006
20
30.925284375
30
0
0
VERTEX
8
0
10
44.56985
20
30.92646875
30
0
0
VERTEX
8
0
10
44.571840625
20
30.928159375
30
0
0
VERTEX
8
0
10
45.175915625
20
31.532234375
30
0
0
VERTEX
8
0
10
45.196140625000005
20
31.525662500000003
30
0
42
0.32491919122640284
0
VERTEX
8
0
10
45.446712500000004
20
31.629453125
30
0
0
VERTEX
8
0
10
45.45636875
20
31.648400000000002
30
0
0
VERTEX
8
0
10
45.9058
20
31.648400000000002
30
0
0
VERTEX
8
0
10
45.9058
20
31.375
30
0
0
VERTEX
8
0
10
47.1058
20
31.375
30
0
0
VERTEX
8
0
10
47.1058
20
31.648400000000002
30
0
0
VERTEX
8
0
10
50
20
31.648400000000002
30
0
0
VERTEX
8
0
10
50.0063375
20
31.649190625000003
30
0
42
0.1407252340376049
0
VERTEX
8
0
10
50.059200000000004
20
31.667428125
30
0
0
VERTEX
8
0
10
50.066365625
20
31.6735125
30
0
0
VERTEX
8
0
10
50.068846875000006
20
31.675284375
30
0
0
VERTEX
8
0
10
50.06985
20
31.67646875
30
0
0
VERTEX
8
0
10
50.071840625
20
31.678159375
30
0
0
VERTEX
8
0
10
51.925915625
20
33.532234375
30
0
0
VERTEX
8
0
10
51.946140625000005
20
33.5256625
30
0
42
0.9999999999999999
0
VERTEX
8
0
10
52.053859375
20
33.974337500000004
30
0
0
VERTEX
8
0
10
52.018100000000004
20
33.980000000000004
30
0
42
0.5095244921166611
0
VERTEX
8
0
10
51.7756625
20
33.696140625
30
0
0
VERTEX
8
0
10
51.782234375
20
33.675915625
30
0
0
VERTEX
8
0
10
49.957918750000005
20
31.8516
30
0
0
VERTEX
8
0
10
47.1058
20
31.8516
30
0
0
VERTEX
8
0
10
47.1058
20
31.975
30
0
0
VERTEX
8
0
10
45.9058
20
31.975
30
0
0
VERTEX
8
0
10
45.9058
20
31.8516
30
0
0
VERTEX
8
0
10
45.45636875
20
31.8516
30
0
0
VERTEX
8
0
10
45.446712500000004
20
31.870546875000002
30
0
42
0.8540798954791192
0
VERTEX
8
0
10
45.0256625
20
31.696140625
30
0
0
VERTEX
8
0
10
45.032234375
20
31.675915625000002
30
0
0
VERTEX
8
0
10
44.457918750000005
20
31.1016
30
0
0
VERTEX
8
0
10
31.792081250000003
20
31.1016
30
0
0
VERTEX
8
0
10
28.071840625
20
34.821840625
30
0
0
VERTEX
8
0
10
28.0668125
20
34.825753125
30
0
42
0.14075965647395222
0
VERTEX
8
0
10
28.016528125
20
34.850246875
30
0
0
VERTEX
8
0
10
28.007165625000003
20
34.8510125
30
0
0
VERTEX
8
0
10
28.004150000000003
20
34.851515625000005
30
0
0
VERTEX
8
0
10
28.002606250000003
20
34.8513875
30
0
0
VERTEX
8
0
10
28
20
34.851600000000005
30
0
0
VERTEX
8
0
10
11.29208125
20
34.851600000000005
30
0
0
SEQEND
0
POLYLINE
66
1
8
1_copper
10
0.0
20
0.0
30
0.0
70
1
0
VERTEX
8
0
10
77.367171875
20
36.0221
30
0
0
VERTEX
8
0
10
77.3903875
20
36.031775
30
0
0
VERTEX
8
0
10
77.40406875000001
20
36.041146875
30
0
0
VERTEX
8
0
10
77.56406875
20
36.171146875000005
30
0
0
VERTEX
8
0
10
77.572090625
20
36.179515625
30
0
0
VERTEX
8
0
10
77.580278125
20
36.187725
30
0
42
0.12473301239534859
0
VERTEX
8
0
10
77.60024687500001
20
36.233471875
30
0
0
VERTEX
8
0
10
77.600346875
20
36.2346875
30
0
0
VERTEX
8
0
10
77.60055
20
36.235428125
30
0
0
VERTEX
8
0
10
77.60059687500001
20
36.23773125
30
0
0
VERTEX
8
0
10
77.6016
20
36.25
30
0
0
VERTEX
8
0
10
77.6016
20
36.957918750000005
30
0
0
VERTEX
8
0
10
78.04208125000001
20
37.3984
30
0
0
VERTEX
8
0
10
91.20791875
20
37.3984
30
0
0
VERTEX
8
0
10
92.41972187500001
20
36.186596875
30
0
0
VERTEX
8
0
10
92.493471875
20
36.066753125
30
0
0
VERTEX
8
0
10
92.509203125
20
36.047128125
30
0
42
0.8128062446396522
0
VERTEX
8
0
10
92.67403750000001
20
36.1584625
30
0
0
VERTEX
8
0
10
92.666528125
20
36.173246875000004
30
0
0
VERTEX
8
0
10
92.586528125
20
36.303246875
30
0
0
VERTEX
8
0
10
92.58429062500001
20
36.3060375
30
0
0
VERTEX
8
0
10
92.582571875
20
36.309200000000004
30
0
0
VERTEX
8
0
10
92.57184062500001
20
36.321840625
30
0
0
VERTEX
8
0
10
91.32184062500001
20
37.571840625
30
0
0
VERTEX
8
0
10
91.3168125
20
37.575753125
30
0
42
0.14075965647395222
0
VERTEX
8
0
10
91.26652812500001
20
37.600246875
30
0
0
VERTEX
8
0
10
91.257165625
20
37.6010125
30
0
0
VERTEX
8
0
10
91.25415000000001
20
37.601515625000005
30
0
0
VERTEX
8
0
10
91.25260625
20
37.6013875
30
0
0
VERTEX
8
0
10
91.25
20
37.601600000000005
30
0
0
VERTEX
8
0
10
78
20
37.601600000000005
30
0
0
VERTEX
8
0
10
77.9936625
20
37.600809375000004
30
0
42
0.1407252340376049
0
VERTEX
8
0
10
77.94080000000001
20
37.582571875
30
0
0
VERTEX
8
0
10
77.933634375
20
37.5764875
30
0
0
VERTEX
8
0
10
77.93115312500001
20
37.574715625
30
0
0
VERTEX
8
0
10
77.93015
20
37.57353125
30
0
0
VERTEX
8
0
10
77.928159375
20
37.571840625
30
0
0
VERTEX
8
0
10
77.428159375
20
37.071840625
30
0
0
VERTEX
8
0
10
77.42424687500001
20
37.066812500000005
30
0
42
0.14075965647395222
0
VERTEX
8
0
10
77.399753125
20
37.016528125
30
0
0
VERTEX
8
0
10
77.3989875
20
37.007165625
30
0
0
VERTEX
8
0
10
77.39848437500001
20
37.00415
30
0
0
VERTEX
8
0
10
77.3986125
20
37.00260625
30
0
0
VERTEX
8
0
10
77.39840000000001
20
37
30
0
0
VERTEX
8
0
10
77.39840000000001
20
36.298359375000004
30
0
0
VERTEX
8
0
10
77.27593125
20
36.198853125
30
0
0
VERTEX
8
0
10
77.258525
20
36.1807
30
0
42
0.6247388070547338
0
VERTEX
8
0
10
77.342290625
20
36.018425
30
0
0
SEQEND
0
POLYLINE
66
1
8
16_copper
10
0.0
20
0.0
30
0.0
70
1
0
VERTEX
8
0
10
66.5063375
20
34.899190625
30
0
42
0.1407252340376049
0
VERTEX
8
0
10
66.5592
20
34.917428125
30
0
0
VERTEX
8
0
10
66.566365625
20
34.9235125
30
0
0
VERTEX
8
0
10
66.568846875
20
34.925284375000004
30
0
0
VERTEX
8
0
10
66.56985
20
34.926468750000005
30
0
0
VERTEX
8
0
10
66.57184062500001
20
34.928159375
30
0
0
VERTEX
8
0
10
67.57184062500001
20
35.928159375
30
0
0
VERTEX
8
0
10
67.572896875
20
35.92951875
30
0
0
VERTEX
8
0
10
67.57424375000001
20
35.930640625
30
0
0
VERTEX
8
0
10
67.5845375
20
35.94364375
30
0
0
VERTEX
8
0
10
67.65515625
20
36.049571875000005
30
0
0
VERTEX
8
0
10
67.811715625
20
36.16929375
30
0
0
VERTEX
8
0
10
67.813728125
20
36.171271875
30
0
0
VERTEX
8
0
10
67.82184062500001
20
36.178159375
30
0
0
VERTEX
8
0
10
68.54208125000001
20
36.8984
30
0
0
VERTEX
8
0
10
76.45791875
20
36.8984
30
0
0
VERTEX
8
0
10
77.17167500000001
20
36.18464375
30
0
0
VERTEX
8
0
10
77.256465625
20
36.062168750000005
30
0
0
VERTEX
8
0
10
77.27323125000001
20
36.043421875
30
0
42
0.8128112203584197
0
VERTEX
8
0
10
77.43182812500001
20
36.163471875
30
0
0
VERTEX
8
0
10
77.423534375
20
36.177831250000004
30
0
0
VERTEX
8
0
10
77.333534375
20
36.30783125
30
0
0
VERTEX
8
0
10
77.332978125
20
36.308453125
30
0
0
VERTEX
8
0
10
77.332571875
20
36.309200000000004
30
0
0
VERTEX
8
0
10
77.32184062500001
20
36.321840625
30
0
0
VERTEX
8
0
10
76.57184062500001
20
37.071840625
30
0
0
VERTEX
8
0
10
76.5668125
20
37.075753125
30
0
42
0.14075965647395222
0
VERTEX
8
0
10
76.51652812500001
20
37.100246875
30
0
0
VERTEX
8
0
10
76.507165625
20
37.1010125
30
0
0
VERTEX
8
0
10
76.50415000000001
20
37.101515625000005
30
0
0
VERTEX
8
0
10
76.50260625
20
37.1013875
30
0
0
VERTEX
8
0
10
76.5
20
37.101600000000005
30
0
0
VERTEX
8
0
10
68.5
20
37.101600000000005
30
0
0
VERTEX
8
0
10
68.4936625
20
37.100809375000004
30
0
42
0.1407252340376049
0
VERTEX
8
0
10
68.44080000000001
20
37.082571875
30
0
0
VERTEX
8
0
10
68.433634375
20
37.0764875
30
0
0
VERTEX
8
0
10
68.43115312500001
20
37.074715625
30
0
0
VERTEX
8
0
10
68.43015
20
37.07353125
30
0
0
VERTEX
8
0
10
68.428159375
20
37.071840625
30
0
0
VERTEX
8
0
10
67.68293125000001
20
36.3266125
30
0
0
VERTEX
8
0
10
67.51828437500001
20
36.20070625
30
0
0
VERTEX
8
0
10
67.512271875
20
36.194796875
30
0
0
VERTEX
8
0
10
67.50575625
20
36.189359375
30
0
0
VERTEX
8
0
10
67.50229375
20
36.1849875
30
0
42
0.013376978172254415
0
VERTEX
8
0
10
67.49893125
20
36.1807375
30
0
0
VERTEX
8
0
10
67.4954625
20
36.176356250000005
30
0
0
VERTEX
8
0
10
67.4210375
20
36.064718750000004
30
0
0
VERTEX
8
0
10
66.45791875
20
35.101600000000005
30
0
0
VERTEX
8
0
10
51.465281250000004
20
35.101600000000005
30
0
0
VERTEX
8
0
10
52.411840625
20
36.048159375000004
30
0
0
VERTEX
8
0
10
52.427287500000006
20
36.06800625
30
0
42
0.8128176307274321
0
VERTEX
8
0
10
52.2808
20
36.202571875000004
30
0
0
VERTEX
8
0
10
52.268159375
20
36.191840625000005
30
0
0
VERTEX
8
0
10
51.17791875
20
35.101600000000005
30
0
0
VERTEX
8
0
10
41.745281250000005
20
35.101600000000005
30
0
0
VERTEX
8
0
10
42.571840625
20
35.928159375
30
0
0
VERTEX
8
0
10
42.572896875000005
20
35.92951875
30
0
0
VERTEX
8
0
10
42.57424375
20
35.930640625
30
0
0
VERTEX
8
0
10
42.5845375
20
35.94364375
30
0
0
VERTEX
8
0
10
42.6645375
20
36.063643750000004
30
0
0
VERTEX
8
0
10
42.675790625000005
20
36.086134375
30
0
42
0.8128119064910809
0
VERTEX
8
0
10
42.505756250000005
20
36.189359375
30
0
0
VERTEX
8
0
10
42.4954625
20
36.176356250000005
30
0
0
VERTEX
8
0
10
42.421037500000004
20
36.064718750000004
30
0
0
VERTEX
8
0
10
41.457918750000005
20
35.101600000000005
30
0
0
VERTEX
8
0
10
28.542081250000003
20
35.101600000000005
30
0
0
VERTEX
8
0
10
28.321840625
20
35.321840625
30
0
0
VERTEX
8
0
10
28.3168125
20
35.325753125
30
0
42
0.14075965647395222
0
VERTEX
8
0
10
28.266528125
20
35.350246875
30
0
0
VERTEX
8
0
10
28.257165625000003
20
35.3510125
30
0
0
VERTEX
8
0
10
28.254150000000003
20
35.351515625000005
30
0
0
VERTEX
8
0
10
28.252606250000003
20
35.3513875
30
0
0
VERTEX
8
0
10
28.25
20
35.351600000000005
30
0
0
VERTEX
8
0
10
26.74528125
20
35.351600000000005
30
0
0
VERTEX
8
0
10
27.321840625
20
35.928159375
30
0
0
VERTEX
8
0
10
27.323315625000003
20
35.930053125
30
0
0
VERTEX
8
0
10
27.33128125
20
35.939040625000004
30
0
0
VERTEX
8
0
10
27.42128125
20
36.059040625
30
0
0
VERTEX
8
0
10
27.4337625
20
36.080875
30
0
42
0.8128113325975903
0
VERTEX
8
0
10
27.269718750000003
20
36.193368750000005
30
0
0
VERTEX
8
0
10
27.25871875
20
36.180959375
30
0
0
VERTEX
8
0
10
27.173040625000002
20
36.066721875
30
0
0
VERTEX
8
0
10
26.45791875
20
35.351600000000005
30
0
0
VERTEX
8
0
10
18.542081250000003
20
35.351600000000005
30
0
0
VERTEX
8
0
10
17.821840625
20
36.071840625
30
0
0
VERTEX
8
0
10
17.821553125
20
36.072065625
30
0
0
VERTEX
8
0
10
17.8213125
20
36.07236875
30
0
0
VERTEX
8
0
10
17.808590625
20
36.083003125000005
30
0
0
VERTEX
8
0
10
17.655609375
20
36.190990625000005
30
0
0
VERTEX
8
0
10
17.586528125
20
36.303246875
30
0
0
VERTEX
8
0
10
17.584290625
20
36.3060375
30
0
0
VERTEX
8
0
10
17.582571875
20
36.309200000000004
30
0
0
VERTEX
8
0
10
17.571840625
20
36.321840625
30
0
0
VERTEX
8
0
10
16.571840625
20
37.321840625
30
0
0
VERTEX
8
0
10
16.5668125
20
37.325753125
30
0
42
0.14075965647395222
0
VERTEX
8
0
10
16.516528125
20
37.350246875
30
0
0
VERTEX
8
0
10
16.507165625000003
20
37.3510125
30
0
0
VERTEX
8
0
10
16.50415
20
37.351515625000005
30
0
0
VERTEX
8
0
10
16.50260625
20
37.3513875
30
0
0
VERTEX
8
0
10
16.5
20
37.351600000000005
30
0
0
VERTEX
8
0
10
7.25
20
37.351600000000005
30
0
0
VERTEX
8
0
10
7.2436625
20
37.350809375000004
30
0
42
0.1407252340376049
0
VERTEX
8
0
10
7.1908
20
37.332571875
30
0
0
VERTEX
8
0
10
7.1836343750000005
20
37.3264875
30
0
0
VERTEX
8
0
10
7.181153125000001
20
37.324715625
30
0
0
VERTEX
8
0
10
7.18015
20
37.32353125
30
0
0
VERTEX
8
0
10
7.178159375000001
20
37.321840625
30
0
0
VERTEX
8
0
10
5.20791875
20
35.351600000000005
30
0
0
VERTEX
8
0
10
3.2920812500000003
20
35.351600000000005
30
0
0
VERTEX
8
0
10
2.571840625
20
36.071840625
30
0
0
VERTEX
8
0
10
2.5699468750000003
20
36.073315625
30
0
0
VERTEX
8
0
10
2.560959375
20
36.08128125
30
0
0
VERTEX
8
0
10
2.4009593750000002
20
36.20128125
30
0
0
VERTEX
8
0
10
2.379125
20
36.2137625
30
0
42
0.8128113325975903
0
VERTEX
8
0
10
2.26663125
20
36.049718750000004
30
0
0
VERTEX
8
0
10
2.279040625
20
36.03871875
30
0
0
VERTEX
8
0
10
2.433278125
20
35.923040625
30
0
0
VERTEX
8
0
10
3.1781593750000003
20
35.178159375
30
0
0
VERTEX
8
0
10
3.1831875000000003
20
35.174246875
30
0
42
0.14075965647395222
0
VERTEX
8
0
10
3.233471875
20
35.149753125000004
30
0
0
VERTEX
8
0
10
3.242834375
20
35.148987500000004
30
0
0
VERTEX
8
0
10
3.2458500000000003
20
35.148484375
30
0
0
VERTEX
8
0
10
3.24739375
20
35.1486125
30
0
0
VERTEX
8
0
10
3.25
20
35.1484
30
0
0
VERTEX
8
0
10
5.25
20
35.1484
30
0
0
VERTEX
8
0
10
5.2563375
20
35.149190625
30
0
42
0.1407252340376049
0
VERTEX
8
0
10
5.309200000000001
20
35.167428125
30
0
0
VERTEX
8
0
10
5.316365625
20
35.1735125
30
0
0
VERTEX
8
0
10
5.318846875
20
35.175284375000004
30
0
0
VERTEX
8
0
10
5.319850000000001
20
35.176468750000005
30
0
0
VERTEX
8
0
10
5.321840625
20
35.178159375
30
0
0
VERTEX
8
0
10
7.292081250000001
20
37.1484
30
0
0
VERTEX
8
0
10
16.45791875
20
37.1484
30
0
0
VERTEX
8
0
10
17.419721875
20
36.186596875
30
0
0
VERTEX
8
0
10
17.493471875
20
36.066753125
30
0
0
VERTEX
8
0
10
17.5011
20
36.0572375
30
0
0
VERTEX
8
0
10
17.5086875
20
36.04763125
30
0
0
VERTEX
8
0
10
17.509028125
20
36.047346875
30
0
0
VERTEX
8
0
10
17.509203125
20
36.047128125
30
0
0
VERTEX
8
0
10
17.510096875000002
20
36.046453125
30
0
0
VERTEX
8
0
10
17.521409375
20
36.036996875
30
0
0
VERTEX
8
0
10
17.6843125
20
35.92200625
30
0
0
VERTEX
8
0
10
18.428159375
20
35.178159375
30
0
0
VERTEX
8
0
10
18.433187500000003
20
35.174246875
30
0
42
0.14075965647395222
0
VERTEX
8
0
10
18.483471875
20
35.149753125000004
30
0
0
VERTEX
8
0
10
18.492834375
20
35.148987500000004
30
0
0
VERTEX
8
0
10
18.49585
20
35.148484375
30
0
0
VERTEX
8
0
10
18.49739375
20
35.1486125
30
0
0
VERTEX
8
0
10
18.5
20
35.1484
30
0
0
VERTEX
8
0
10
28.20791875
20
35.1484
30
0
0
VERTEX
8
0
10
28.428159375
20
34.928159375
30
0
0
VERTEX
8
0
10
28.433187500000003
20
34.924246875
30
0
42
0.14075965647395222
0
VERTEX
8
0
10
28.483471875000003
20
34.899753125000004
30
0
0
VERTEX
8
0
10
28.492834375
20
34.898987500000004
30
0
0
VERTEX
8
0
10
28.49585
20
34.898484375
30
0
0
VERTEX
8
0
10
28.49739375
20
34.8986125
30
0
0
VERTEX
8
0
10
28.5
20
34.8984
30
0
0
VERTEX
8
0
10
52.957918750000005
20
34.8984
30
0
0
VERTEX
8
0
10
53.3926
20
34.46371875
30
0
0
VERTEX
8
0
10
53.3926
20
33.245000000000005
30
0
0
VERTEX
8
0
10
52.894200000000005
20
33.245000000000005
30
0
0
VERTEX
8
0
10
52.894200000000005
20
32.645
30
0
0
VERTEX
8
0
10
54.0942
20
32.645
30
0
0
VERTEX
8
0
10
54.0942
20
33.245000000000005
30
0
0
VERTEX
8
0
10
53.595800000000004
20
33.245000000000005
30
0
0
VERTEX
8
0
10
53.595800000000004
20
34.5058
30
0
0
VERTEX
8
0
10
53.595009375000004
20
34.5121375
30
0
42
0.1407252340376049
0
VERTEX
8
0
10
53.576771875000006
20
34.565000000000005
30
0
0
VERTEX
8
0
10
53.570687500000005
20
34.572165625000004
30
0
0
VERTEX
8
0
10
53.568915625
20
34.574646875
30
0
0
VERTEX
8
0
10
53.56773125
20
34.57565
30
0
0
VERTEX
8
0
10
53.566040625
20
34.577640625
30
0
0
VERTEX
8
0
10
53.245281250000005
20
34.8984
30
0
0
VERTEX
8
0
10
66.5
20
34.8984
30
0
0
SEQEND
0
POLYLINE
66
1
8
1_copper
10
0.0
20
0.0
30
0.0
70
1
0
VERTEX
8
0
10
42.605934375000004
20
20.781765625000002
30
0
42
0.4638644596194231
0
VERTEX
8
0
10
42.672578125
20
20.92185625
30
0
0
VERTEX
8
0
10
42.6645375
20
20.93635625
30
0
0
VERTEX
8
0
10
42.5845375
20
21.05635625
30
0
0
VERTEX
8
0
10
42.583403125000004
20
21.05766875
30
0
0
VERTEX
8
0
10
42.582571875
20
21.0592
30
0
0
VERTEX
8
0
10
42.571840625
20
21.071840625
30
0
0
VERTEX
8
0
10
42.101600000000005
20
21.542081250000003
30
0
0
VERTEX
8
0
10
42.101600000000005
20
35.25
30
0
0
VERTEX
8
0
10
42.100809375000004
20
35.2563375
30
0
42
0.1407252340376049
0
VERTEX
8
0
10
42.082571875
20
35.309200000000004
30
0
0
VERTEX
8
0
10
42.0764875
20
35.316365625
30
0
0
VERTEX
8
0
10
42.074715625
20
35.318846875
30
0
0
VERTEX
8
0
10
42.07353125
20
35.31985
30
0
0
VERTEX
8
0
10
42.071840625
20
35.321840625
30
0
0
VERTEX
8
0
10
41.351600000000005
20
36.04208125
30
0
0
VERTEX
8
0
10
41.351600000000005
20
36.5
30
0
0
VERTEX
8
0
10
41.350809375000004
20
36.5063375
30
0
42
0.1407252340376049
0
VERTEX
8
0
10
41.332571875
20
36.559200000000004
30
0
0
VERTEX
8
0
10
41.3264875
20
36.566365625
30
0
0
VERTEX
8
0
10
41.324715625
20
36.568846875
30
0
0
VERTEX
8
0
10
41.32353125
20
36.56985
30
0
0
VERTEX
8
0
10
41.321840625
20
36.571840625
30
0
0
VERTEX
8
0
10
40.571840625
20
37.321840625
30
0
0
VERTEX
8
0
10
40.566812500000005
20
37.325753125
30
0
42
0.14075965647395222
0
VERTEX
8
0
10
40.516528125
20
37.350246875
30
0
0
VERTEX
8
0
10
40.507165625
20
37.3510125
30
0
0
VERTEX
8
0
10
40.50415
20
37.351515625000005
30
0
0
VERTEX
8
0
10
40.50260625
20
37.3513875
30
0
0
VERTEX
8
0
10
40.5
20
37.351600000000005
30
0
0
VERTEX
8
0
10
31.01
20
37.351600000000005
30
0
0
VERTEX
8
0
10
31.0036625
20
37.350809375000004
30
0
42
0.1407252340376049
0
VERTEX
8
0
10
30.9508
20
37.332571875
30
0
0
VERTEX
8
0
10
30.943634375000002
20
37.3264875
30
0
0
VERTEX
8
0
10
30.941153125000003
20
37.324715625
30
0
0
VERTEX
8
0
10
30.940150000000003
20
37.32353125
30
0
0
VERTEX
8
0
10
30.938159375
20
37.321840625
30
0
0
VERTEX
8
0
10
29.808159375000002
20
36.191840625000005
30
0
0
VERTEX
8
0
10
29.7927125
20
36.17199375
30
0
42
0.8128176307274321
0
VERTEX
8
0
10
29.939200000000003
20
36.037428125000005
30
0
0
VERTEX
8
0
10
29.951840625000003
20
36.048159375000004
30
0
0
VERTEX
8
0
10
31.05208125
20
37.1484
30
0
0
VERTEX
8
0
10
40.457918750000005
20
37.1484
30
0
0
VERTEX
8
0
10
41.1484
20
36.457918750000005
30
0
0
VERTEX
8
0
10
41.1484
20
36
30
0
0
VERTEX
8
0
10
41.149190625
20
35.9936625
30
0
42
0.1407252340376049
0
VERTEX
8
0
10
41.167428125
20
35.9408
30
0
0
VERTEX
8
0
10
41.1735125
20
35.933634375000004
30
0
0
VERTEX
8
0
10
41.175284375000004
20
35.931153125
30
0
0
VERTEX
8
0
10
41.176468750000005
20
35.930150000000005
30
0
0
VERTEX
8
0
10
41.178159375
20
35.928159375
30
0
0
VERTEX
8
0
10
41.8984
20
35.207918750000005
30
0
0
VERTEX
8
0
10
41.8984
20
21.5
30
0
0
VERTEX
8
0
10
41.899190625
20
21.493662500000003
30
0
42
0.1407252340376049
0
VERTEX
8
0
10
41.917428125
20
21.4408
30
0
0
VERTEX
8
0
10
41.9235125
20
21.433634375
30
0
0
VERTEX
8
0
10
41.925284375000004
20
21.431153125
30
0
0
VERTEX
8
0
10
41.926468750000005
20
21.43015
30
0
0
VERTEX
8
0
10
41.928159375
20
21.428159375
30
0
0
VERTEX
8
0
10
42.421037500000004
20
20.935281250000003
30
0
0
VERTEX
8
0
10
42.4954625
20
20.823643750000002
30
0
0
VERTEX
8
0
10
42.511896875000005
20
20.804603125
30
0
42
0.18831727789822852
0
VERTEX
8
0
10
42.581009375
20
20.77840625
30
0
0
SEQEND
0
POLYLINE
66
1
8
1_copper
10
0.0
20
0.0
30
0.0
70
1
0
VERTEX
8
0
10
92.605934375
20
20.781765625000002
30
0
42
0.4638644596194231
0
VERTEX
8
0
10
92.672578125
20
20.92185625
30
0
0
VERTEX
8
0
10
92.66453750000001
20
20.93635625
30
0
0
VERTEX
8
0
10
92.58453750000001
20
21.05635625
30
0
0
VERTEX
8
0
10
92.583403125
20
21.05766875
30
0
0
VERTEX
8
0
10
92.582571875
20
21.0592
30
0
0
VERTEX
8
0
10
92.57184062500001
20
21.071840625
30
0
0
VERTEX
8
0
10
83.6016
20
30.042081250000003
30
0
0
VERTEX
8
0
10
83.6016
20
36.5
30
0
0
VERTEX
8
0
10
83.600809375
20
36.5063375
30
0
42
0.1407252340376049
0
VERTEX
8
0
10
83.582571875
20
36.559200000000004
30
0
0
VERTEX
8
0
10
83.5764875
20
36.566365625
30
0
0
VERTEX
8
0
10
83.57471562500001
20
36.568846875
30
0
0
VERTEX
8
0
10
83.57353125
20
36.56985
30
0
0
VERTEX
8
0
10
83.57184062500001
20
36.571840625
30
0
0
VERTEX
8
0
10
83.07184062500001
20
37.071840625
30
0
0
VERTEX
8
0
10
83.0668125
20
37.075753125
30
0
42
0.14075965647395222
0
VERTEX
8
0
10
83.01652812500001
20
37.100246875
30
0
0
VERTEX
8
0
10
83.007165625
20
37.1010125
30
0
0
VERTEX
8
0
10
83.00415000000001
20
37.101515625000005
30
0
0
VERTEX
8
0
10
83.00260625
20
37.1013875
30
0
0
VERTEX
8
0
10
83
20
37.101600000000005
30
0
0
VERTEX
8
0
10
80.76
20
37.101600000000005
30
0
0
VERTEX
8
0
10
80.7536625
20
37.100809375000004
30
0
42
0.1407252340376049
0
VERTEX
8
0
10
80.7008
20
37.082571875
30
0
0
VERTEX
8
0
10
80.693634375
20
37.0764875
30
0
0
VERTEX
8
0
10
80.691153125
20
37.074715625
30
0
0
VERTEX
8
0
10
80.69015
20
37.07353125
30
0
0
VERTEX
8
0
10
80.688159375
20
37.071840625
30
0
0
VERTEX
8
0
10
79.808159375
20
36.191840625000005
30
0
0
VERTEX
8
0
10
79.79271250000001
20
36.17199375
30
0
42
0.8128176307274321
0
VERTEX
8
0
10
79.9392
20
36.037428125000005
30
0
0
VERTEX
8
0
10
79.951840625
20
36.048159375000004
30
0
0
VERTEX
8
0
10
80.80208125
20
36.8984
30
0
0
VERTEX
8
0
10
82.95791875
20
36.8984
30
0
0
VERTEX
8
0
10
83.39840000000001
20
36.457918750000005
30
0
0
VERTEX
8
0
10
83.39840000000001
20
30
30
0
0
VERTEX
8
0
10
83.399190625
20
29.993662500000003
30
0
42
0.1407252340376049
0
VERTEX
8
0
10
83.417428125
20
29.940800000000003
30
0
0
VERTEX
8
0
10
83.4235125
20
29.933634375
30
0
0
VERTEX
8
0
10
83.425284375
20
29.931153125
30
0
0
VERTEX
8
0
10
83.42646875
20
29.93015
30
0
0
VERTEX
8
0
10
83.428159375
20
29.928159375
30
0
0
VERTEX
8
0
10
92.42103750000001
20
20.935281250000003
30
0
0
VERTEX
8
0
10
92.4954625
20
20.823643750000002
30
0
0
VERTEX
8
0
10
92.511896875
20
20.804603125
30
0
42
0.18831727789822852
0
VERTEX
8
0
10
92.58100937500001
20
20.77840625
30
0
0
SEQEND
0
POLYLINE
66
1
8
1_copper
10
0.0
20
0.0
30
0.0
70
1
0
VERTEX
8
0
10
17.600490625000003
20
20.7804875
30
0
0
VERTEX
8
0
10
17.624309375
20
20.788571875000002
30
0
0
VERTEX
8
0
10
17.638590625
20
20.796996875
30
0
0
VERTEX
8
0
10
17.808590625
20
20.916996875000002
30
0
0
VERTEX
8
0
10
17.8088625
20
20.91724375
30
0
0
VERTEX
8
0
10
17.8092
20
20.917428125
30
0
0
VERTEX
8
0
10
17.821840625
20
20.928159375
30
0
0
VERTEX
8
0
10
25.071840625
20
28.178159375
30
0
0
VERTEX
8
0
10
25.075753125000002
20
28.183187500000003
30
0
42
0.14075965647395222
0
VERTEX
8
0
10
25.100246875
20
28.233471875000003
30
0
0
VERTEX
8
0
10
25.1010125
20
28.242834375
30
0
0
VERTEX
8
0
10
25.101515625
20
28.24585
30
0
0
VERTEX
8
0
10
25.1013875
20
28.24739375
30
0
0
VERTEX
8
0
10
25.1016
20
28.25
30
0
0
VERTEX
8
0
10
25.1016
20
35.793631250000004
30
0
0
VERTEX
8
0
10
25.120546875000002
20
35.8032875
30
0
42
0.9999999999999999
0
VERTEX
8
0
10
24.879453125
20
36.196712500000004
30
0
0
VERTEX
8
0
10
24.850165625000002
20
36.175434375
30
0
42
0.509524700761689
0
VERTEX
8
0
10
24.879453125
20
35.8032875
30
0
0
VERTEX
8
0
10
24.898400000000002
20
35.793631250000004
30
0
0
VERTEX
8
0
10
24.898400000000002
20
28.292081250000003
30
0
0
VERTEX
8
0
10
17.6843125
20
21.07799375
30
0
0
VERTEX
8
0
10
17.521409375
20
20.963003125
30
0
0
VERTEX
8
0
10
17.502815625
20
20.946068750000002
30
0
42
0.6247399354538387
0
VERTEX
8
0
10
17.57541875
20
20.778503125
30
0
0
SEQEND
0
POLYLINE
66
1
8
1_copper
10
0.0
20
0.0
30
0.0
70
1
0
VERTEX
8
0
10
54.553859375
20
32.0256625
30
0
42
0.4142135623730951
0
VERTEX
8
0
10
54.724337500000004
20
32.303859375
30
0
0
VERTEX
8
0
10
54.717765625000006
20
32.324084375
30
0
0
VERTEX
8
0
10
54.821840625
20
32.428159375
30
0
0
VERTEX
8
0
10
54.825753125000006
20
32.4331875
30
0
42
0.14075965647395222
0
VERTEX
8
0
10
54.850246875
20
32.483471875
30
0
0
VERTEX
8
0
10
54.8510125
20
32.492834375
30
0
0
VERTEX
8
0
10
54.851515625000005
20
32.495850000000004
30
0
0
VERTEX
8
0
10
54.8513875
20
32.49739375
30
0
0
VERTEX
8
0
10
54.851600000000005
20
32.5
30
0
0
VERTEX
8
0
10
54.851600000000005
20
35.955515625000004
30
0
0
VERTEX
8
0
10
54.948912500000006
20
36.04534375
30
0
0
VERTEX
8
0
10
54.965140625000004
20
36.064559375
30
0
42
0.8128063889824926
0
VERTEX
8
0
10
54.82415
20
36.204871875
30
0
0
VERTEX
8
0
10
54.8110875
20
36.19465625
30
0
0
VERTEX
8
0
10
54.681087500000004
20
36.074656250000004
30
0
0
VERTEX
8
0
10
54.67566875
20
36.0682375
30
0
0
VERTEX
8
0
10
54.669721875
20
36.062275
30
0
42
0.12473301239534859
0
VERTEX
8
0
10
54.649753125000004
20
36.016528125
30
0
0
VERTEX
8
0
10
54.649293750000005
20
36.010903125
30
0
42
0.013420647583395904
0
VERTEX
8
0
10
54.64885
20
36.005484375
30
0
0
VERTEX
8
0
10
54.6484
20
36
30
0
0
VERTEX
8
0
10
54.6484
20
32.54208125
30
0
0
VERTEX
8
0
10
54.574084375000005
20
32.467765625
30
0
0
VERTEX
8
0
10
54.553859375
20
32.474337500000004
30
0
42
0.9999999999999999
0
VERTEX
8
0
10
54.446140625000005
20
32.0256625
30
0
0
VERTEX
8
0
10
54.4819
20
32.02
30
0
0
VERTEX
8
0
10
54.518100000000004
20
32.02
30
0
0
SEQEND
0
POLYLINE
66
1
8
1_copper
10
0.0
20
0.0
30
0.0
70
1
0
VERTEX
8
0
10
67.605934375
20
20.781765625000002
30
0
42
0.4638644596194231
0
VERTEX
8
0
10
67.672578125
20
20.92185625
30
0
0
VERTEX
8
0
10
67.66453750000001
20
20.93635625
30
0
0
VERTEX
8
0
10
67.5845375
20
21.05635625
30
0
0
VERTEX
8
0
10
67.583403125
20
21.05766875
30
0
0
VERTEX
8
0
10
67.582571875
20
21.0592
30
0
0
VERTEX
8
0
10
67.57184062500001
20
21.071840625
30
0
0
VERTEX
8
0
10
59.467765625000006
20
29.175915625000002
30
0
0
VERTEX
8
0
10
59.474337500000004
20
29.196140625
30
0
42
0.9999999999999999
0
VERTEX
8
0
10
59.0256625
20
29.303859375000002
30
0
0
VERTEX
8
0
10
59.02
20
29.2681
30
0
42
0.5095244921166611
0
VERTEX
8
0
10
59.303859375
20
29.025662500000003
30
0
0
VERTEX
8
0
10
59.324084375000005
20
29.032234375
30
0
0
VERTEX
8
0
10
67.4210375
20
20.935281250000003
30
0
0
VERTEX
8
0
10
67.4954625
20
20.823643750000002
30
0
0
VERTEX
8
0
10
67.511896875
20
20.804603125
30
0
42
0.18831727789822852
0
VERTEX
8
0
10
67.58100937500001
20
20.77840625
30
0
0
SEQEND
0
POLYLINE
66
1
8
16_copper
10
0.0
20
0.0
30
0.0
70
1
0
VERTEX
8
0
10
29.928159375
20
36.321840625
30
0
0
VERTEX
8
0
10
29.927234375
20
36.32065
30
0
0
VERTEX
8
0
10
29.92534375
20
36.3189125
30
0
0
VERTEX
8
0
10
29.805343750000002
20
36.1889125
30
0
0
VERTEX
8
0
10
29.790703125
20
36.168462500000004
30
0
42
0.8128004920092757
0
VERTEX
8
0
10
29.94245
20
36.039859375
30
0
0
VERTEX
8
0
10
29.954656250000003
20
36.0510875
30
0
0
VERTEX
8
0
10
30.07330625
20
36.179625
30
0
0
VERTEX
8
0
10
32.04208125
20
38.1484
30
0
0
VERTEX
8
0
10
52.707918750000005
20
38.1484
30
0
0
VERTEX
8
0
10
53.178159375
20
37.678159375
30
0
0
VERTEX
8
0
10
53.1831875
20
37.674246875
30
0
42
0.14075965647395222
0
VERTEX
8
0
10
53.233471875
20
37.649753125000004
30
0
0
VERTEX
8
0
10
53.242834375
20
37.648987500000004
30
0
0
VERTEX
8
0
10
53.245850000000004
20
37.648484375
30
0
0
VERTEX
8
0
10
53.24739375
20
37.6486125
30
0
0
VERTEX
8
0
10
53.25
20
37.6484
30
0
0
VERTEX
8
0
10
56.25471875
20
37.6484
30
0
0
VERTEX
8
0
10
54.928159375
20
36.321840625
30
0
0
VERTEX
8
0
10
54.927234375000005
20
36.32065
30
0
0
VERTEX
8
0
10
54.92534375
20
36.3189125
30
0
0
VERTEX
8
0
10
54.805343750000006
20
36.1889125
30
0
0
VERTEX
8
0
10
54.790703125
20
36.168462500000004
30
0
42
0.8128004920092757
0
VERTEX
8
0
10
54.94245
20
36.039859375
30
0
0
VERTEX
8
0
10
54.95465625
20
36.0510875
30
0
0
VERTEX
8
0
10
55.07330625
20
36.179625
30
0
0
VERTEX
8
0
10
56.54208125
20
37.6484
30
0
0
VERTEX
8
0
10
78.20791875
20
37.6484
30
0
0
VERTEX
8
0
10
79.808159375
20
36.048159375000004
30
0
0
VERTEX
8
0
10
79.82800625
20
36.0327125
30
0
42
0.8128176307274321
0
VERTEX
8
0
10
79.96257187500001
20
36.1792
30
0
0
VERTEX
8
0
10
79.951840625
20
36.191840625000005
30
0
0
VERTEX
8
0
10
78.32184062500001
20
37.821840625
30
0
0
VERTEX
8
0
10
78.3168125
20
37.825753125
30
0
42
0.14075965647395222
0
VERTEX
8
0
10
78.26652812500001
20
37.850246875
30
0
0
VERTEX
8
0
10
78.257165625
20
37.8510125
30
0
0
VERTEX
8
0
10
78.25415000000001
20
37.851515625000005
30
0
0
VERTEX
8
0
10
78.25260625
20
37.8513875
30
0
0
VERTEX
8
0
10
78.25
20
37.851600000000005
30
0
0
VERTEX
8
0
10
53.29208125
20
37.851600000000005
30
0
0
VERTEX
8
0
10
52.821840625
20
38.321840625
30
0
0
VERTEX
8
0
10
52.816812500000005
20
38.325753125
30
0
42
0.14075965647395222
0
VERTEX
8
0
10
52.766528125
20
38.350246875
30
0
0
VERTEX
8
0
10
52.757165625000006
20
38.3510125
30
0
0
VERTEX
8
0
10
52.75415
20
38.351515625000005
30
0
0
VERTEX
8
0
10
52.75260625
20
38.3513875
30
0
0
VERTEX
8
0
10
52.75
20
38.351600000000005
30
0
0
VERTEX
8
0
10
32
20
38.351600000000005
30
0
0
VERTEX
8
0
10
31.993662500000003
20
38.350809375000004
30
0
42
0.1407252340376049
0
VERTEX
8
0
10
31.940800000000003
20
38.332571875
30
0
0
VERTEX
8
0
10
31.933634375
20
38.3264875
30
0
0
VERTEX
8
0
10
31.931153125
20
38.324715625
30
0
0
VERTEX
8
0
10
31.93015
20
38.32353125
30
0
0
VERTEX
8
0
10
31.928159375
20
38.321840625
30
0
0
VERTEX
8
0
10
30.70791875
20
37.101600000000005
30
0
0
VERTEX
8
0
10
26
20
37.101600000000005
30
0
0
VERTEX
8
0
10
25.993662500000003
20
37.100809375000004
30
0
42
0.1407252340376049
0
VERTEX
8
0
10
25.940800000000003
20
37.082571875
30
0
0
VERTEX
8
0
10
25.933634375
20
37.0764875
30
0
0
VERTEX
8
0
10
25.931153125
20
37.074715625
30
0
0
VERTEX
8
0
10
25.93015
20
37.07353125
30
0
0
VERTEX
8
0
10
25.928159375
20
37.071840625
30
0
0
VERTEX
8
0
10
25.074084375
20
36.217765625
30
0
0
VERTEX
8
0
10
25.053859375000002
20
36.224337500000004
30
0
42
0.11835930907410061
0
VERTEX
8
0
10
24.946140625
20
36.224337500000004
30
0
0
VERTEX
8
0
10
24.925915625000002
20
36.217765625
30
0
0
VERTEX
8
0
10
23.321840625
20
37.821840625
30
0
0
VERTEX
8
0
10
23.3168125
20
37.825753125
30
0
42
0.14075965647395222
0
VERTEX
8
0
10
23.266528125
20
37.850246875
30
0
0
VERTEX
8
0
10
23.257165625000003
20
37.8510125
30
0
0
VERTEX
8
0
10
23.254150000000003
20
37.851515625000005
30
0
0
VERTEX
8
0
10
23.25260625
20
37.8513875
30
0
0
VERTEX
8
0
10
23.25
20
37.851600000000005
30
0
0
VERTEX
8
0
10
6.5
20
37.851600000000005
30
0
0
VERTEX
8
0
10
6.4936625
20
37.850809375000004
30
0
42
0.1407252340376049
0
VERTEX
8
0
10
6.4408
20
37.832571875
30
0
0
VERTEX
8
0
10
6.4336343750000005
20
37.8264875
30
0
0
VERTEX
8
0
10
6.431153125000001
20
37.824715625
30
0
0
VERTEX
8
0
10
6.43015
20
37.82353125
30
0
0
VERTEX
8
0
10
6.428159375
20
37.821840625
30
0
0
VERTEX
8
0
10
4.928159375
20
36.321840625
30
0
0
VERTEX
8
0
10
4.927234375
20
36.32065
30
0
0
VERTEX
8
0
10
4.925343750000001
20
36.3189125
30
0
0
VERTEX
8
0
10
4.8053437500000005
20
36.1889125
30
0
0
VERTEX
8
0
10
4.790703125
20
36.168462500000004
30
0
42
0.8128004920092757
0
VERTEX
8
0
10
4.94245
20
36.039859375
30
0
0
VERTEX
8
0
10
4.95465625
20
36.0510875
30
0
0
VERTEX
8
0
10
5.07330625
20
36.179625
30
0
0
VERTEX
8
0
10
6.542081250000001
20
37.6484
30
0
0
VERTEX
8
0
10
23.20791875
20
37.6484
30
0
0
VERTEX
8
0
10
24.782234375
20
36.074084375
30
0
0
VERTEX
8
0
10
24.775662500000003
20
36.053859375
30
0
42
0.9999999999999999
0
VERTEX
8
0
10
25.2243375
20
35.946140625
30
0
0
VERTEX
8
0
10
25.23
20
35.9819
30
0
42
0.07870094206146756
0
VERTEX
8
0
10
25.2243375
20
36.053859375
30
0
0
VERTEX
8
0
10
25.217765625000002
20
36.074084375
30
0
0
VERTEX
8
0
10
26.042081250000003
20
36.8984
30
0
0
VERTEX
8
0
10
30.504718750000002
20
36.8984
30
0
0
SEQEND
0
POLYLINE
66
1
8
16_copper
10
0.0
20
0.0
30
0.0
70
1
0
VERTEX
8
0
10
59.303859375
20
29.025662500000003
30
0
42
0.9999999999999999
0
VERTEX
8
0
10
59.196140625000005
20
29.4743375
30
0
0
VERTEX
8
0
10
59.175915625
20
29.467765625000002
30
0
0
VERTEX
8
0
10
56.321840625
20
32.321840625
30
0
0
VERTEX
8
0
10
56.316812500000005
20
32.325753125
30
0
42
0.14075965647395222
0
VERTEX
8
0
10
56.266528125
20
32.350246875
30
0
0
VERTEX
8
0
10
56.257165625000006
20
32.3510125
30
0
0
VERTEX
8
0
10
56.25415
20
32.351515625000005
30
0
0
VERTEX
8
0
10
56.25260625
20
32.3513875
30
0
0
VERTEX
8
0
10
56.25
20
32.351600000000005
30
0
0
VERTEX
8
0
10
54.70636875
20
32.351600000000005
30
0
0
VERTEX
8
0
10
54.696712500000004
20
32.370546875
30
0
42
0.5600237529473715
0
VERTEX
8
0
10
54.3032875
20
32.370546875
30
0
0
VERTEX
8
0
10
54.293631250000004
20
32.351600000000005
30
0
0
VERTEX
8
0
10
54
20
32.351600000000005
30
0
0
VERTEX
8
0
10
53.9936625
20
32.350809375000004
30
0
42
0.1407252340376049
0
VERTEX
8
0
10
53.9408
20
32.332571875
30
0
0
VERTEX
8
0
10
53.933634375000004
20
32.3264875
30
0
0
VERTEX
8
0
10
53.931153125
20
32.324715625
30
0
0
VERTEX
8
0
10
53.930150000000005
20
32.32353125
30
0
0
VERTEX
8
0
10
53.928159375
20
32.321840625
30
0
0
VERTEX
8
0
10
53.58131875
20
31.975
30
0
0
VERTEX
8
0
10
52.894200000000005
20
31.975
30
0
0
VERTEX
8
0
10
52.894200000000005
20
31.375
30
0
0
VERTEX
8
0
10
54.0942
20
31.375
30
0
0
VERTEX
8
0
10
54.0942
20
31.975
30
0
0
VERTEX
8
0
10
53.86868125
20
31.975
30
0
0
VERTEX
8
0
10
54.04208125
20
32.1484
30
0
0
VERTEX
8
0
10
54.293631250000004
20
32.1484
30
0
0
VERTEX
8
0
10
54.3032875
20
32.129453125000005
30
0
42
0.5600237529473715
0
VERTEX
8
0
10
54.696712500000004
20
32.129453125000005
30
0
0
VERTEX
8
0
10
54.70636875
20
32.1484
30
0
0
VERTEX
8
0
10
56.207918750000005
20
32.1484
30
0
0
VERTEX
8
0
10
59.032234375
20
29.324084375
30
0
0
VERTEX
8
0
10
59.0256625
20
29.303859375000002
30
0
42
0.5095244921166611
0
VERTEX
8
0
10
59.268100000000004
20
29.020000000000003
30
0
0
SEQEND
0
POLYLINE
66
1
8
1_copper
10
0.0
20
0.0
30
0.0
70
1
0
VERTEX
8
0
10
54.553859375
20
30.775662500000003
30
0
42
0.4142135623730951
0
VERTEX
8
0
10
54.724337500000004
20
31.053859375000002
30
0
0
VERTEX
8
0
10
54.717765625000006
20
31.074084375
30
0
0
VERTEX
8
0
10
56.321840625
20
32.678159375
30
0
0
VERTEX
8
0
10
56.325753125000006
20
32.6831875
30
0
42
0.14075965647395222
0
VERTEX
8
0
10
56.350246875
20
32.733471875
30
0
0
VERTEX
8
0
10
56.3510125
20
32.742834375
30
0
0
VERTEX
8
0
10
56.351515625000005
20
32.745850000000004
30
0
0
VERTEX
8
0
10
56.3513875
20
32.74739375
30
0
0
VERTEX
8
0
10
56.351600000000005
20
32.75
30
0
0
VERTEX
8
0
10
56.351600000000005
20
35.207918750000005
30
0
0
VERTEX
8
0
10
57.19208125
20
36.0484
30
0
0
VERTEX
8
0
10
57.347918750000005
20
36.0484
30
0
0
VERTEX
8
0
10
57.348159375
20
36.048159375000004
30
0
42
0.15676404749847475
0
VERTEX
8
0
10
57.403471875
20
36.019753125
30
0
0
VERTEX
8
0
10
57.412834375
20
36.0189875
30
0
0
VERTEX
8
0
10
57.415850000000006
20
36.018484375
30
0
0
VERTEX
8
0
10
57.41739375
20
36.0186125
30
0
0
VERTEX
8
0
10
57.42
20
36.0184
30
0
0
VERTEX
8
0
10
57.83791875
20
36.0184
30
0
0
VERTEX
8
0
10
58.678159375
20
35.178159375
30
0
0
VERTEX
8
0
10
58.6831875
20
35.174246875
30
0
42
0.14075965647395222
0
VERTEX
8
0
10
58.733471875
20
35.149753125000004
30
0
0
VERTEX
8
0
10
58.742834375
20
35.148987500000004
30
0
0
VERTEX
8
0
10
58.745850000000004
20
35.148484375
30
0
0
VERTEX
8
0
10
58.74739375
20
35.1486125
30
0
0
VERTEX
8
0
10
58.75
20
35.1484
30
0
0
VERTEX
8
0
10
61
20
35.1484
30
0
0
VERTEX
8
0
10
61.0063375
20
35.149190625
30
0
42
0.1407252340376049
0
VERTEX
8
0
10
61.059200000000004
20
35.167428125
30
0
0
VERTEX
8
0
10
61.066365625
20
35.1735125
30
0
0
VERTEX
8
0
10
61.068846875000006
20
35.175284375000004
30
0
0
VERTEX
8
0
10
61.06985
20
35.176468750000005
30
0
0
VERTEX
8
0
10
61.071840625
20
35.178159375
30
0
0
VERTEX
8
0
10
61.571840625
20
35.678159375
30
0
0
VERTEX
8
0
10
61.575753125000006
20
35.6831875
30
0
42
0.14075965647395222
0
VERTEX
8
0
10
61.600246875
20
35.733471875
30
0
0
VERTEX
8
0
10
61.6010125
20
35.742834375
30
0
0
VERTEX
8
0
10
61.601515625000005
20
35.745850000000004
30
0
0
VERTEX
8
0
10
61.6013875
20
35.74739375
30
0
0
VERTEX
8
0
10
61.601600000000005
20
35.75
30
0
0
VERTEX
8
0
10
61.601600000000005
20
36.707918750000005
30
0
0
VERTEX
8
0
10
62.04208125
20
37.1484
30
0
0
VERTEX
8
0
10
69.70791875
20
37.1484
30
0
0
VERTEX
8
0
10
69.89840000000001
20
36.957918750000005
30
0
0
VERTEX
8
0
10
69.89840000000001
20
36.25
30
0
0
VERTEX
8
0
10
69.89894062500001
20
36.245675
30
0
0
VERTEX
8
0
10
69.89877187500001
20
36.241309375
30
0
42
0.12473394657026367
0
VERTEX
8
0
10
69.91512812500001
20
36.19415
30
0
0
VERTEX
8
0
10
69.9252
20
36.181271875
30
0
0
VERTEX
8
0
10
69.925284375
20
36.181153125
30
0
0
VERTEX
8
0
10
69.925309375
20
36.181134375
30
0
0
VERTEX
8
0
10
69.92534375000001
20
36.181087500000004
30
0
0
VERTEX
8
0
10
70.04534375
20
36.0510875
30
0
0
VERTEX
8
0
10
70.04740625000001
20
36.049346875000005
30
0
0
VERTEX
8
0
10
70.05108750000001
20
36.04534375
30
0
0
VERTEX
8
0
10
70.179625
20
35.92669375
30
0
0
VERTEX
8
0
10
71.678159375
20
34.428159375
30
0
0
VERTEX
8
0
10
71.6831875
20
34.424246875
30
0
42
0.14075965647395222
0
VERTEX
8
0
10
71.733471875
20
34.399753125000004
30
0
0
VERTEX
8
0
10
71.742834375
20
34.398987500000004
30
0
0
VERTEX
8
0
10
71.74585
20
34.398484375
30
0
0
VERTEX
8
0
10
71.74739375
20
34.3986125
30
0
0
VERTEX
8
0
10
71.75
20
34.3984
30
0
0
VERTEX
8
0
10
81
20
34.3984
30
0
0
VERTEX
8
0
10
81.0063375
20
34.399190625
30
0
42
0.1407252340376049
0
VERTEX
8
0
10
81.0592
20
34.417428125
30
0
0
VERTEX
8
0
10
81.066365625
20
34.4235125
30
0
0
VERTEX
8
0
10
81.068846875
20
34.425284375000004
30
0
0
VERTEX
8
0
10
81.06985
20
34.426468750000005
30
0
0
VERTEX
8
0
10
81.07184062500001
20
34.428159375
30
0
0
VERTEX
8
0
10
82.49184062500001
20
35.848159375
30
0
0
VERTEX
8
0
10
82.49575312500001
20
35.853187500000004
30
0
42
0.14075965647395222
0
VERTEX
8
0
10
82.520246875
20
35.903471875
30
0
0
VERTEX
8
0
10
82.5210125
20
35.912834375
30
0
0
VERTEX
8
0
10
82.521515625
20
35.91585
30
0
0
VERTEX
8
0
10
82.5213875
20
35.91739375
30
0
0
VERTEX
8
0
10
82.5216
20
35.92
30
0
0
VERTEX
8
0
10
82.5216
20
36.120000000000005
30
0
0
VERTEX
8
0
10
82.5184875
20
36.14495625
30
0
42
0.8128116491081416
0
VERTEX
8
0
10
82.319753125
20
36.136528125000005
30
0
0
VERTEX
8
0
10
82.3184
20
36.120000000000005
30
0
0
VERTEX
8
0
10
82.3184
20
35.962081250000004
30
0
0
VERTEX
8
0
10
80.95791875
20
34.601600000000005
30
0
0
VERTEX
8
0
10
71.79208125000001
20
34.601600000000005
30
0
0
VERTEX
8
0
10
70.32184062500001
20
36.071840625
30
0
0
VERTEX
8
0
10
70.32065
20
36.072765625
30
0
0
VERTEX
8
0
10
70.31891250000001
20
36.074656250000004
30
0
0
VERTEX
8
0
10
70.1919
20
36.191900000000004
30
0
0
VERTEX
8
0
10
70.1016
20
36.289725000000004
30
0
0
VERTEX
8
0
10
70.1016
20
37
30
0
0
VERTEX
8
0
10
70.100809375
20
37.0063375
30
0
42
0.1407252340376049
0
VERTEX
8
0
10
70.082571875
20
37.059200000000004
30
0
0
VERTEX
8
0
10
70.0764875
20
37.066365625
30
0
0
VERTEX
8
0
10
70.07471562500001
20
37.068846875
30
0
0
VERTEX
8
0
10
70.07353125
20
37.06985
30
0
0
VERTEX
8
0
10
70.07184062500001
20
37.071840625
30
0
0
VERTEX
8
0
10
69.82184062500001
20
37.321840625
30
0
0
VERTEX
8
0
10
69.8168125
20
37.325753125
30
0
42
0.14075965647395222
0
VERTEX
8
0
10
69.76652812500001
20
37.350246875
30
0
0
VERTEX
8
0
10
69.757165625
20
37.3510125
30
0
0
VERTEX
8
0
10
69.75415000000001
20
37.351515625000005
30
0
0
VERTEX
8
0
10
69.75260625
20
37.3513875
30
0
0
VERTEX
8
0
10
69.75
20
37.351600000000005
30
0
0
VERTEX
8
0
10
62
20
37.351600000000005
30
0
0
VERTEX
8
0
10
61.993662500000006
20
37.350809375000004
30
0
42
0.1407252340376049
0
VERTEX
8
0
10
61.9408
20
37.332571875
30
0
0
VERTEX
8
0
10
61.933634375000004
20
37.3264875
30
0
0
VERTEX
8
0
10
61.931153125
20
37.324715625
30
0
0
VERTEX
8
0
10
61.930150000000005
20
37.32353125
30
0
0
VERTEX
8
0
10
61.928159375
20
37.321840625
30
0
0
VERTEX
8
0
10
61.428159375
20
36.821840625
30
0
0
VERTEX
8
0
10
61.424246875
20
36.816812500000005
30
0
42
0.14075965647395222
0
VERTEX
8
0
10
61.399753125000004
20
36.766528125
30
0
0
VERTEX
8
0
10
61.398987500000004
20
36.757165625
30
0
0
VERTEX
8
0
10
61.398484375
20
36.75415
30
0
0
VERTEX
8
0
10
61.398612500000006
20
36.75260625
30
0
0
VERTEX
8
0
10
61.3984
20
36.75
30
0
0
VERTEX
8
0
10
61.3984
20
35.79208125
30
0
0
VERTEX
8
0
10
60.957918750000005
20
35.351600000000005
30
0
0
VERTEX
8
0
10
58.79208125
20
35.351600000000005
30
0
0
VERTEX
8
0
10
57.951840625
20
36.191840625000005
30
0
0
VERTEX
8
0
10
57.9468125
20
36.195753125
30
0
42
0.14075965647395222
0
VERTEX
8
0
10
57.896528125
20
36.220246875
30
0
0
VERTEX
8
0
10
57.887165625
20
36.2210125
30
0
0
VERTEX
8
0
10
57.884150000000005
20
36.221515625
30
0
0
VERTEX
8
0
10
57.88260625
20
36.2213875
30
0
0
VERTEX
8
0
10
57.88
20
36.2216
30
0
0
VERTEX
8
0
10
57.462081250000004
20
36.2216
30
0
0
VERTEX
8
0
10
57.461840625
20
36.221840625
30
0
42
0.08836099408461902
0
VERTEX
8
0
10
57.424659375000005
20
36.244887500000004
30
0
0
VERTEX
8
0
10
57.418959375
20
36.247384375
30
0
42
0.0314202763045706
0
VERTEX
8
0
10
57.406528125
20
36.250246875
30
0
0
VERTEX
8
0
10
57.397165625
20
36.2510125
30
0
0
VERTEX
8
0
10
57.39415
20
36.251515625
30
0
0
VERTEX
8
0
10
57.39260625
20
36.2513875
30
0
0
VERTEX
8
0
10
57.39
20
36.2516
30
0
0
VERTEX
8
0
10
57.150000000000006
20
36.2516
30
0
0
VERTEX
8
0
10
57.143662500000005
20
36.250809375
30
0
42
0.1407252340376049
0
VERTEX
8
0
10
57.0908
20
36.232571875000005
30
0
0
VERTEX
8
0
10
57.083634375
20
36.226487500000005
30
0
0
VERTEX
8
0
10
57.081153125
20
36.224715625
30
0
0
VERTEX
8
0
10
57.08015
20
36.22353125
30
0
0
VERTEX
8
0
10
57.078159375000006
20
36.221840625
30
0
0
VERTEX
8
0
10
56.178159375
20
35.321840625
30
0
0
VERTEX
8
0
10
56.174246875
20
35.316812500000005
30
0
42
0.14075965647395222
0
VERTEX
8
0
10
56.149753125000004
20
35.266528125
30
0
0
VERTEX
8
0
10
56.148987500000004
20
35.257165625
30
0
0
VERTEX
8
0
10
56.148484375
20
35.25415
30
0
0
VERTEX
8
0
10
56.148612500000006
20
35.25260625
30
0
0
VERTEX
8
0
10
56.1484
20
35.25
30
0
0
VERTEX
8
0
10
56.1484
20
32.79208125
30
0
0
VERTEX
8
0
10
54.574084375000005
20
31.217765625000002
30
0
0
VERTEX
8
0
10
54.553859375
20
31.2243375
30
0
42
0.9999999999999999
0
VERTEX
8
0
10
54.446140625000005
20
30.775662500000003
30
0
0
VERTEX
8
0
10
54.4819
20
30.770000000000003
30
0
0
VERTEX
8
0
10
54.518100000000004
20
30.770000000000003
30
0
0
SEQEND
0
POLYLINE
66
1
8
1_copper
10
0.0
20
0.0
30
0.0
70
1
0
VERTEX
8
0
10
20.008396875000003
20
24.399446875000002
30
0
0
VERTEX
8
0
10
20.0168375
20
24.39980625
30
0
42
0.3205751741838904
0
VERTEX
8
0
10
20.100246875
20
24.483471875000003
30
0
0
VERTEX
8
0
10
20.1007
20
24.489021875000002
30
0
42
0.013451900187748484
0
VERTEX
8
0
10
20.101146875
20
24.494453125
30
0
0
VERTEX
8
0
10
20.1016
20
24.5
30
0
0
VERTEX
8
0
10
20.1016
20
35.957918750000005
30
0
0
VERTEX
8
0
10
20.191840625
20
36.048159375000004
30
0
0
VERTEX
8
0
10
20.2072875
20
36.06800625
30
0
42
0.8128176307274321
0
VERTEX
8
0
10
20.0608
20
36.202571875000004
30
0
0
VERTEX
8
0
10
20.048159375
20
36.191840625000005
30
0
0
VERTEX
8
0
10
19.928159375
20
36.071840625
30
0
0
VERTEX
8
0
10
19.924246875
20
36.066812500000005
30
0
42
0.14075965647395222
0
VERTEX
8
0
10
19.899753125
20
36.016528125
30
0
0
VERTEX
8
0
10
19.8989875
20
36.007165625
30
0
0
VERTEX
8
0
10
19.898484375000002
20
36.00415
30
0
0
VERTEX
8
0
10
19.898612500000002
20
36.00260625
30
0
0
VERTEX
8
0
10
19.898400000000002
20
36
30
0
0
VERTEX
8
0
10
19.898400000000002
20
24.6016
30
0
0
VERTEX
8
0
10
12.04208125
20
24.6016
30
0
0
VERTEX
8
0
10
11.351600000000001
20
25.292081250000003
30
0
0
VERTEX
8
0
10
11.351600000000001
20
32.25
30
0
0
VERTEX
8
0
10
11.350809375
20
32.2563375
30
0
42
0.1407252340376049
0
VERTEX
8
0
10
11.332571875000001
20
32.309200000000004
30
0
0
VERTEX
8
0
10
11.3264875
20
32.316365625
30
0
0
VERTEX
8
0
10
11.324715625000001
20
32.318846875
30
0
0
VERTEX
8
0
10
11.32353125
20
32.31985
30
0
0
VERTEX
8
0
10
11.321840625
20
32.321840625
30
0
0
VERTEX
8
0
10
7.5789625
20
36.064718750000004
30
0
0
VERTEX
8
0
10
7.5045375000000005
20
36.176356250000005
30
0
0
VERTEX
8
0
10
7.488103125
20
36.195396875
30
0
42
0.8128148248443416
0
VERTEX
8
0
10
7.327421875000001
20
36.07814375
30
0
0
VERTEX
8
0
10
7.3354625
20
36.063643750000004
30
0
0
VERTEX
8
0
10
7.4154625
20
35.94364375
30
0
0
VERTEX
8
0
10
7.416596875000001
20
35.94233125
30
0
0
VERTEX
8
0
10
7.417428125000001
20
35.9408
30
0
0
VERTEX
8
0
10
7.428159375000001
20
35.928159375
30
0
0
VERTEX
8
0
10
11.1484
20
32.207918750000005
30
0
0
VERTEX
8
0
10
11.1484
20
25.25
30
0
0
VERTEX
8
0
10
11.149190625000001
20
25.243662500000003
30
0
42
0.1407252340376049
0
VERTEX
8
0
10
11.167428125
20
25.190800000000003
30
0
0
VERTEX
8
0
10
11.173512500000001
20
25.183634375
30
0
0
VERTEX
8
0
10
11.175284375
20
25.181153125
30
0
0
VERTEX
8
0
10
11.17646875
20
25.18015
30
0
0
VERTEX
8
0
10
11.178159375
20
25.178159375
30
0
0
VERTEX
8
0
10
11.928159375
20
24.428159375
30
0
0
VERTEX
8
0
10
11.9331875
20
24.424246875
30
0
42
0.14075965647395222
0
VERTEX
8
0
10
11.983471875000001
20
24.399753125
30
0
0
VERTEX
8
0
10
11.992834375000001
20
24.3989875
30
0
0
VERTEX
8
0
10
11.99585
20
24.398484375000002
30
0
0
VERTEX
8
0
10
11.99739375
20
24.398612500000002
30
0
0
VERTEX
8
0
10
12
20
24.398400000000002
30
0
0
VERTEX
8
0
10
20
20
24.398400000000002
30
0
0
SEQEND
0
POLYLINE
66
1
8
16_copper
10
0.0
20
0.0
30
0.0
70
1
0
VERTEX
8
0
10
95.136925
20
36.01981875
30
0
42
0.5415877282030702
0
VERTEX
8
0
10
95.20487187500001
20
36.175850000000004
30
0
0
VERTEX
8
0
10
95.19465625000001
20
36.1889125
30
0
0
VERTEX
8
0
10
95.07465625
20
36.3189125
30
0
0
VERTEX
8
0
10
95.073490625
20
36.319896875000005
30
0
0
VERTEX
8
0
10
95.07184062500001
20
36.321840625
30
0
0
VERTEX
8
0
10
94.07184062500001
20
37.321840625
30
0
0
VERTEX
8
0
10
94.0668125
20
37.325753125
30
0
42
0.14075965647395222
0
VERTEX
8
0
10
94.01652812500001
20
37.350246875
30
0
0
VERTEX
8
0
10
94.007165625
20
37.3510125
30
0
0
VERTEX
8
0
10
94.00415000000001
20
37.351515625000005
30
0
0
VERTEX
8
0
10
94.00260625
20
37.3513875
30
0
0
VERTEX
8
0
10
94
20
37.351600000000005
30
0
0
VERTEX
8
0
10
83.5
20
37.351600000000005
30
0
0
VERTEX
8
0
10
83.4936625
20
37.350809375000004
30
0
42
0.1407252340376049
0
VERTEX
8
0
10
83.44080000000001
20
37.332571875
30
0
0
VERTEX
8
0
10
83.433634375
20
37.3264875
30
0
0
VERTEX
8
0
10
83.43115312500001
20
37.324715625
30
0
0
VERTEX
8
0
10
83.43015
20
37.32353125
30
0
0
VERTEX
8
0
10
83.428159375
20
37.321840625
30
0
0
VERTEX
8
0
10
82.428159375
20
36.321840625
30
0
0
VERTEX
8
0
10
82.4259625
20
36.319015625
30
0
0
VERTEX
8
0
10
82.4232875
20
36.316615625000004
30
0
0
VERTEX
8
0
10
82.413471875
20
36.303246875
30
0
0
VERTEX
8
0
10
82.333471875
20
36.173246875000004
30
0
0
VERTEX
8
0
10
82.32304375000001
20
36.1503625
30
0
42
0.8128075885777089
0
VERTEX
8
0
10
82.4967125
20
36.053384375
30
0
0
VERTEX
8
0
10
82.506528125
20
36.066753125
30
0
0
VERTEX
8
0
10
82.580278125
20
36.186596875
30
0
0
VERTEX
8
0
10
83.54208125000001
20
37.1484
30
0
0
VERTEX
8
0
10
93.95791875
20
37.1484
30
0
0
VERTEX
8
0
10
94.92669375
20
36.179625
30
0
0
VERTEX
8
0
10
95.04534375
20
36.0510875
30
0
0
VERTEX
8
0
10
95.064559375
20
36.034859375
30
0
42
0.12473264345403726
0
VERTEX
8
0
10
95.11179687500001
20
36.01873125
30
0
0
SEQEND
0
POLYLINE
66
1
8
16_copper
10
0.0
20
0.0
30
0.0
70
1
0
VERTEX
8
0
10
54.0942
20
30.705000000000002
30
0
0
VERTEX
8
0
10
53.848681250000006
20
30.705000000000002
30
0
0
VERTEX
8
0
10
54.04208125
20
30.898400000000002
30
0
0
VERTEX
8
0
10
54.293631250000004
20
30.898400000000002
30
0
0
VERTEX
8
0
10
54.3032875
20
30.879453125
30
0
42
0.9999999999999999
0
VERTEX
8
0
10
54.696712500000004
20
31.120546875000002
30
0
0
VERTEX
8
0
10
54.675434375
20
31.149834375
30
0
42
0.509524700761689
0
VERTEX
8
0
10
54.3032875
20
31.120546875000002
30
0
0
VERTEX
8
0
10
54.293631250000004
20
31.1016
30
0
0
VERTEX
8
0
10
54
20
31.1016
30
0
0
VERTEX
8
0
10
53.9936625
20
31.100809375
30
0
42
0.1407252340376049
0
VERTEX
8
0
10
53.9408
20
31.082571875000003
30
0
0
VERTEX
8
0
10
53.933634375000004
20
31.076487500000002
30
0
0
VERTEX
8
0
10
53.931153125
20
31.074715625000003
30
0
0
VERTEX
8
0
10
53.930150000000005
20
31.073531250000002
30
0
0
VERTEX
8
0
10
53.928159375
20
31.071840625
30
0
0
VERTEX
8
0
10
53.561318750000005
20
30.705000000000002
30
0
0
VERTEX
8
0
10
52.894200000000005
20
30.705000000000002
30
0
0
VERTEX
8
0
10
52.894200000000005
20
30.105
30
0
0
VERTEX
8
0
10
54.0942
20
30.105
30
0
0
SEQEND
0
POLYLINE
66
1
8
1_copper
10
0.0
20
0.0
30
0.0
70
1
0
VERTEX
8
0
10
59.98270625
20
20.78096875
30
0
42
0.6247379664399467
0
VERTEX
8
0
10
60.0240875
20
20.9588375
30
0
0
VERTEX
8
0
10
60.01040625
20
20.9682125
30
0
0
VERTEX
8
0
10
59.851600000000005
20
21.058959375
30
0
0
VERTEX
8
0
10
59.851600000000005
20
23.25
30
0
0
VERTEX
8
0
10
59.850809375000004
20
23.2563375
30
0
42
0.1407252340376049
0
VERTEX
8
0
10
59.832571875000006
20
23.3092
30
0
0
VERTEX
8
0
10
59.826487500000006
20
23.316365625
30
0
0
VERTEX
8
0
10
59.824715625
20
23.318846875000002
30
0
0
VERTEX
8
0
10
59.82353125
20
23.319850000000002
30
0
0
VERTEX
8
0
10
59.821840625
20
23.321840625
30
0
0
VERTEX
8
0
10
54.717765625000006
20
28.425915625000002
30
0
0
VERTEX
8
0
10
54.724337500000004
20
28.446140625
30
0
42
0.9999999999999999
0
VERTEX
8
0
10
54.2756625
20
28.553859375000002
30
0
0
VERTEX
8
0
10
54.27
20
28.5181
30
0
42
0.5095244921166611
0
VERTEX
8
0
10
54.553859375
20
28.275662500000003
30
0
0
VERTEX
8
0
10
54.574084375000005
20
28.282234375
30
0
0
VERTEX
8
0
10
59.6484
20
23.20791875
30
0
0
VERTEX
8
0
10
59.6484
20
21
30
0
0
VERTEX
8
0
10
59.649303125
20
20.99275625
30
0
0
VERTEX
8
0
10
59.649446875
20
20.98545
30
0
42
0.20754002012829
0
VERTEX
8
0
10
59.692109375
20
20.916915625
30
0
0
VERTEX
8
0
10
59.694484375
20
20.91490625
30
0
0
VERTEX
8
0
10
59.696421875000006
20
20.913959375
30
0
0
VERTEX
8
0
10
59.699593750000005
20
20.911787500000003
30
0
0
VERTEX
8
0
10
59.909593750000006
20
20.7917875
30
0
0
VERTEX
8
0
10
59.932806250000006
20
20.782106250000002
30
0
0
VERTEX
8
0
10
59.957684375
20
20.778425000000002
30
0
0
SEQEND
0
POLYLINE
66
1
8
1_copper
10
0.0
20
0.0
30
0.0
70
1
0
VERTEX
8
0
10
46.379937500000004
20
19.492790625
30
0
42
0.1407252340376049
0
VERTEX
8
0
10
46.4328
20
19.511028125
30
0
0
VERTEX
8
0
10
46.439965625
20
19.5171125
30
0
0
VERTEX
8
0
10
46.442446875
20
19.518884375000003
30
0
0
VERTEX
8
0
10
46.443450000000006
20
19.52006875
30
0
0
VERTEX
8
0
10
46.445440625
20
19.521759375000002
30
0
0
VERTEX
8
0
10
47.731840625000004
20
20.808159375000002
30
0
0
VERTEX
8
0
10
47.733315625
20
20.810053125
30
0
0
VERTEX
8
0
10
47.74128125
20
20.819040625
30
0
0
VERTEX
8
0
10
47.826959375
20
20.933278125
30
0
0
VERTEX
8
0
10
48.321840625
20
21.428159375
30
0
0
VERTEX
8
0
10
48.325753125000006
20
21.433187500000003
30
0
42
0.14075965647395222
0
VERTEX
8
0
10
48.350246875
20
21.483471875
30
0
0
VERTEX
8
0
10
48.3510125
20
21.492834375
30
0
0
VERTEX
8
0
10
48.351515625000005
20
21.49585
30
0
0
VERTEX
8
0
10
48.3513875
20
21.49739375
30
0
0
VERTEX
8
0
10
48.351600000000005
20
21.5
30
0
0
VERTEX
8
0
10
48.351600000000005
20
26.29363125
30
0
0
VERTEX
8
0
10
48.370546875
20
26.3032875
30
0
42
0.9999999999999999
0
VERTEX
8
0
10
48.129453125000005
20
26.6967125
30
0
0
VERTEX
8
0
10
48.100165625
20
26.675434375000002
30
0
42
0.509524700761689
0
VERTEX
8
0
10
48.129453125000005
20
26.3032875
30
0
0
VERTEX
8
0
10
48.1484
20
26.29363125
30
0
0
VERTEX
8
0
10
48.1484
20
21.542081250000003
30
0
0
VERTEX
8
0
10
47.678159375
20
21.071840625
30
0
0
VERTEX
8
0
10
47.676684375
20
21.069946875
30
0
0
VERTEX
8
0
10
47.668718750000004
20
21.060959375
30
0
0
VERTEX
8
0
10
47.583040625
20
20.946721875
30
0
0
VERTEX
8
0
10
46.33151875
20
19.6952
30
0
0
VERTEX
8
0
10
41.69848125
20
19.6952
30
0
0
VERTEX
8
0
10
41.321840625
20
20.071840625
30
0
0
VERTEX
8
0
10
41.316812500000005
20
20.075753125000002
30
0
42
0.14075965647395222
0
VERTEX
8
0
10
41.266528125
20
20.100246875
30
0
0
VERTEX
8
0
10
41.257165625
20
20.1010125
30
0
0
VERTEX
8
0
10
41.25415
20
20.101515625
30
0
0
VERTEX
8
0
10
41.25260625
20
20.1013875
30
0
0
VERTEX
8
0
10
41.25
20
20.1016
30
0
0
VERTEX
8
0
10
37.04208125
20
20.1016
30
0
0
VERTEX
8
0
10
36.571840625
20
20.571840625
30
0
0
VERTEX
8
0
10
36.566812500000005
20
20.575753125000002
30
0
42
0.14075965647395222
0
VERTEX
8
0
10
36.516528125
20
20.600246875
30
0
0
VERTEX
8
0
10
36.507165625
20
20.6010125
30
0
0
VERTEX
8
0
10
36.50415
20
20.601515625
30
0
0
VERTEX
8
0
10
36.50260625
20
20.6013875
30
0
0
VERTEX
8
0
10
36.5
20
20.6016
30
0
0
VERTEX
8
0
10
35.38208125
20
20.6016
30
0
0
VERTEX
8
0
10
35.031840625
20
20.951840625000003
30
0
0
VERTEX
8
0
10
35.01199375
20
20.9672875
30
0
42
0.8128176307274321
0
VERTEX
8
0
10
34.877428125
20
20.820800000000002
30
0
0
VERTEX
8
0
10
34.888159375
20
20.808159375000002
30
0
0
VERTEX
8
0
10
35.268159375
20
20.428159375
30
0
0
VERTEX
8
0
10
35.2731875
20
20.424246875
30
0
42
0.14075965647395222
0
VERTEX
8
0
10
35.323471875
20
20.399753125
30
0
0
VERTEX
8
0
10
35.332834375000004
20
20.3989875
30
0
0
VERTEX
8
0
10
35.33585
20
20.398484375000002
30
0
0
VERTEX
8
0
10
35.337393750000004
20
20.398612500000002
30
0
0
VERTEX
8
0
10
35.34
20
20.398400000000002
30
0
0
VERTEX
8
0
10
36.457918750000005
20
20.398400000000002
30
0
0
VERTEX
8
0
10
36.928159375
20
19.928159375
30
0
0
VERTEX
8
0
10
36.9331875
20
19.924246875
30
0
42
0.14075965647395222
0
VERTEX
8
0
10
36.983471875
20
19.899753125
30
0
0
VERTEX
8
0
10
36.992834375
20
19.8989875
30
0
0
VERTEX
8
0
10
36.995850000000004
20
19.898484375000002
30
0
0
VERTEX
8
0
10
36.99739375
20
19.898612500000002
30
0
0
VERTEX
8
0
10
37
20
19.898400000000002
30
0
0
VERTEX
8
0
10
41.207918750000005
20
19.898400000000002
30
0
0
VERTEX
8
0
10
41.584559375000005
20
19.521759375000002
30
0
0
VERTEX
8
0
10
41.5895875
20
19.517846875
30
0
42
0.14075965647395222
0
VERTEX
8
0
10
41.639871875000004
20
19.493353125000002
30
0
0
VERTEX
8
0
10
41.649234375
20
19.492587500000003
30
0
0
VERTEX
8
0
10
41.65225
20
19.492084375
30
0
0
VERTEX
8
0
10
41.653793750000006
20
19.4922125
30
0
0
VERTEX
8
0
10
41.656400000000005
20
19.492
30
0
0
VERTEX
8
0
10
46.3736
20
19.492
30
0
0
SEQEND
0
POLYLINE
66
1
8
1_copper
10
0.0
20
0.0
30
0.0
70
1
0
VERTEX
8
0
10
97.508396875
20
19.149446875000002
30
0
0
VERTEX
8
0
10
97.51683750000001
20
19.14980625
30
0
42
0.3205751741838904
0
VERTEX
8
0
10
97.60024687500001
20
19.233471875
30
0
0
VERTEX
8
0
10
97.6007
20
19.239021875000002
30
0
42
0.013451900187748484
0
VERTEX
8
0
10
97.601146875
20
19.244453125
30
0
0
VERTEX
8
0
10
97.6016
20
19.25
30
0
0
VERTEX
8
0
10
97.6016
20
20.701640625
30
0
0
VERTEX
8
0
10
97.72406875
20
20.801146875
30
0
0
VERTEX
8
0
10
97.74147500000001
20
20.819300000000002
30
0
42
0.8128111687836166
0
VERTEX
8
0
10
97.60961250000001
20
20.968225
30
0
0
VERTEX
8
0
10
97.59593125
20
20.958853125
30
0
0
VERTEX
8
0
10
97.43593125000001
20
20.828853125000002
30
0
0
VERTEX
8
0
10
97.427909375
20
20.820484375
30
0
0
VERTEX
8
0
10
97.41972187500001
20
20.812275
30
0
42
0.12473301239534859
0
VERTEX
8
0
10
97.399753125
20
20.766528125
30
0
0
VERTEX
8
0
10
97.399653125
20
20.7653125
30
0
0
VERTEX
8
0
10
97.39945
20
20.764571875
30
0
0
VERTEX
8
0
10
97.399403125
20
20.76226875
30
0
0
VERTEX
8
0
10
97.39840000000001
20
20.75
30
0
0
VERTEX
8
0
10
97.39840000000001
20
19.3516
30
0
0
VERTEX
8
0
10
86.54208125000001
20
19.3516
30
0
0
VERTEX
8
0
10
85.089684375
20
20.803996875
30
0
0
VERTEX
8
0
10
85.05710625
20
20.909878125000002
30
0
0
VERTEX
8
0
10
85.04679375
20
20.932818750000003
30
0
42
0.8128066291137241
0
VERTEX
8
0
10
84.859325
20
20.866315625000002
30
0
0
VERTEX
8
0
10
84.86289375
20
20.850121875
30
0
0
VERTEX
8
0
10
84.90289375
20
20.720121875
30
0
0
VERTEX
8
0
10
84.904465625
20
20.716625
30
0
0
VERTEX
8
0
10
84.905415625
20
20.7129
30
0
42
0.062132587094330616
0
VERTEX
8
0
10
84.917428125
20
20.6908
30
0
0
VERTEX
8
0
10
84.928159375
20
20.678159375
30
0
0
VERTEX
8
0
10
86.428159375
20
19.178159375
30
0
0
VERTEX
8
0
10
86.4331875
20
19.174246875
30
0
42
0.14075965647395222
0
VERTEX
8
0
10
86.483471875
20
19.149753125
30
0
0
VERTEX
8
0
10
86.492834375
20
19.1489875
30
0
0
VERTEX
8
0
10
86.49585
20
19.148484375000002
30
0
0
VERTEX
8
0
10
86.49739375
20
19.148612500000002
30
0
0
VERTEX
8
0
10
86.5
20
19.148400000000002
30
0
0
VERTEX
8
0
10
97.5
20
19.148400000000002
30
0
0
SEQEND
0
POLYLINE
66
1
8
16_copper
10
0.0
20
0.0
30
0.0
70
1
0
VERTEX
8
0
10
97.694765625
20
20.784534375
30
0
42
0.5415930043689815
0
VERTEX
8
0
10
97.73336875000001
20
20.95028125
30
0
0
VERTEX
8
0
10
97.720959375
20
20.961281250000003
30
0
0
VERTEX
8
0
10
97.566721875
20
21.076959375
30
0
0
VERTEX
8
0
10
90.07184062500001
20
28.571840625
30
0
0
VERTEX
8
0
10
90.0668125
20
28.575753125000002
30
0
42
0.14075965647395222
0
VERTEX
8
0
10
90.01652812500001
20
28.600246875
30
0
0
VERTEX
8
0
10
90.007165625
20
28.601012500000003
30
0
0
VERTEX
8
0
10
90.00415000000001
20
28.601515625
30
0
0
VERTEX
8
0
10
90.00260625
20
28.6013875
30
0
0
VERTEX
8
0
10
90
20
28.6016
30
0
0
VERTEX
8
0
10
54.70636875
20
28.6016
30
0
0
VERTEX
8
0
10
54.696712500000004
20
28.620546875000002
30
0
42
0.5600237529473715
0
VERTEX
8
0
10
54.3032875
20
28.620546875000002
30
0
0
VERTEX
8
0
10
54.293631250000004
20
28.6016
30
0
0
VERTEX
8
0
10
54.04208125
20
28.6016
30
0
0
VERTEX
8
0
10
53.80868125
20
28.835
30
0
0
VERTEX
8
0
10
54.0942
20
28.835
30
0
0
VERTEX
8
0
10
54.0942
20
29.435000000000002
30
0
0
VERTEX
8
0
10
52.894200000000005
20
29.435000000000002
30
0
0
VERTEX
8
0
10
52.894200000000005
20
29.1016
30
0
0
VERTEX
8
0
10
50.75
20
29.1016
30
0
0
VERTEX
8
0
10
50.7436625
20
29.100809375
30
0
42
0.1407252340376049
0
VERTEX
8
0
10
50.6908
20
29.082571875000003
30
0
0
VERTEX
8
0
10
50.683634375000004
20
29.076487500000002
30
0
0
VERTEX
8
0
10
50.681153125
20
29.074715625
30
0
0
VERTEX
8
0
10
50.680150000000005
20
29.073531250000002
30
0
0
VERTEX
8
0
10
50.678159375
20
29.071840625
30
0
0
VERTEX
8
0
10
48.324084375000005
20
26.717765625000002
30
0
0
VERTEX
8
0
10
48.303859375
20
26.7243375
30
0
42
0.9999999999999999
0
VERTEX
8
0
10
48.196140625000005
20
26.275662500000003
30
0
0
VERTEX
8
0
10
48.2319
20
26.27
30
0
42
0.5095244921166611
0
VERTEX
8
0
10
48.474337500000004
20
26.553859375000002
30
0
0
VERTEX
8
0
10
48.467765625000006
20
26.574084375
30
0
0
VERTEX
8
0
10
50.79208125
20
28.898400000000002
30
0
0
VERTEX
8
0
10
52.894200000000005
20
28.898400000000002
30
0
0
VERTEX
8
0
10
52.894200000000005
20
28.835
30
0
0
VERTEX
8
0
10
53.521318750000006
20
28.835
30
0
0
VERTEX
8
0
10
53.928159375
20
28.428159375
30
0
0
VERTEX
8
0
10
53.9331875
20
28.424246875
30
0
42
0.14075965647395222
0
VERTEX
8
0
10
53.983471875
20
28.399753125
30
0
0
VERTEX
8
0
10
53.992834375
20
28.3989875
30
0
0
VERTEX
8
0
10
53.995850000000004
20
28.398484375000002
30
0
0
VERTEX
8
0
10
53.99739375
20
28.398612500000002
30
0
0
VERTEX
8
0
10
54
20
28.398400000000002
30
0
0
VERTEX
8
0
10
54.293631250000004
20
28.398400000000002
30
0
0
VERTEX
8
0
10
54.3032875
20
28.379453125
30
0
42
0.5600237529473715
0
VERTEX
8
0
10
54.696712500000004
20
28.379453125
30
0
0
VERTEX
8
0
10
54.70636875
20
28.398400000000002
30
0
0
VERTEX
8
0
10
89.95791875
20
28.398400000000002
30
0
0
VERTEX
8
0
10
97.428159375
20
20.928159375
30
0
0
VERTEX
8
0
10
97.430053125
20
20.926684375
30
0
0
VERTEX
8
0
10
97.439040625
20
20.91871875
30
0
0
VERTEX
8
0
10
97.599040625
20
20.798718750000003
30
0
0
VERTEX
8
0
10
97.620875
20
20.786237500000002
30
0
42
0.12473335761373988
0
VERTEX
8
0
10
97.67025000000001
20
20.778918750000003
30
0
0
SEQEND
0
POLYLINE
66
1
8
16_copper
10
0.0
20
0.0
30
0.0
70
1
0
VERTEX
8
0
10
63.0063375
20
19.899190625
30
0
42
0.1407252340376049
0
VERTEX
8
0
10
63.059200000000004
20
19.917428125
30
0
0
VERTEX
8
0
10
63.066365625
20
19.9235125
30
0
0
VERTEX
8
0
10
63.068846875000006
20
19.925284375
30
0
0
VERTEX
8
0
10
63.06985
20
19.92646875
30
0
0
VERTEX
8
0
10
63.071840625
20
19.928159375
30
0
0
VERTEX
8
0
10
63.946840625
20
20.803159375
30
0
0
VERTEX
8
0
10
63.950753125000006
20
20.808187500000003
30
0
42
0.14075965647395222
0
VERTEX
8
0
10
63.975246875
20
20.858471875
30
0
0
VERTEX
8
0
10
63.9760125
20
20.867834375
30
0
0
VERTEX
8
0
10
63.976515625000005
20
20.87085
30
0
0
VERTEX
8
0
10
63.9763875
20
20.87239375
30
0
0
VERTEX
8
0
10
63.976600000000005
20
20.875
30
0
0
VERTEX
8
0
10
63.976600000000005
20
21.08291875
30
0
0
VERTEX
8
0
10
64.54208125000001
20
21.648400000000002
30
0
0
VERTEX
8
0
10
71.70791875
20
21.648400000000002
30
0
0
VERTEX
8
0
10
72.428159375
20
20.928159375
30
0
0
VERTEX
8
0
10
72.430053125
20
20.926684375
30
0
0
VERTEX
8
0
10
72.439040625
20
20.91871875
30
0
0
VERTEX
8
0
10
72.599040625
20
20.798718750000003
30
0
0
VERTEX
8
0
10
72.620875
20
20.786237500000002
30
0
42
0.8128113325975903
0
VERTEX
8
0
10
72.73336875
20
20.95028125
30
0
0
VERTEX
8
0
10
72.720959375
20
20.961281250000003
30
0
0
VERTEX
8
0
10
72.566721875
20
21.076959375
30
0
0
VERTEX
8
0
10
71.82184062500001
20
21.821840625
30
0
0
VERTEX
8
0
10
71.8168125
20
21.825753125000002
30
0
42
0.14075965647395222
0
VERTEX
8
0
10
71.76652812500001
20
21.850246875
30
0
0
VERTEX
8
0
10
71.757165625
20
21.8510125
30
0
0
VERTEX
8
0
10
71.75415000000001
20
21.851515625
30
0
0
VERTEX
8
0
10
71.75260625
20
21.8513875
30
0
0
VERTEX
8
0
10
71.75
20
21.8516
30
0
0
VERTEX
8
0
10
64.5
20
21.8516
30
0
0
VERTEX
8
0
10
64.4936625
20
21.850809375
30
0
42
0.1407252340376049
0
VERTEX
8
0
10
64.44080000000001
20
21.832571875
30
0
0
VERTEX
8
0
10
64.433634375
20
21.826487500000002
30
0
0
VERTEX
8
0
10
64.43115312500001
20
21.824715625
30
0
0
VERTEX
8
0
10
64.43015
20
21.823531250000002
30
0
0
VERTEX
8
0
10
64.428159375
20
21.821840625
30
0
0
VERTEX
8
0
10
63.803159375
20
21.196840625
30
0
0
VERTEX
8
0
10
63.799246875
20
21.1918125
30
0
42
0.14075965647395222
0
VERTEX
8
0
10
63.774753125000004
20
21.141528125
30
0
0
VERTEX
8
0
10
63.773987500000004
20
21.132165625000003
30
0
0
VERTEX
8
0
10
63.773484375
20
21.129150000000003
30
0
0
VERTEX
8
0
10
63.773612500000006
20
21.12760625
30
0
0
VERTEX
8
0
10
63.7734
20
21.125
30
0
0
VERTEX
8
0
10
63.7734
20
20.917081250000003
30
0
0
VERTEX
8
0
10
62.957918750000005
20
20.1016
30
0
0
VERTEX
8
0
10
60.79208125
20
20.1016
30
0
0
VERTEX
8
0
10
60.089684375000004
20
20.803996875
30
0
0
VERTEX
8
0
10
60.057106250000004
20
20.909878125000002
30
0
0
VERTEX
8
0
10
60.046793750000006
20
20.932818750000003
30
0
42
0.8128066291137241
0
VERTEX
8
0
10
59.859325000000005
20
20.866315625000002
30
0
0
VERTEX
8
0
10
59.862893750000005
20
20.850121875
30
0
0
VERTEX
8
0
10
59.902893750000004
20
20.720121875
30
0
0
VERTEX
8
0
10
59.904465625
20
20.716625
30
0
0
VERTEX
8
0
10
59.905415625
20
20.7129
30
0
42
0.062132587094330616
0
VERTEX
8
0
10
59.917428125
20
20.6908
30
0
0
VERTEX
8
0
10
59.928159375
20
20.678159375
30
0
0
VERTEX
8
0
10
60.678159375
20
19.928159375
30
0
0
VERTEX
8
0
10
60.6831875
20
19.924246875
30
0
42
0.14075965647395222
0
VERTEX
8
0
10
60.733471875000006
20
19.899753125
30
0
0
VERTEX
8
0
10
60.742834375
20
19.8989875
30
0
0
VERTEX
8
0
10
60.745850000000004
20
19.898484375000002
30
0
0
VERTEX
8
0
10
60.74739375
20
19.898612500000002
30
0
0
VERTEX
8
0
10
60.75
20
19.898400000000002
30
0
0
VERTEX
8
0
10
63
20
19.898400000000002
30
0
0
SEQEND
0
POLYLINE
66
1
8
1_copper
10
0.0
20
0.0
30
0.0
70
1
0
VERTEX
8
0
10
44.2463375
20
19.899190625
30
0
42
0.1407252340376049
0
VERTEX
8
0
10
44.2992
20
19.917428125
30
0
0
VERTEX
8
0
10
44.306365625000005
20
19.9235125
30
0
0
VERTEX
8
0
10
44.308846875
20
19.925284375
30
0
0
VERTEX
8
0
10
44.309850000000004
20
19.92646875
30
0
0
VERTEX
8
0
10
44.311840625
20
19.928159375
30
0
0
VERTEX
8
0
10
45.190375
20
20.80669375
30
0
0
VERTEX
8
0
10
45.3189125
20
20.92534375
30
0
0
VERTEX
8
0
10
45.319896875000005
20
20.926509375000002
30
0
0
VERTEX
8
0
10
45.321840625
20
20.928159375
30
0
0
VERTEX
8
0
10
47.571840625
20
23.178159375
30
0
0
VERTEX
8
0
10
47.575753125000006
20
23.183187500000003
30
0
42
0.14075965647395222
0
VERTEX
8
0
10
47.600246875
20
23.233471875000003
30
0
0
VERTEX
8
0
10
47.6010125
20
23.242834375
30
0
0
VERTEX
8
0
10
47.601515625000005
20
23.24585
30
0
0
VERTEX
8
0
10
47.6013875
20
23.24739375
30
0
0
VERTEX
8
0
10
47.601600000000005
20
23.25
30
0
0
VERTEX
8
0
10
47.601600000000005
20
24.54363125
30
0
0
VERTEX
8
0
10
47.620546875
20
24.5532875
30
0
42
0.9999999999999999
0
VERTEX
8
0
10
47.379453125000005
20
24.9467125
30
0
0
VERTEX
8
0
10
47.350165625
20
24.925434375000002
30
0
42
0.509524700761689
0
VERTEX
8
0
10
47.379453125000005
20
24.5532875
30
0
0
VERTEX
8
0
10
47.3984
20
24.54363125
30
0
0
VERTEX
8
0
10
47.3984
20
23.292081250000003
30
0
0
VERTEX
8
0
10
45.179625
20
21.07330625
30
0
0
VERTEX
8
0
10
45.0510875
20
20.95465625
30
0
0
VERTEX
8
0
10
45.050103125
20
20.953490625
30
0
0
VERTEX
8
0
10
45.048159375000004
20
20.951840625000003
30
0
0
VERTEX
8
0
10
44.19791875
20
20.1016
30
0
0
VERTEX
8
0
10
42.176612500000005
20
20.1016
30
0
0
VERTEX
8
0
10
39.706371875
20
22.571840625
30
0
0
VERTEX
8
0
10
39.70134375
20
22.575753125000002
30
0
42
0.14075965647395222
0
VERTEX
8
0
10
39.651059375
20
22.600246875
30
0
0
VERTEX
8
0
10
39.641696875
20
22.6010125
30
0
0
VERTEX
8
0
10
39.638681250000005
20
22.601515625
30
0
0
VERTEX
8
0
10
39.6371375
20
22.6013875
30
0
0
VERTEX
8
0
10
39.63453125
20
22.6016
30
0
0
VERTEX
8
0
10
34
20
22.6016
30
0
0
VERTEX
8
0
10
33.9936625
20
22.600809375
30
0
42
0.1407252340376049
0
VERTEX
8
0
10
33.9408
20
22.582571875000003
30
0
0
VERTEX
8
0
10
33.933634375000004
20
22.576487500000002
30
0
0
VERTEX
8
0
10
33.931153125
20
22.574715625
30
0
0
VERTEX
8
0
10
33.930150000000005
20
22.573531250000002
30
0
0
VERTEX
8
0
10
33.928159375
20
22.571840625
30
0
0
VERTEX
8
0
10
32.428159375
20
21.071840625
30
0
0
VERTEX
8
0
10
32.427103125
20
21.07048125
30
0
0
VERTEX
8
0
10
32.42575625
20
21.069359375
30
0
0
VERTEX
8
0
10
32.415462500000004
20
21.05635625
30
0
0
VERTEX
8
0
10
32.3354625
20
20.93635625
30
0
0
VERTEX
8
0
10
32.324209375
20
20.913865625
30
0
42
0.8128119064910809
0
VERTEX
8
0
10
32.49424375
20
20.810640625
30
0
0
VERTEX
8
0
10
32.504537500000005
20
20.823643750000002
30
0
0
VERTEX
8
0
10
32.5789625
20
20.935281250000003
30
0
0
VERTEX
8
0
10
34.04208125
20
22.398400000000002
30
0
0
VERTEX
8
0
10
39.59245
20
22.398400000000002
30
0
0
VERTEX
8
0
10
42.062690625
20
19.928159375
30
0
0
VERTEX
8
0
10
42.067718750000004
20
19.924246875
30
0
42
0.14075965647395222
0
VERTEX
8
0
10
42.118003125
20
19.899753125
30
0
0
VERTEX
8
0
10
42.127365625
20
19.8989875
30
0
0
VERTEX
8
0
10
42.13038125
20
19.898484375000002
30
0
0
VERTEX
8
0
10
42.131925
20
19.898612500000002
30
0
0
VERTEX
8
0
10
42.13453125
20
19.898400000000002
30
0
0
VERTEX
8
0
10
44.24
20
19.898400000000002
30
0
0
SEQEND
0
POLYLINE
66
1
8
1_copper
10
0.0
20
0.0
30
0.0
70
1
0
VERTEX
8
0
10
68.5063375
20
19.149190625
30
0
42
0.1407252340376049
0
VERTEX
8
0
10
68.5592
20
19.167428125
30
0
0
VERTEX
8
0
10
68.566365625
20
19.1735125
30
0
0
VERTEX
8
0
10
68.568846875
20
19.175284375
30
0
0
VERTEX
8
0
10
68.56985
20
19.17646875
30
0
0
VERTEX
8
0
10
68.57184062500001
20
19.178159375
30
0
0
VERTEX
8
0
10
70.07184062500001
20
20.678159375
30
0
0
VERTEX
8
0
10
70.072765625
20
20.67935
30
0
0
VERTEX
8
0
10
70.07465625
20
20.6810875
30
0
0
VERTEX
8
0
10
70.19465625000001
20
20.8110875
30
0
0
VERTEX
8
0
10
70.209296875
20
20.8315375
30
0
42
0.8128004920092757
0
VERTEX
8
0
10
70.05755
20
20.960140625
30
0
0
VERTEX
8
0
10
70.04534375
20
20.948912500000002
30
0
0
VERTEX
8
0
10
69.92669375
20
20.820375000000002
30
0
0
VERTEX
8
0
10
68.45791875
20
19.3516
30
0
0
VERTEX
8
0
10
59.04208125
20
19.3516
30
0
0
VERTEX
8
0
10
57.580278125
20
20.813403125
30
0
0
VERTEX
8
0
10
57.506528125
20
20.933246875000002
30
0
0
VERTEX
8
0
10
57.490796875
20
20.952871875
30
0
42
0.8128062446396522
0
VERTEX
8
0
10
57.3259625
20
20.8415375
30
0
0
VERTEX
8
0
10
57.333471875
20
20.826753125
30
0
0
VERTEX
8
0
10
57.413471875000006
20
20.696753125
30
0
0
VERTEX
8
0
10
57.415709375000006
20
20.6939625
30
0
0
VERTEX
8
0
10
57.417428125
20
20.6908
30
0
0
VERTEX
8
0
10
57.428159375
20
20.678159375
30
0
0
VERTEX
8
0
10
58.928159375
20
19.178159375
30
0
0
VERTEX
8
0
10
58.9331875
20
19.174246875
30
0
42
0.14075965647395222
0
VERTEX
8
0
10
58.983471875
20
19.149753125
30
0
0
VERTEX
8
0
10
58.992834375
20
19.1489875
30
0
0
VERTEX
8
0
10
58.995850000000004
20
19.148484375000002
30
0
0
VERTEX
8
0
10
58.99739375
20
19.148612500000002
30
0
0
VERTEX
8
0
10
59
20
19.148400000000002
30
0
0
VERTEX
8
0
10
68.5
20
19.148400000000002
30
0
0
SEQEND
0
POLYLINE
66
1
8
16_copper
10
0.0
20
0.0
30
0.0
70
1
0
VERTEX
8
0
10
95.04815937500001
20
20.808159375000002
30
0
42
0.921470978089403
0
VERTEX
8
0
10
95.202571875
20
20.9392
30
0
0
VERTEX
8
0
10
95.191840625
20
20.951840625000003
30
0
0
VERTEX
8
0
10
94.32184062500001
20
21.821840625
30
0
0
VERTEX
8
0
10
94.3168125
20
21.825753125000002
30
0
42
0.14075965647395222
0
VERTEX
8
0
10
94.26652812500001
20
21.850246875
30
0
0
VERTEX
8
0
10
94.257165625
20
21.8510125
30
0
0
VERTEX
8
0
10
94.25415000000001
20
21.851515625
30
0
0
VERTEX
8
0
10
94.25260625
20
21.8513875
30
0
0
VERTEX
8
0
10
94.25
20
21.8516
30
0
0
VERTEX
8
0
10
81.54208125000001
20
21.8516
30
0
0
VERTEX
8
0
10
76.07184062500001
20
27.321840625
30
0
0
VERTEX
8
0
10
76.0668125
20
27.325753125000002
30
0
42
0.14075965647395222
0
VERTEX
8
0
10
76.01652812500001
20
27.350246875
30
0
0
VERTEX
8
0
10
76.007165625
20
27.351012500000003
30
0
0
VERTEX
8
0
10
76.00415000000001
20
27.351515625
30
0
0
VERTEX
8
0
10
76.00260625
20
27.3513875
30
0
0
VERTEX
8
0
10
76
20
27.3516
30
0
0
VERTEX
8
0
10
54.04208125
20
27.3516
30
0
0
VERTEX
8
0
10
53.82868125
20
27.565
30
0
0
VERTEX
8
0
10
54.0942
20
27.565
30
0
0
VERTEX
8
0
10
54.0942
20
28.165000000000003
30
0
0
VERTEX
8
0
10
52.894200000000005
20
28.165000000000003
30
0
0
VERTEX
8
0
10
52.894200000000005
20
27.8516
30
0
0
VERTEX
8
0
10
50.5
20
27.8516
30
0
0
VERTEX
8
0
10
50.4936625
20
27.850809375
30
0
42
0.1407252340376049
0
VERTEX
8
0
10
50.4408
20
27.832571875000003
30
0
0
VERTEX
8
0
10
50.433634375000004
20
27.826487500000002
30
0
0
VERTEX
8
0
10
50.431153125
20
27.824715625
30
0
0
VERTEX
8
0
10
50.430150000000005
20
27.823531250000002
30
0
0
VERTEX
8
0
10
50.428159375
20
27.821840625
30
0
0
VERTEX
8
0
10
47.574084375000005
20
24.967765625000002
30
0
0
VERTEX
8
0
10
47.553859375
20
24.9743375
30
0
42
0.9999999999999999
0
VERTEX
8
0
10
47.446140625000005
20
24.525662500000003
30
0
0
VERTEX
8
0
10
47.4819
20
24.52
30
0
42
0.5095244921166611
0
VERTEX
8
0
10
47.724337500000004
20
24.803859375000002
30
0
0
VERTEX
8
0
10
47.717765625000006
20
24.824084375
30
0
0
VERTEX
8
0
10
50.54208125
20
27.648400000000002
30
0
0
VERTEX
8
0
10
52.894200000000005
20
27.648400000000002
30
0
0
VERTEX
8
0
10
52.894200000000005
20
27.565
30
0
0
VERTEX
8
0
10
53.54131875
20
27.565
30
0
0
VERTEX
8
0
10
53.928159375
20
27.178159375
30
0
0
VERTEX
8
0
10
53.9331875
20
27.174246875
30
0
42
0.14075965647395222
0
VERTEX
8
0
10
53.983471875
20
27.149753125
30
0
0
VERTEX
8
0
10
53.992834375
20
27.1489875
30
0
0
VERTEX
8
0
10
53.995850000000004
20
27.148484375000002
30
0
0
VERTEX
8
0
10
53.99739375
20
27.148612500000002
30
0
0
VERTEX
8
0
10
54
20
27.148400000000002
30
0
0
VERTEX
8
0
10
75.95791875
20
27.148400000000002
30
0
0
VERTEX
8
0
10
81.25471875000001
20
21.8516
30
0
0
VERTEX
8
0
10
79.5
20
21.8516
30
0
0
VERTEX
8
0
10
79.4936625
20
21.850809375
30
0
42
0.1407252340376049
0
VERTEX
8
0
10
79.44080000000001
20
21.832571875
30
0
0
VERTEX
8
0
10
79.433634375
20
21.826487500000002
30
0
0
VERTEX
8
0
10
79.43115312500001
20
21.824715625
30
0
0
VERTEX
8
0
10
79.43015
20
21.823531250000002
30
0
0
VERTEX
8
0
10
79.428159375
20
21.821840625
30
0
0
VERTEX
8
0
10
77.70791875
20
20.1016
30
0
0
VERTEX
8
0
10
71.04208125000001
20
20.1016
30
0
0
VERTEX
8
0
10
70.191840625
20
20.951840625000003
30
0
0
VERTEX
8
0
10
70.17199375
20
20.9672875
30
0
42
0.8128176307274321
0
VERTEX
8
0
10
70.037428125
20
20.820800000000002
30
0
0
VERTEX
8
0
10
70.048159375
20
20.808159375000002
30
0
0
VERTEX
8
0
10
70.928159375
20
19.928159375
30
0
0
VERTEX
8
0
10
70.9331875
20
19.924246875
30
0
42
0.14075965647395222
0
VERTEX
8
0
10
70.983471875
20
19.899753125
30
0
0
VERTEX
8
0
10
70.992834375
20
19.8989875
30
0
0
VERTEX
8
0
10
70.99585
20
19.898484375000002
30
0
0
VERTEX
8
0
10
70.99739375
20
19.898612500000002
30
0
0
VERTEX
8
0
10
71
20
19.898400000000002
30
0
0
VERTEX
8
0
10
77.75
20
19.898400000000002
30
0
0
VERTEX
8
0
10
77.7563375
20
19.899190625
30
0
42
0.1407252340376049
0
VERTEX
8
0
10
77.8092
20
19.917428125
30
0
0
VERTEX
8
0
10
77.816365625
20
19.9235125
30
0
0
VERTEX
8
0
10
77.818846875
20
19.925284375
30
0
0
VERTEX
8
0
10
77.81985
20
19.92646875
30
0
0
VERTEX
8
0
10
77.82184062500001
20
19.928159375
30
0
0
VERTEX
8
0
10
79.54208125000001
20
21.648400000000002
30
0
0
VERTEX
8
0
10
81.45791875
20
21.648400000000002
30
0
0
VERTEX
8
0
10
82.178159375
20
20.928159375
30
0
0
VERTEX
8
0
10
82.178446875
20
20.927934375
30
0
0
VERTEX
8
0
10
82.17868750000001
20
20.92763125
30
0
0
VERTEX
8
0
10
82.191409375
20
20.916996875000002
30
0
0
VERTEX
8
0
10
82.36140937500001
20
20.796996875
30
0
0
VERTEX
8
0
10
82.38359375
20
20.785146875000002
30
0
42
0.8128145246225277
0
VERTEX
8
0
10
82.4913125
20
20.95236875
30
0
0
VERTEX
8
0
10
82.47859062500001
20
20.963003125
30
0
0
VERTEX
8
0
10
82.31568750000001
20
21.07799375
30
0
0
VERTEX
8
0
10
81.74528125
20
21.648400000000002
30
0
0
VERTEX
8
0
10
94.20791875
20
21.648400000000002
30
0
0
SEQEND
0
POLYLINE
66
1
8
1_copper
10
0.0
20
0.0
30
0.0
70
1
0
VERTEX
8
0
10
54.904871875000005
20
20.781490625
30
0
42
0.5415873802595239
0
VERTEX
8
0
10
54.960140625
20
20.94245
30
0
0
VERTEX
8
0
10
54.948912500000006
20
20.95465625
30
0
0
VERTEX
8
0
10
54.851600000000005
20
21.044484375
30
0
0
VERTEX
8
0
10
54.851600000000005
20
25.75
30
0
0
VERTEX
8
0
10
54.850809375000004
20
25.7563375
30
0
42
0.1407252340376049
0
VERTEX
8
0
10
54.832571875
20
25.8092
30
0
0
VERTEX
8
0
10
54.826487500000006
20
25.816365625
30
0
0
VERTEX
8
0
10
54.824715625
20
25.818846875000002
30
0
0
VERTEX
8
0
10
54.82353125
20
25.819850000000002
30
0
0
VERTEX
8
0
10
54.821840625
20
25.821840625
30
0
0
VERTEX
8
0
10
54.717765625000006
20
25.925915625000002
30
0
0
VERTEX
8
0
10
54.724337500000004
20
25.946140625
30
0
42
0.9999999999999999
0
VERTEX
8
0
10
54.2756625
20
26.053859375000002
30
0
0
VERTEX
8
0
10
54.27
20
26.0181
30
0
42
0.5095244921166611
0
VERTEX
8
0
10
54.553859375
20
25.775662500000003
30
0
0
VERTEX
8
0
10
54.574084375000005
20
25.782234375
30
0
0
VERTEX
8
0
10
54.6484
20
25.70791875
30
0
0
VERTEX
8
0
10
54.6484
20
21
30
0
0
VERTEX
8
0
10
54.649440625000004
20
20.991646875
30
0
0
VERTEX
8
0
10
54.649790625
20
20.98325
30
0
42
0.12472684400237541
0
VERTEX
8
0
10
54.669859375
20
20.93755
30
0
0
VERTEX
8
0
10
54.673684375
20
20.933390625
30
0
42
0.013385976399399266
0
VERTEX
8
0
10
54.67735625
20
20.9294
30
0
0
VERTEX
8
0
10
54.681087500000004
20
20.92534375
30
0
0
VERTEX
8
0
10
54.8110875
20
20.805343750000002
30
0
0
VERTEX
8
0
10
54.8315375
20
20.790703125
30
0
42
0.12473328772497974
0
VERTEX
8
0
10
54.8799125
20
20.7784
30
0
0
SEQEND
0
POLYLINE
66
1
8
16_copper
10
0.0
20
0.0
30
0.0
70
1
0
VERTEX
8
0
10
54.553859375
20
25.775662500000003
30
0
42
0.9999999999999999
0
VERTEX
8
0
10
54.446140625000005
20
26.2243375
30
0
0
VERTEX
8
0
10
54.411709375
20
26.213150000000002
30
0
42
0.15838217860281115
0
VERTEX
8
0
10
54.3032875
20
26.120546875000002
30
0
0
VERTEX
8
0
10
54.293631250000004
20
26.1016
30
0
0
VERTEX
8
0
10
54.04208125
20
26.1016
30
0
0
VERTEX
8
0
10
53.848681250000006
20
26.295
30
0
0
VERTEX
8
0
10
54.0942
20
26.295
30
0
0
VERTEX
8
0
10
54.0942
20
26.895
30
0
0
VERTEX
8
0
10
52.894200000000005
20
26.895
30
0
0
VERTEX
8
0
10
52.894200000000005
20
26.295
30
0
0
VERTEX
8
0
10
53.561318750000005
20
26.295
30
0
0
VERTEX
8
0
10
53.928159375
20
25.928159375
30
0
0
VERTEX
8
0
10
53.9331875
20
25.924246875
30
0
42
0.14075965647395222
0
VERTEX
8
0
10
53.983471875
20
25.899753125
30
0
0
VERTEX
8
0
10
53.992834375
20
25.8989875
30
0
0
VERTEX
8
0
10
53.995850000000004
20
25.898484375000002
30
0
0
VERTEX
8
0
10
53.99739375
20
25.898612500000002
30
0
0
VERTEX
8
0
10
54
20
25.898400000000002
30
0
0
VERTEX
8
0
10
54.293631250000004
20
25.898400000000002
30
0
0
VERTEX
8
0
10
54.3032875
20
25.879453125
30
0
42
0.28202624769580686
0
VERTEX
8
0
10
54.518100000000004
20
25.77
30
0
0
SEQEND
0
POLYLINE
66
1
8
16_copper
10
0.0
20
0.0
30
0.0
70
1
0
VERTEX
8
0
10
54.95465625
20
20.948912500000002
30
0
42
0.9214651634529987
0
VERTEX
8
0
10
54.795128125000005
20
20.82415
30
0
0
VERTEX
8
0
10
54.805343750000006
20
20.8110875
30
0
0
VERTEX
8
0
10
54.92534375
20
20.6810875
30
0
0
VERTEX
8
0
10
54.926509375
20
20.680103125000002
30
0
0
VERTEX
8
0
10
54.928159375
20
20.678159375
30
0
0
VERTEX
8
0
10
55.50471875
20
20.1016
30
0
0
VERTEX
8
0
10
41.04208125
20
20.1016
30
0
0
VERTEX
8
0
10
40.321840625
20
20.821840625
30
0
0
VERTEX
8
0
10
40.319128125
20
20.823953125000003
30
0
0
VERTEX
8
0
10
40.31681875
20
20.8265375
30
0
0
VERTEX
8
0
10
40.303478125000005
20
20.8363875
30
0
0
VERTEX
8
0
10
40.093478125000004
20
20.9663875
30
0
0
VERTEX
8
0
10
40.07061875
20
20.976875
30
0
42
0.8128105129697704
0
VERTEX
8
0
10
39.97318125
20
20.803462500000002
30
0
0
VERTEX
8
0
10
39.986521875
20
20.793612500000002
30
0
0
VERTEX
8
0
10
40.18650625
20
20.669812500000003
30
0
0
VERTEX
8
0
10
40.75471875
20
20.1016
30
0
0
VERTEX
8
0
10
30.792081250000003
20
20.1016
30
0
0
VERTEX
8
0
10
30.07330625
20
20.820375000000002
30
0
0
VERTEX
8
0
10
29.954656250000003
20
20.948912500000002
30
0
0
VERTEX
8
0
10
29.935440625000002
20
20.965140625
30
0
42
0.8128063889824926
0
VERTEX
8
0
10
29.795128125
20
20.82415
30
0
0
VERTEX
8
0
10
29.805343750000002
20
20.8110875
30
0
0
VERTEX
8
0
10
29.92534375
20
20.6810875
30
0
0
VERTEX
8
0
10
29.926509375000002
20
20.680103125000002
30
0
0
VERTEX
8
0
10
29.928159375
20
20.678159375
30
0
0
VERTEX
8
0
10
30.504718750000002
20
20.1016
30
0
0
VERTEX
8
0
10
16.042081250000003
20
20.1016
30
0
0
VERTEX
8
0
10
15.321840625
20
20.821840625
30
0
0
VERTEX
8
0
10
15.319128125
20
20.823953125000003
30
0
0
VERTEX
8
0
10
15.316818750000001
20
20.8265375
30
0
0
VERTEX
8
0
10
15.303478125000002
20
20.8363875
30
0
0
VERTEX
8
0
10
15.093478125
20
20.9663875
30
0
0
VERTEX
8
0
10
15.070618750000001
20
20.976875
30
0
42
0.8128105129697704
0
VERTEX
8
0
10
14.973181250000001
20
20.803462500000002
30
0
0
VERTEX
8
0
10
14.986521875000001
20
20.793612500000002
30
0
0
VERTEX
8
0
10
15.18650625
20
20.669812500000003
30
0
0
VERTEX
8
0
10
15.75471875
20
20.1016
30
0
0
VERTEX
8
0
10
5.79208125
20
20.1016
30
0
0
VERTEX
8
0
10
5.07330625
20
20.820375000000002
30
0
0
VERTEX
8
0
10
4.95465625
20
20.948912500000002
30
0
0
VERTEX
8
0
10
4.935440625
20
20.965140625
30
0
42
0.8128063889824926
0
VERTEX
8
0
10
4.795128125000001
20
20.82415
30
0
0
VERTEX
8
0
10
4.8053437500000005
20
20.8110875
30
0
0
VERTEX
8
0
10
4.925343750000001
20
20.6810875
30
0
0
VERTEX
8
0
10
4.926509375
20
20.680103125000002
30
0
0
VERTEX
8
0
10
4.928159375
20
20.678159375
30
0
0
VERTEX
8
0
10
5.678159375
20
19.928159375
30
0
0
VERTEX
8
0
10
5.6831875
20
19.924246875
30
0
42
0.14075965647395222
0
VERTEX
8
0
10
5.733471875
20
19.899753125
30
0
0
VERTEX
8
0
10
5.742834375
20
19.8989875
30
0
0
VERTEX
8
0
10
5.74585
20
19.898484375000002
30
0
0
VERTEX
8
0
10
5.7473937500000005
20
19.898612500000002
30
0
0
VERTEX
8
0
10
5.75
20
19.898400000000002
30
0
0
VERTEX
8
0
10
55.707918750000005
20
19.898400000000002
30
0
0
VERTEX
8
0
10
56.178159375
20
19.428159375
30
0
0
VERTEX
8
0
10
56.1831875
20
19.424246875
30
0
42
0.14075965647395222
0
VERTEX
8
0
10
56.233471875
20
19.399753125
30
0
0
VERTEX
8
0
10
56.242834375
20
19.3989875
30
0
0
VERTEX
8
0
10
56.245850000000004
20
19.398484375000002
30
0
0
VERTEX
8
0
10
56.24739375
20
19.398612500000002
30
0
0
VERTEX
8
0
10
56.25
20
19.398400000000002
30
0
0
VERTEX
8
0
10
88.75
20
19.398400000000002
30
0
0
VERTEX
8
0
10
88.7563375
20
19.399190625
30
0
42
0.1407252340376049
0
VERTEX
8
0
10
88.8092
20
19.417428125
30
0
0
VERTEX
8
0
10
88.816365625
20
19.4235125
30
0
0
VERTEX
8
0
10
88.818846875
20
19.425284375
30
0
0
VERTEX
8
0
10
88.81985
20
19.42646875
30
0
0
VERTEX
8
0
10
88.82184062500001
20
19.428159375
30
0
0
VERTEX
8
0
10
90.07184062500001
20
20.678159375
30
0
0
VERTEX
8
0
10
90.074196875
20
20.681184375
30
0
0
VERTEX
8
0
10
90.07704375
20
20.683768750000002
30
0
42
0.06212310762021846
0
VERTEX
8
0
10
90.090953125
20
20.704721875
30
0
0
VERTEX
8
0
10
90.09710625000001
20
20.720121875
30
0
0
VERTEX
8
0
10
90.13710625
20
20.850121875
30
0
0
VERTEX
8
0
10
90.14147187500001
20
20.874890625000003
30
0
42
0.8128054666573057
0
VERTEX
8
0
10
89.94904687500001
20
20.925278125000002
30
0
0
VERTEX
8
0
10
89.94289375000001
20
20.909878125000002
30
0
0
VERTEX
8
0
10
89.91031562500001
20
20.803996875
30
0
0
VERTEX
8
0
10
88.70791875
20
19.6016
30
0
0
VERTEX
8
0
10
78.74528125
20
19.6016
30
0
0
VERTEX
8
0
10
79.951840625
20
20.808159375000002
30
0
0
VERTEX
8
0
10
79.9672875
20
20.82800625
30
0
42
0.8128176307274321
0
VERTEX
8
0
10
79.8208
20
20.962571875000002
30
0
0
VERTEX
8
0
10
79.808159375
20
20.951840625000003
30
0
0
VERTEX
8
0
10
78.45791875
20
19.6016
30
0
0
VERTEX
8
0
10
63.995281250000005
20
19.6016
30
0
0
VERTEX
8
0
10
65.07184062500001
20
20.678159375
30
0
0
VERTEX
8
0
10
65.074196875
20
20.681184375
30
0
0
VERTEX
8
0
10
65.07704375
20
20.683768750000002
30
0
42
0.06212310762021846
0
VERTEX
8
0
10
65.090953125
20
20.704721875
30
0
0
VERTEX
8
0
10
65.09710625000001
20
20.720121875
30
0
0
VERTEX
8
0
10
65.13710625
20
20.850121875
30
0
0
VERTEX
8
0
10
65.14147187500001
20
20.874890625000003
30
0
42
0.8128054666573057
0
VERTEX
8
0
10
64.94904687500001
20
20.925278125000002
30
0
0
VERTEX
8
0
10
64.94289375
20
20.909878125000002
30
0
0
VERTEX
8
0
10
64.91031562500001
20
20.803996875
30
0
0
VERTEX
8
0
10
63.707918750000005
20
19.6016
30
0
0
VERTEX
8
0
10
56.29208125
20
19.6016
30
0
0
VERTEX
8
0
10
55.07330625
20
20.820375000000002
30
0
0
SEQEND
0
POLYLINE
66
1
8
1_copper
10
0.0
20
0.0
30
0.0
70
1
0
VERTEX
8
0
10
77.363353125
20
20.78111875
30
0
0
VERTEX
8
0
10
77.386925
20
20.789887500000003
30
0
0
VERTEX
8
0
10
77.400959375
20
20.798718750000003
30
0
0
VERTEX
8
0
10
77.56095937500001
20
20.91871875
30
0
0
VERTEX
8
0
10
77.562709375
20
20.920406250000003
30
0
0
VERTEX
8
0
10
77.57184062500001
20
20.928159375
30
0
0
VERTEX
8
0
10
79.04208125000001
20
22.398400000000002
30
0
0
VERTEX
8
0
10
85.95791875
20
22.398400000000002
30
0
0
VERTEX
8
0
10
87.39840000000001
20
20.95791875
30
0
0
VERTEX
8
0
10
87.39840000000001
20
20.880000000000003
30
0
0
VERTEX
8
0
10
87.40151250000001
20
20.85504375
30
0
42
0.8128116491081416
0
VERTEX
8
0
10
87.60024687500001
20
20.863471875000002
30
0
0
VERTEX
8
0
10
87.6016
20
20.880000000000003
30
0
0
VERTEX
8
0
10
87.6016
20
21
30
0
0
VERTEX
8
0
10
87.600809375
20
21.0063375
30
0
42
0.1407252340376049
0
VERTEX
8
0
10
87.582571875
20
21.0592
30
0
0
VERTEX
8
0
10
87.5764875
20
21.066365625
30
0
0
VERTEX
8
0
10
87.57471562500001
20
21.068846875000002
30
0
0
VERTEX
8
0
10
87.57353125
20
21.069850000000002
30
0
0
VERTEX
8
0
10
87.57184062500001
20
21.071840625
30
0
0
VERTEX
8
0
10
86.07184062500001
20
22.571840625
30
0
0
VERTEX
8
0
10
86.0668125
20
22.575753125000002
30
0
42
0.14075965647395222
0
VERTEX
8
0
10
86.01652812500001
20
22.600246875
30
0
0
VERTEX
8
0
10
86.007165625
20
22.6010125
30
0
0
VERTEX
8
0
10
86.00415000000001
20
22.601515625
30
0
0
VERTEX
8
0
10
86.00260625
20
22.6013875
30
0
0
VERTEX
8
0
10
86
20
22.6016
30
0
0
VERTEX
8
0
10
79
20
22.6016
30
0
0
VERTEX
8
0
10
78.9936625
20
22.600809375
30
0
42
0.1407252340376049
0
VERTEX
8
0
10
78.94080000000001
20
22.582571875000003
30
0
0
VERTEX
8
0
10
78.933634375
20
22.576487500000002
30
0
0
VERTEX
8
0
10
78.93115312500001
20
22.574715625
30
0
0
VERTEX
8
0
10
78.93015
20
22.573531250000002
30
0
0
VERTEX
8
0
10
78.928159375
20
22.571840625
30
0
0
VERTEX
8
0
10
77.433278125
20
21.076959375
30
0
0
VERTEX
8
0
10
77.27904062500001
20
20.961281250000003
30
0
0
VERTEX
8
0
10
77.260940625
20
20.943815625000003
30
0
42
0.6247340515633164
0
VERTEX
8
0
10
77.338346875
20
20.7784125
30
0
0
SEQEND
0
POLYLINE
66
1
8
16_copper
10
0.0
20
0.0
30
0.0
70
1
0
VERTEX
8
0
10
52.268159375
20
20.808159375000002
30
0
42
0.921470978089403
0
VERTEX
8
0
10
52.422571875
20
20.9392
30
0
0
VERTEX
8
0
10
52.411840625
20
20.951840625000003
30
0
0
VERTEX
8
0
10
51.541840625
20
21.821840625
30
0
0
VERTEX
8
0
10
51.5368125
20
21.825753125000002
30
0
42
0.14075965647395222
0
VERTEX
8
0
10
51.486528125
20
21.850246875
30
0
0
VERTEX
8
0
10
51.477165625000005
20
21.8510125
30
0
0
VERTEX
8
0
10
51.47415
20
21.851515625
30
0
0
VERTEX
8
0
10
51.472606250000005
20
21.8513875
30
0
0
VERTEX
8
0
10
51.470000000000006
20
21.8516
30
0
0
VERTEX
8
0
10
50.245281250000005
20
21.8516
30
0
0
VERTEX
8
0
10
51.071840625
20
22.678159375
30
0
0
VERTEX
8
0
10
51.075753125000006
20
22.683187500000003
30
0
42
0.14075965647395222
0
VERTEX
8
0
10
51.100246875
20
22.733471875
30
0
0
VERTEX
8
0
10
51.1010125
20
22.742834375
30
0
0
VERTEX
8
0
10
51.101515625000005
20
22.74585
30
0
0
VERTEX
8
0
10
51.1013875
20
22.74739375
30
0
0
VERTEX
8
0
10
51.101600000000005
20
22.75
30
0
0
VERTEX
8
0
10
51.101600000000005
20
24.20791875
30
0
0
VERTEX
8
0
10
51.79208125
20
24.898400000000002
30
0
0
VERTEX
8
0
10
53
20
24.898400000000002
30
0
0
VERTEX
8
0
10
53.0063375
20
24.899190625000003
30
0
42
0.1407252340376049
0
VERTEX
8
0
10
53.059200000000004
20
24.917428125
30
0
0
VERTEX
8
0
10
53.066365625
20
24.9235125
30
0
0
VERTEX
8
0
10
53.068846875000006
20
24.925284375
30
0
0
VERTEX
8
0
10
53.06985
20
24.92646875
30
0
0
VERTEX
8
0
10
53.071840625
20
24.928159375
30
0
0
VERTEX
8
0
10
53.168681250000006
20
25.025000000000002
30
0
0
VERTEX
8
0
10
54.0942
20
25.025000000000002
30
0
0
VERTEX
8
0
10
54.0942
20
25.148400000000002
30
0
0
VERTEX
8
0
10
58.207918750000005
20
25.148400000000002
30
0
0
VERTEX
8
0
10
62.3984
20
20.95791875
30
0
0
VERTEX
8
0
10
62.3984
20
20.880000000000003
30
0
0
VERTEX
8
0
10
62.4015125
20
20.85504375
30
0
42
0.8128116491081416
0
VERTEX
8
0
10
62.600246875
20
20.863471875000002
30
0
0
VERTEX
8
0
10
62.601600000000005
20
20.880000000000003
30
0
0
VERTEX
8
0
10
62.601600000000005
20
21
30
0
0
VERTEX
8
0
10
62.600809375000004
20
21.0063375
30
0
42
0.1407252340376049
0
VERTEX
8
0
10
62.582571875000006
20
21.0592
30
0
0
VERTEX
8
0
10
62.576487500000006
20
21.066365625
30
0
0
VERTEX
8
0
10
62.574715625
20
21.068846875000002
30
0
0
VERTEX
8
0
10
62.57353125
20
21.069850000000002
30
0
0
VERTEX
8
0
10
62.571840625
20
21.071840625
30
0
0
VERTEX
8
0
10
61.495281250000005
20
22.148400000000002
30
0
0
VERTEX
8
0
10
75.95791875
20
22.148400000000002
30
0
0
VERTEX
8
0
10
77.173040625
20
20.933278125
30
0
0
VERTEX
8
0
10
77.25871875
20
20.819040625
30
0
0
VERTEX
8
0
10
77.276184375
20
20.800940625000003
30
0
42
0.8128061230196819
0
VERTEX
8
0
10
77.4301125
20
20.926925
30
0
0
VERTEX
8
0
10
77.42128125
20
20.940959375000002
30
0
0
VERTEX
8
0
10
77.33128125
20
21.060959375
30
0
0
VERTEX
8
0
10
77.32959375
20
21.062709375
30
0
0
VERTEX
8
0
10
77.32184062500001
20
21.071840625
30
0
0
VERTEX
8
0
10
76.07184062500001
20
22.321840625
30
0
0
VERTEX
8
0
10
76.0668125
20
22.325753125000002
30
0
42
0.14075965647395222
0
VERTEX
8
0
10
76.01652812500001
20
22.350246875
30
0
0
VERTEX
8
0
10
76.007165625
20
22.3510125
30
0
0
VERTEX
8
0
10
76.00415000000001
20
22.351515625
30
0
0
VERTEX
8
0
10
76.00260625
20
22.3513875
30
0
0
VERTEX
8
0
10
76
20
22.3516
30
0
0
VERTEX
8
0
10
61.29208125
20
22.3516
30
0
0
VERTEX
8
0
10
58.321840625
20
25.321840625
30
0
0
VERTEX
8
0
10
58.316812500000005
20
25.325753125000002
30
0
42
0.14075965647395222
0
VERTEX
8
0
10
58.266528125
20
25.350246875
30
0
0
VERTEX
8
0
10
58.257165625000006
20
25.3510125
30
0
0
VERTEX
8
0
10
58.25415
20
25.351515625
30
0
0
VERTEX
8
0
10
58.25260625
20
25.3513875
30
0
0
VERTEX
8
0
10
58.25
20
25.3516
30
0
0
VERTEX
8
0
10
54.0942
20
25.3516
30
0
0
VERTEX
8
0
10
54.0942
20
25.625
30
0
0
VERTEX
8
0
10
52.894200000000005
20
25.625
30
0
0
VERTEX
8
0
10
52.894200000000005
20
25.1016
30
0
0
VERTEX
8
0
10
51.75
20
25.1016
30
0
0
VERTEX
8
0
10
51.7436625
20
25.100809375
30
0
42
0.1407252340376049
0
VERTEX
8
0
10
51.6908
20
25.082571875000003
30
0
0
VERTEX
8
0
10
51.683634375000004
20
25.076487500000002
30
0
0
VERTEX
8
0
10
51.681153125
20
25.074715625
30
0
0
VERTEX
8
0
10
51.680150000000005
20
25.073531250000002
30
0
0
VERTEX
8
0
10
51.678159375
20
25.071840625
30
0
0
VERTEX
8
0
10
50.928159375
20
24.321840625
30
0
0
VERTEX
8
0
10
50.924246875
20
24.3168125
30
0
42
0.14075965647395222
0
VERTEX
8
0
10
50.899753125000004
20
24.266528125
30
0
0
VERTEX
8
0
10
50.898987500000004
20
24.257165625000003
30
0
0
VERTEX
8
0
10
50.898484375
20
24.254150000000003
30
0
0
VERTEX
8
0
10
50.898612500000006
20
24.25260625
30
0
0
VERTEX
8
0
10
50.8984
20
24.25
30
0
0
VERTEX
8
0
10
50.8984
20
22.792081250000003
30
0
0
VERTEX
8
0
10
49.957918750000005
20
21.8516
30
0
0
VERTEX
8
0
10
3.25
20
21.8516
30
0
0
VERTEX
8
0
10
3.2436625
20
21.850809375
30
0
42
0.1407252340376049
0
VERTEX
8
0
10
3.1908000000000003
20
21.832571875
30
0
0
VERTEX
8
0
10
3.183634375
20
21.826487500000002
30
0
0
VERTEX
8
0
10
3.1811531250000002
20
21.824715625
30
0
0
VERTEX
8
0
10
3.1801500000000003
20
21.823531250000002
30
0
0
VERTEX
8
0
10
3.1781593750000003
20
21.821840625
30
0
0
VERTEX
8
0
10
2.433278125
20
21.076959375
30
0
0
VERTEX
8
0
10
2.279040625
20
20.961281250000003
30
0
0
VERTEX
8
0
10
2.260940625
20
20.943815625000003
30
0
42
0.8128061230196819
0
VERTEX
8
0
10
2.386925
20
20.789887500000003
30
0
0
VERTEX
8
0
10
2.4009593750000002
20
20.798718750000003
30
0
0
VERTEX
8
0
10
2.560959375
20
20.91871875
30
0
0
VERTEX
8
0
10
2.5627093750000003
20
20.920406250000003
30
0
0
VERTEX
8
0
10
2.571840625
20
20.928159375
30
0
0
VERTEX
8
0
10
3.2920812500000003
20
21.648400000000002
30
0
0
VERTEX
8
0
10
13.00471875
20
21.648400000000002
30
0
0
VERTEX
8
0
10
12.428159375
20
21.071840625
30
0
0
VERTEX
8
0
10
12.424246875000001
20
21.0668125
30
0
42
0.14075965647395222
0
VERTEX
8
0
10
12.399753125
20
21.016528125
30
0
0
VERTEX
8
0
10
12.3989875
20
21.007165625000003
30
0
0
VERTEX
8
0
10
12.398484375
20
21.004150000000003
30
0
0
VERTEX
8
0
10
12.3986125
20
21.00260625
30
0
0
VERTEX
8
0
10
12.3984
20
21
30
0
0
VERTEX
8
0
10
12.3984
20
20.880000000000003
30
0
0
VERTEX
8
0
10
12.4015125
20
20.85504375
30
0
42
0.8128116491081416
0
VERTEX
8
0
10
12.600246875
20
20.863471875000002
30
0
0
VERTEX
8
0
10
12.601600000000001
20
20.880000000000003
30
0
0
VERTEX
8
0
10
12.601600000000001
20
20.95791875
30
0
0
VERTEX
8
0
10
13.29208125
20
21.648400000000002
30
0
0
VERTEX
8
0
10
28.004718750000002
20
21.648400000000002
30
0
0
VERTEX
8
0
10
27.433278125
20
21.076959375
30
0
0
VERTEX
8
0
10
27.279040625
20
20.961281250000003
30
0
0
VERTEX
8
0
10
27.260940625
20
20.943815625000003
30
0
42
0.8128061230196819
0
VERTEX
8
0
10
27.386925
20
20.789887500000003
30
0
0
VERTEX
8
0
10
27.400959375000003
20
20.798718750000003
30
0
0
VERTEX
8
0
10
27.560959375000003
20
20.91871875
30
0
0
VERTEX
8
0
10
27.562709375
20
20.920406250000003
30
0
0
VERTEX
8
0
10
27.571840625
20
20.928159375
30
0
0
VERTEX
8
0
10
28.292081250000003
20
21.648400000000002
30
0
0
VERTEX
8
0
10
38.00471875
20
21.648400000000002
30
0
0
VERTEX
8
0
10
37.428159375
20
21.071840625
30
0
0
VERTEX
8
0
10
37.424246875
20
21.0668125
30
0
42
0.14075965647395222
0
VERTEX
8
0
10
37.399753125000004
20
21.016528125
30
0
0
VERTEX
8
0
10
37.398987500000004
20
21.007165625000003
30
0
0
VERTEX
8
0
10
37.398484375
20
21.004150000000003
30
0
0
VERTEX
8
0
10
37.3986125
20
21.00260625
30
0
0
VERTEX
8
0
10
37.3984
20
21
30
0
0
VERTEX
8
0
10
37.3984
20
20.880000000000003
30
0
0
VERTEX
8
0
10
37.4015125
20
20.85504375
30
0
42
0.8128116491081416
0
VERTEX
8
0
10
37.600246875
20
20.863471875000002
30
0
0
VERTEX
8
0
10
37.601600000000005
20
20.880000000000003
30
0
0
VERTEX
8
0
10
37.601600000000005
20
20.95791875
30
0
0
VERTEX
8
0
10
38.29208125
20
21.648400000000002
30
0
0
VERTEX
8
0
10
51.42791875
20
21.648400000000002
30
0
0
SEQEND
0
POLYLINE
66
1
8
1_copper
10
0.0
20
0.0
30
0.0
70
1
0
VERTEX
8
0
10
97.691034375
20
17.02325625
30
0
42
0.5415957996449827
0
VERTEX
8
0
10
97.736040625
20
17.18738125
30
0
0
VERTEX
8
0
10
97.72406875
20
17.198853125
30
0
0
VERTEX
8
0
10
97.6016
20
17.298359375
30
0
0
VERTEX
8
0
10
97.6016
20
18.75
30
0
0
VERTEX
8
0
10
97.600553125
20
18.758396875000003
30
0
0
VERTEX
8
0
10
97.60019375
20
18.7668375
30
0
42
0.3205751741838904
0
VERTEX
8
0
10
97.51652812500001
20
18.850246875
30
0
0
VERTEX
8
0
10
97.51097812500001
20
18.8507
30
0
42
0.013451900187748484
0
VERTEX
8
0
10
97.50554687500001
20
18.851146875
30
0
0
VERTEX
8
0
10
97.5
20
18.8516
30
0
0
VERTEX
8
0
10
86.5
20
18.8516
30
0
0
VERTEX
8
0
10
86.4936625
20
18.850809375
30
0
42
0.1407252340376049
0
VERTEX
8
0
10
86.44080000000001
20
18.832571875
30
0
0
VERTEX
8
0
10
86.43363437500001
20
18.826487500000002
30
0
0
VERTEX
8
0
10
86.43115312500001
20
18.824715625
30
0
0
VERTEX
8
0
10
86.43015
20
18.823531250000002
30
0
0
VERTEX
8
0
10
86.428159375
20
18.821840625
30
0
0
VERTEX
8
0
10
84.928159375
20
17.321840625
30
0
0
VERTEX
8
0
10
84.925803125
20
17.318815625
30
0
0
VERTEX
8
0
10
84.92295625
20
17.31623125
30
0
42
0.06212310762021846
0
VERTEX
8
0
10
84.909046875
20
17.295278125
30
0
0
VERTEX
8
0
10
84.90289375
20
17.279878125
30
0
0
VERTEX
8
0
10
84.86289375
20
17.149878125
30
0
0
VERTEX
8
0
10
84.858528125
20
17.125109375
30
0
42
0.8128054666573057
0
VERTEX
8
0
10
85.050953125
20
17.074721875
30
0
0
VERTEX
8
0
10
85.05710625
20
17.090121875
30
0
0
VERTEX
8
0
10
85.089684375
20
17.196003125
30
0
0
VERTEX
8
0
10
86.54208125000001
20
18.648400000000002
30
0
0
VERTEX
8
0
10
97.39840000000001
20
18.648400000000002
30
0
0
VERTEX
8
0
10
97.39840000000001
20
17.25
30
0
0
VERTEX
8
0
10
97.3998375
20
17.238465625
30
0
0
VERTEX
8
0
10
97.401046875
20
17.226965625000002
30
0
42
0.12473764690613712
0
VERTEX
8
0
10
97.42395937500001
20
17.18261875
30
0
0
VERTEX
8
0
10
97.424840625
20
17.181775000000002
30
0
0
VERTEX
8
0
10
97.425284375
20
17.181153125
30
0
0
VERTEX
8
0
10
97.427034375
20
17.179671875
30
0
0
VERTEX
8
0
10
97.43593125000001
20
17.171146875
30
0
0
VERTEX
8
0
10
97.59593125
20
17.041146875000003
30
0
0
VERTEX
8
0
10
97.617265625
20
17.027825
30
0
42
0.12473009142667017
0
VERTEX
8
0
10
97.66631875
20
17.018596875
30
0
0
SEQEND
0
POLYLINE
66
1
8
1_copper
10
0.0
20
0.0
30
0.0
70
1
0
VERTEX
8
0
10
22.691034375
20
17.02325625
30
0
42
0.5415957996449827
0
VERTEX
8
0
10
22.736040625
20
17.18738125
30
0
0
VERTEX
8
0
10
22.72406875
20
17.198853125
30
0
0
VERTEX
8
0
10
22.56811875
20
17.3255625
30
0
0
VERTEX
8
0
10
21.571840625
20
18.321840625
30
0
0
VERTEX
8
0
10
21.5668125
20
18.325753125000002
30
0
42
0.14075965647395222
0
VERTEX
8
0
10
21.516528125
20
18.350246875
30
0
0
VERTEX
8
0
10
21.507165625000003
20
18.3510125
30
0
0
VERTEX
8
0
10
21.504150000000003
20
18.351515625
30
0
0
VERTEX
8
0
10
21.50260625
20
18.3513875
30
0
0
VERTEX
8
0
10
21.5
20
18.3516
30
0
0
VERTEX
8
0
10
16.20636875
20
18.3516
30
0
0
VERTEX
8
0
10
16.1967125
20
18.370546875000002
30
0
42
0.9999999999999999
0
VERTEX
8
0
10
15.803287500000001
20
18.129453125
30
0
0
VERTEX
8
0
10
15.824565625
20
18.100165625000002
30
0
42
0.509524700761689
0
VERTEX
8
0
10
16.1967125
20
18.129453125
30
0
0
VERTEX
8
0
10
16.20636875
20
18.148400000000002
30
0
0
VERTEX
8
0
10
21.45791875
20
18.148400000000002
30
0
0
VERTEX
8
0
10
22.428159375
20
17.178159375
30
0
0
VERTEX
8
0
10
22.430575
20
17.176278125
30
0
0
VERTEX
8
0
10
22.43593125
20
17.171146875
30
0
0
VERTEX
8
0
10
22.59593125
20
17.041146875000003
30
0
0
VERTEX
8
0
10
22.617265625
20
17.027825
30
0
42
0.12473009142667017
0
VERTEX
8
0
10
22.666318750000002
20
17.018596875
30
0
0
SEQEND
0
POLYLINE
66
1
8
1_copper
10
0.0
20
0.0
30
0.0
70
1
0
VERTEX
8
0
10
72.0063375
20
16.149190625
30
0
42
0.1407252340376049
0
VERTEX
8
0
10
72.0592
20
16.167428125
30
0
0
VERTEX
8
0
10
72.066365625
20
16.1735125
30
0
0
VERTEX
8
0
10
72.068846875
20
16.175284375
30
0
0
VERTEX
8
0
10
72.06985
20
16.17646875
30
0
0
VERTEX
8
0
10
72.07184062500001
20
16.178159375
30
0
0
VERTEX
8
0
10
72.731840625
20
16.838159375
30
0
0
VERTEX
8
0
10
72.735753125
20
16.8431875
30
0
42
0.14075965647395222
0
VERTEX
8
0
10
72.760246875
20
16.893471875
30
0
0
VERTEX
8
0
10
72.7610125
20
16.902834375
30
0
0
VERTEX
8
0
10
72.761515625
20
16.90585
30
0
0
VERTEX
8
0
10
72.7613875
20
16.90739375
30
0
0
VERTEX
8
0
10
72.7616
20
16.91
30
0
0
VERTEX
8
0
10
72.7616
20
17.12
30
0
0
VERTEX
8
0
10
72.7584875
20
17.14495625
30
0
42
0.8128116491081416
0
VERTEX
8
0
10
72.559753125
20
17.136528125
30
0
0
VERTEX
8
0
10
72.5584
20
17.12
30
0
0
VERTEX
8
0
10
72.5584
20
16.95208125
30
0
0
VERTEX
8
0
10
71.95791875
20
16.3516
30
0
0
VERTEX
8
0
10
67.04208125000001
20
16.3516
30
0
0
VERTEX
8
0
10
66.6016
20
16.792081250000003
30
0
0
VERTEX
8
0
10
66.6016
20
17.0541375
30
0
0
VERTEX
8
0
10
66.600809375
20
17.060475
30
0
42
0.1407252340376049
0
VERTEX
8
0
10
66.582571875
20
17.1133375
30
0
0
VERTEX
8
0
10
66.5764875
20
17.120503125
30
0
0
VERTEX
8
0
10
66.57471562500001
20
17.122984375
30
0
0
VERTEX
8
0
10
66.57353125
20
17.123987500000002
30
0
0
VERTEX
8
0
10
66.57184062500001
20
17.125978125
30
0
0
VERTEX
8
0
10
65.375978125
20
18.321840625
30
0
0
VERTEX
8
0
10
65.37095000000001
20
18.325753125000002
30
0
42
0.14075965647395222
0
VERTEX
8
0
10
65.320665625
20
18.350246875
30
0
0
VERTEX
8
0
10
65.31130312500001
20
18.3510125
30
0
0
VERTEX
8
0
10
65.3082875
20
18.351515625
30
0
0
VERTEX
8
0
10
65.30674375000001
20
18.3513875
30
0
0
VERTEX
8
0
10
65.30413750000001
20
18.3516
30
0
0
VERTEX
8
0
10
62
20
18.3516
30
0
0
VERTEX
8
0
10
61.993662500000006
20
18.350809375
30
0
42
0.1407252340376049
0
VERTEX
8
0
10
61.9408
20
18.332571875
30
0
0
VERTEX
8
0
10
61.933634375000004
20
18.326487500000002
30
0
0
VERTEX
8
0
10
61.931153125
20
18.324715625
30
0
0
VERTEX
8
0
10
61.930150000000005
20
18.323531250000002
30
0
0
VERTEX
8
0
10
61.928159375
20
18.321840625
30
0
0
VERTEX
8
0
10
61.428159375
20
17.821840625
30
0
0
VERTEX
8
0
10
61.424246875
20
17.8168125
30
0
42
0.14075965647395222
0
VERTEX
8
0
10
61.399753125000004
20
17.766528125
30
0
0
VERTEX
8
0
10
61.398987500000004
20
17.757165625000003
30
0
0
VERTEX
8
0
10
61.398484375
20
17.75415
30
0
0
VERTEX
8
0
10
61.398612500000006
20
17.75260625
30
0
0
VERTEX
8
0
10
61.3984
20
17.75
30
0
0
VERTEX
8
0
10
61.3984
20
17.3516
30
0
0
VERTEX
8
0
10
60
20
17.3516
30
0
0
VERTEX
8
0
10
59.994134375
20
17.35086875
30
0
0
VERTEX
8
0
10
59.988225
20
17.350915625000003
30
0
42
0.25340927862397983
0
VERTEX
8
0
10
59.909046875
20
17.295278125
30
0
0
VERTEX
8
0
10
59.9051375
20
17.28549375
30
0
0
VERTEX
8
0
10
59.903878125000006
20
17.282912500000002
30
0
0
VERTEX
8
0
10
59.903628125000004
20
17.28171875
30
0
0
VERTEX
8
0
10
59.902893750000004
20
17.279878125
30
0
0
VERTEX
8
0
10
59.862893750000005
20
17.149878125
30
0
0
VERTEX
8
0
10
59.858528125
20
17.125109375
30
0
42
0.8128054666573057
0
VERTEX
8
0
10
60.050953125
20
17.074721875
30
0
0
VERTEX
8
0
10
60.057106250000004
20
17.090121875
30
0
0
VERTEX
8
0
10
60.0750375
20
17.148400000000002
30
0
0
VERTEX
8
0
10
61.5
20
17.148400000000002
30
0
0
VERTEX
8
0
10
61.508396875
20
17.149446875000002
30
0
0
VERTEX
8
0
10
61.5168375
20
17.14980625
30
0
42
0.3205751741838904
0
VERTEX
8
0
10
61.600246875
20
17.233471875
30
0
0
VERTEX
8
0
10
61.6007
20
17.239021875000002
30
0
42
0.013451900187748484
0
VERTEX
8
0
10
61.601146875000005
20
17.244453125
30
0
0
VERTEX
8
0
10
61.601600000000005
20
17.25
30
0
0
VERTEX
8
0
10
61.601600000000005
20
17.70791875
30
0
0
VERTEX
8
0
10
62.04208125
20
18.148400000000002
30
0
0
VERTEX
8
0
10
65.26205625
20
18.148400000000002
30
0
0
VERTEX
8
0
10
66.39840000000001
20
17.01205625
30
0
0
VERTEX
8
0
10
66.39840000000001
20
16.75
30
0
0
VERTEX
8
0
10
66.399190625
20
16.7436625
30
0
42
0.1407252340376049
0
VERTEX
8
0
10
66.417428125
20
16.6908
30
0
0
VERTEX
8
0
10
66.4235125
20
16.683634375
30
0
0
VERTEX
8
0
10
66.425284375
20
16.681153125
30
0
0
VERTEX
8
0
10
66.42646875
20
16.68015
30
0
0
VERTEX
8
0
10
66.428159375
20
16.678159375
30
0
0
VERTEX
8
0
10
66.928159375
20
16.178159375
30
0
0
VERTEX
8
0
10
66.9331875
20
16.174246875
30
0
42
0.14075965647395222
0
VERTEX
8
0
10
66.983471875
20
16.149753125
30
0
0
VERTEX
8
0
10
66.992834375
20
16.1489875
30
0
0
VERTEX
8
0
10
66.99585
20
16.148484375000002
30
0
0
VERTEX
8
0
10
66.99739375
20
16.148612500000002
30
0
0
VERTEX
8
0
10
67
20
16.148400000000002
30
0
0
VERTEX
8
0
10
72
20
16.148400000000002
30
0
0
SEQEND
0
POLYLINE
66
1
8
1_copper
10
0.0
20
0.0
30
0.0
70
1
0
VERTEX
8
0
10
47.553859375
20
11.775662500000001
30
0
42
0.9999999999999999
0
VERTEX
8
0
10
47.446140625000005
20
12.2243375
30
0
0
VERTEX
8
0
10
47.411709375
20
12.21315
30
0
42
0.854076345154308
0
VERTEX
8
0
10
47.518100000000004
20
11.770000000000001
30
0
0
SEQEND
0
POLYLINE
66
1
8
16_copper
10
0.0
20
0.0
30
0.0
70
1
0
VERTEX
8
0
10
45.957918750000005
20
18.648400000000002
30
0
0
VERTEX
8
0
10
47.428159375
20
17.178159375
30
0
0
VERTEX
8
0
10
47.430575000000005
20
17.176278125
30
0
0
VERTEX
8
0
10
47.43593125
20
17.171146875
30
0
0
VERTEX
8
0
10
47.59593125
20
17.041146875000003
30
0
0
VERTEX
8
0
10
47.617265625
20
17.027825
30
0
42
0.8128108052890277
0
VERTEX
8
0
10
47.736040625
20
17.18738125
30
0
0
VERTEX
8
0
10
47.72406875
20
17.198853125
30
0
0
VERTEX
8
0
10
47.568118750000004
20
17.3255625
30
0
0
VERTEX
8
0
10
46.071840625
20
18.821840625
30
0
0
VERTEX
8
0
10
46.066812500000005
20
18.825753125000002
30
0
42
0.14075965647395222
0
VERTEX
8
0
10
46.016528125
20
18.850246875
30
0
0
VERTEX
8
0
10
46.007165625
20
18.8510125
30
0
0
VERTEX
8
0
10
46.00415
20
18.851515625
30
0
0
VERTEX
8
0
10
46.00260625
20
18.8513875
30
0
0
VERTEX
8
0
10
46
20
18.8516
30
0
0
VERTEX
8
0
10
36.5
20
18.8516
30
0
0
VERTEX
8
0
10
36.4936625
20
18.850809375
30
0
42
0.1407252340376049
0
VERTEX
8
0
10
36.4408
20
18.832571875
30
0
0
VERTEX
8
0
10
36.433634375000004
20
18.826487500000002
30
0
0
VERTEX
8
0
10
36.431153125
20
18.824715625
30
0
0
VERTEX
8
0
10
36.430150000000005
20
18.823531250000002
30
0
0
VERTEX
8
0
10
36.428159375
20
18.821840625
30
0
0
VERTEX
8
0
10
35.707918750000005
20
18.1016
30
0
0
VERTEX
8
0
10
29.5
20
18.1016
30
0
0
VERTEX
8
0
10
29.493662500000003
20
18.100809375
30
0
42
0.1407252340376049
0
VERTEX
8
0
10
29.440800000000003
20
18.082571875
30
0
0
VERTEX
8
0
10
29.433634375
20
18.076487500000002
30
0
0
VERTEX
8
0
10
29.431153125
20
18.074715625
30
0
0
VERTEX
8
0
10
29.43015
20
18.073531250000002
30
0
0
VERTEX
8
0
10
29.428159375
20
18.071840625
30
0
0
VERTEX
8
0
10
27.70791875
20
16.3516
30
0
0
VERTEX
8
0
10
23.542081250000003
20
16.3516
30
0
0
VERTEX
8
0
10
22.826959375
20
17.066721875000002
30
0
0
VERTEX
8
0
10
22.74128125
20
17.180959375
30
0
0
VERTEX
8
0
10
22.723815625
20
17.199059375
30
0
42
0.8128061230196819
0
VERTEX
8
0
10
22.5698875
20
17.073075
30
0
0
VERTEX
8
0
10
22.57871875
20
17.059040625
30
0
0
VERTEX
8
0
10
22.66871875
20
16.939040625
30
0
0
VERTEX
8
0
10
22.670406250000003
20
16.937290625
30
0
0
VERTEX
8
0
10
22.678159375
20
16.928159375
30
0
0
VERTEX
8
0
10
23.428159375
20
16.178159375
30
0
0
VERTEX
8
0
10
23.433187500000003
20
16.174246875
30
0
42
0.14075965647395222
0
VERTEX
8
0
10
23.483471875000003
20
16.149753125
30
0
0
VERTEX
8
0
10
23.492834375
20
16.1489875
30
0
0
VERTEX
8
0
10
23.49585
20
16.148484375000002
30
0
0
VERTEX
8
0
10
23.49739375
20
16.148612500000002
30
0
0
VERTEX
8
0
10
23.5
20
16.148400000000002
30
0
0
VERTEX
8
0
10
27.75
20
16.148400000000002
30
0
0
VERTEX
8
0
10
27.7563375
20
16.149190625
30
0
42
0.1407252340376049
0
VERTEX
8
0
10
27.8092
20
16.167428125
30
0
0
VERTEX
8
0
10
27.816365625000003
20
16.1735125
30
0
0
VERTEX
8
0
10
27.818846875000002
20
16.175284375
30
0
0
VERTEX
8
0
10
27.819850000000002
20
16.17646875
30
0
0
VERTEX
8
0
10
27.821840625
20
16.178159375
30
0
0
VERTEX
8
0
10
29.542081250000003
20
17.898400000000002
30
0
0
VERTEX
8
0
10
35.50471875
20
17.898400000000002
30
0
0
VERTEX
8
0
10
34.928159375
20
17.321840625
30
0
0
VERTEX
8
0
10
34.925803125
20
17.318815625
30
0
0
VERTEX
8
0
10
34.92295625
20
17.31623125
30
0
42
0.06212310762021846
0
VERTEX
8
0
10
34.909046875
20
17.295278125
30
0
0
VERTEX
8
0
10
34.902893750000004
20
17.279878125
30
0
0
VERTEX
8
0
10
34.862893750000005
20
17.149878125
30
0
0
VERTEX
8
0
10
34.858528125
20
17.125109375
30
0
42
0.8128054666573057
0
VERTEX
8
0
10
35.050953125
20
17.074721875
30
0
0
VERTEX
8
0
10
35.057106250000004
20
17.090121875
30
0
0
VERTEX
8
0
10
35.089684375000004
20
17.196003125
30
0
0
VERTEX
8
0
10
36.54208125
20
18.648400000000002
30
0
0
SEQEND
0
POLYLINE
66
1
8
16_copper
10
0.0
20
0.0
30
0.0
70
1
0
VERTEX
8
0
10
9.996203125000001
20
17.02506875
30
0
42
0.18831987685271206
0
VERTEX
8
0
10
10.050953125000001
20
17.074721875
30
0
0
VERTEX
8
0
10
10.05710625
20
17.090121875
30
0
0
VERTEX
8
0
10
10.089684375000001
20
17.196003125
30
0
0
VERTEX
8
0
10
11.04208125
20
18.148400000000002
30
0
0
VERTEX
8
0
10
15.79363125
20
18.148400000000002
30
0
0
VERTEX
8
0
10
15.803287500000001
20
18.129453125
30
0
42
0.9999999999999999
0
VERTEX
8
0
10
16.1967125
20
18.370546875000002
30
0
0
VERTEX
8
0
10
16.175434375000002
20
18.399834375
30
0
42
0.509524700761689
0
VERTEX
8
0
10
15.803287500000001
20
18.370546875000002
30
0
0
VERTEX
8
0
10
15.79363125
20
18.3516
30
0
0
VERTEX
8
0
10
11
20
18.3516
30
0
0
VERTEX
8
0
10
10.993662500000001
20
18.350809375
30
0
42
0.1407252340376049
0
VERTEX
8
0
10
10.940800000000001
20
18.332571875
30
0
0
VERTEX
8
0
10
10.933634375
20
18.326487500000002
30
0
0
VERTEX
8
0
10
10.931153125
20
18.324715625
30
0
0
VERTEX
8
0
10
10.930150000000001
20
18.323531250000002
30
0
0
VERTEX
8
0
10
10.928159375
20
18.321840625
30
0
0
VERTEX
8
0
10
9.928159375
20
17.321840625
30
0
0
VERTEX
8
0
10
9.925803125
20
17.318815625
30
0
0
VERTEX
8
0
10
9.92295625
20
17.31623125
30
0
42
0.06212310762021846
0
VERTEX
8
0
10
9.909046875
20
17.295278125
30
0
0
VERTEX
8
0
10
9.90289375
20
17.279878125
30
0
0
VERTEX
8
0
10
9.862893750000001
20
17.149878125
30
0
0
VERTEX
8
0
10
9.858528125000001
20
17.125109375
30
0
42
0.4638548662036843
0
VERTEX
8
0
10
9.971775000000001
20
17.019084375000002
30
0
0
SEQEND
0
POLYLINE
66
1
8
16_copper
10
0.0
20
0.0
30
0.0
70
1
0
VERTEX
8
0
10
96.0063375
20
15.399190625000001
30
0
42
0.1407252340376049
0
VERTEX
8
0
10
96.0592
20
15.417428125
30
0
0
VERTEX
8
0
10
96.066365625
20
15.423512500000001
30
0
0
VERTEX
8
0
10
96.068846875
20
15.425284375
30
0
0
VERTEX
8
0
10
96.06985
20
15.426468750000002
30
0
0
VERTEX
8
0
10
96.07184062500001
20
15.428159375
30
0
0
VERTEX
8
0
10
97.566721875
20
16.923040625000002
30
0
0
VERTEX
8
0
10
97.720959375
20
17.03871875
30
0
0
VERTEX
8
0
10
97.73905937500001
20
17.056184375
30
0
42
0.8128061230196819
0
VERTEX
8
0
10
97.61307500000001
20
17.2101125
30
0
0
VERTEX
8
0
10
97.599040625
20
17.20128125
30
0
0
VERTEX
8
0
10
97.439040625
20
17.08128125
30
0
0
VERTEX
8
0
10
97.437290625
20
17.07959375
30
0
0
VERTEX
8
0
10
97.428159375
20
17.071840625
30
0
0
VERTEX
8
0
10
95.95791875
20
15.601600000000001
30
0
0
VERTEX
8
0
10
61.54208125
20
15.601600000000001
30
0
0
VERTEX
8
0
10
60.088806250000005
20
17.054878125000002
30
0
0
VERTEX
8
0
10
60.0563875
20
17.152128125
30
0
0
VERTEX
8
0
10
60.045540625
20
17.174821875
30
0
42
0.8128079451802345
0
VERTEX
8
0
10
59.859671875000004
20
17.103978125
30
0
0
VERTEX
8
0
10
59.8636125
20
17.087871875
30
0
0
VERTEX
8
0
10
59.9036125
20
16.967871875
30
0
0
VERTEX
8
0
10
59.904759375000005
20
16.965471875000002
30
0
0
VERTEX
8
0
10
59.905415625
20
16.9629
30
0
42
0.062132587094330616
0
VERTEX
8
0
10
59.917428125
20
16.9408
30
0
0
VERTEX
8
0
10
59.928159375
20
16.928159375
30
0
0
VERTEX
8
0
10
61.428159375
20
15.428159375
30
0
0
VERTEX
8
0
10
61.4331875
20
15.424246875000001
30
0
42
0.14075965647395222
0
VERTEX
8
0
10
61.483471875000006
20
15.399753125
30
0
0
VERTEX
8
0
10
61.492834375
20
15.3989875
30
0
0
VERTEX
8
0
10
61.495850000000004
20
15.398484375
30
0
0
VERTEX
8
0
10
61.49739375
20
15.3986125
30
0
0
VERTEX
8
0
10
61.5
20
15.3984
30
0
0
VERTEX
8
0
10
96
20
15.3984
30
0
0
SEQEND
0
POLYLINE
66
1
8
16_copper
10
0.0
20
0.0
30
0.0
70
1
0
VERTEX
8
0
10
47.553859375
20
11.775662500000001
30
0
42
0.9999999999999999
0
VERTEX
8
0
10
47.446140625000005
20
12.2243375
30
0
0
VERTEX
8
0
10
47.411709375
20
12.21315
30
0
42
0.15838217860281115
0
VERTEX
8
0
10
47.3032875
20
12.120546875
30
0
0
VERTEX
8
0
10
47.293631250000004
20
12.101600000000001
30
0
0
VERTEX
8
0
10
47.29208125
20
12.101600000000001
30
0
0
VERTEX
8
0
10
47.01868125
20
12.375
30
0
0
VERTEX
8
0
10
47.1058
20
12.375
30
0
0
VERTEX
8
0
10
47.1058
20
12.975000000000001
30
0
0
VERTEX
8
0
10
45.9058
20
12.975000000000001
30
0
0
VERTEX
8
0
10
45.9058
20
12.375
30
0
0
VERTEX
8
0
10
46.73131875
20
12.375
30
0
0
VERTEX
8
0
10
47.178159375
20
11.928159375
30
0
0
VERTEX
8
0
10
47.1831875
20
11.924246875
30
0
42
0.14075965647395222
0
VERTEX
8
0
10
47.233471875
20
11.899753125
30
0
0
VERTEX
8
0
10
47.242834375
20
11.8989875
30
0
0
VERTEX
8
0
10
47.245850000000004
20
11.898484375
30
0
0
VERTEX
8
0
10
47.24739375
20
11.8986125
30
0
0
VERTEX
8
0
10
47.25
20
11.8984
30
0
0
VERTEX
8
0
10
47.293631250000004
20
11.8984
30
0
0
VERTEX
8
0
10
47.3032875
20
11.879453125000001
30
0
0
VERTEX
8
0
10
47.324565625000005
20
11.850165625
30
0
42
0.2400778096533642
0
VERTEX
8
0
10
47.518100000000004
20
11.770000000000001
30
0
0
SEQEND
0
POLYLINE
66
1
8
1_copper
10
0.0
20
0.0
30
0.0
70
1
0
VERTEX
8
0
10
52.367171875000004
20
17.022100000000002
30
0
0
VERTEX
8
0
10
52.3903875
20
17.031775
30
0
0
VERTEX
8
0
10
52.40406875
20
17.041146875000003
30
0
0
VERTEX
8
0
10
52.564068750000004
20
17.171146875
30
0
0
VERTEX
8
0
10
52.56620625
20
17.173375
30
0
0
VERTEX
8
0
10
52.571840625
20
17.178159375
30
0
0
VERTEX
8
0
10
54.04208125
20
18.648400000000002
30
0
0
VERTEX
8
0
10
66.70791875
20
18.648400000000002
30
0
0
VERTEX
8
0
10
67.39840000000001
20
17.95791875
30
0
0
VERTEX
8
0
10
67.39840000000001
20
17.25
30
0
0
VERTEX
8
0
10
67.39928125
20
17.242940625
30
0
0
VERTEX
8
0
10
67.39939375
20
17.235815625
30
0
42
0.08164197415425171
0
VERTEX
8
0
10
67.40953125
20
17.204509375
30
0
0
VERTEX
8
0
10
67.4106625
20
17.201615625000002
30
0
0
VERTEX
8
0
10
67.4118375
20
17.199971875
30
0
0
VERTEX
8
0
10
67.413471875
20
17.196753125
30
0
0
VERTEX
8
0
10
67.493471875
20
17.066753125
30
0
0
VERTEX
8
0
10
67.509203125
20
17.047128125
30
0
42
0.8128062446396522
0
VERTEX
8
0
10
67.6740375
20
17.158462500000002
30
0
0
VERTEX
8
0
10
67.666528125
20
17.173246875
30
0
0
VERTEX
8
0
10
67.6016
20
17.27875625
30
0
0
VERTEX
8
0
10
67.6016
20
18
30
0
0
VERTEX
8
0
10
67.600809375
20
18.0063375
30
0
42
0.1407252340376049
0
VERTEX
8
0
10
67.582571875
20
18.0592
30
0
0
VERTEX
8
0
10
67.5764875
20
18.066365625
30
0
0
VERTEX
8
0
10
67.57471562500001
20
18.068846875000002
30
0
0
VERTEX
8
0
10
67.57353125
20
18.069850000000002
30
0
0
VERTEX
8
0
10
67.57184062500001
20
18.071840625
30
0
0
VERTEX
8
0
10
66.82184062500001
20
18.821840625
30
0
0
VERTEX
8
0
10
66.8168125
20
18.825753125000002
30
0
42
0.14075965647395222
0
VERTEX
8
0
10
66.76652812500001
20
18.850246875
30
0
0
VERTEX
8
0
10
66.757165625
20
18.8510125
30
0
0
VERTEX
8
0
10
66.75415000000001
20
18.851515625
30
0
0
VERTEX
8
0
10
66.75260625
20
18.8513875
30
0
0
VERTEX
8
0
10
66.75
20
18.8516
30
0
0
VERTEX
8
0
10
54
20
18.8516
30
0
0
VERTEX
8
0
10
53.9936625
20
18.850809375
30
0
42
0.1407252340376049
0
VERTEX
8
0
10
53.9408
20
18.832571875
30
0
0
VERTEX
8
0
10
53.933634375000004
20
18.826487500000002
30
0
0
VERTEX
8
0
10
53.931153125
20
18.824715625
30
0
0
VERTEX
8
0
10
53.930150000000005
20
18.823531250000002
30
0
0
VERTEX
8
0
10
53.928159375
20
18.821840625
30
0
0
VERTEX
8
0
10
52.43188125
20
17.3255625
30
0
0
VERTEX
8
0
10
52.27593125
20
17.198853125
30
0
0
VERTEX
8
0
10
52.258525000000006
20
17.1807
30
0
42
0.6247388070547338
0
VERTEX
8
0
10
52.342290625000004
20
17.018425
30
0
0
SEQEND
0
POLYLINE
66
1
8
1_copper
10
0.0
20
0.0
30
0.0
70
1
0
VERTEX
8
0
10
27.35273125
20
17.0192
30
0
42
0.12473477533889851
0
VERTEX
8
0
10
27.3992
20
17.037428125
30
0
0
VERTEX
8
0
10
27.411840625
20
17.048159375
30
0
0
VERTEX
8
0
10
27.7378125
20
17.37413125
30
0
0
VERTEX
8
0
10
29.0212
20
17.37413125
30
0
0
VERTEX
8
0
10
29.0275375
20
17.374921875000002
30
0
42
0.1407252340376049
0
VERTEX
8
0
10
29.0804
20
17.393159375
30
0
0
VERTEX
8
0
10
29.087565625
20
17.39924375
30
0
0
VERTEX
8
0
10
29.090046875000002
20
17.401015625
30
0
0
VERTEX
8
0
10
29.091050000000003
20
17.4022
30
0
0
VERTEX
8
0
10
29.093040625
20
17.403890625000003
30
0
0
VERTEX
8
0
10
29.58755
20
17.898400000000002
30
0
0
VERTEX
8
0
10
35.707918750000005
20
17.898400000000002
30
0
0
VERTEX
8
0
10
36.132234375
20
17.474084375
30
0
0
VERTEX
8
0
10
36.125662500000004
20
17.453859375
30
0
42
0.9999999999999999
0
VERTEX
8
0
10
36.5743375
20
17.346140625
30
0
0
VERTEX
8
0
10
36.58
20
17.3819
30
0
42
0.5095244921166611
0
VERTEX
8
0
10
36.296140625
20
17.6243375
30
0
0
VERTEX
8
0
10
36.275915625
20
17.617765625
30
0
0
VERTEX
8
0
10
35.821840625
20
18.071840625
30
0
0
VERTEX
8
0
10
35.816812500000005
20
18.075753125000002
30
0
42
0.14075965647395222
0
VERTEX
8
0
10
35.766528125
20
18.100246875
30
0
0
VERTEX
8
0
10
35.757165625
20
18.1010125
30
0
0
VERTEX
8
0
10
35.75415
20
18.101515625
30
0
0
VERTEX
8
0
10
35.75260625
20
18.1013875
30
0
0
VERTEX
8
0
10
35.75
20
18.1016
30
0
0
VERTEX
8
0
10
29.54546875
20
18.1016
30
0
0
VERTEX
8
0
10
29.53913125
20
18.100809375
30
0
42
0.1407252340376049
0
VERTEX
8
0
10
29.48626875
20
18.082571875
30
0
0
VERTEX
8
0
10
29.479103125
20
18.076487500000002
30
0
0
VERTEX
8
0
10
29.476621875000003
20
18.074715625
30
0
0
VERTEX
8
0
10
29.475618750000002
20
18.073531250000002
30
0
0
VERTEX
8
0
10
29.473628125
20
18.071840625
30
0
0
VERTEX
8
0
10
28.97911875
20
17.57733125
30
0
0
VERTEX
8
0
10
27.69573125
20
17.57733125
30
0
0
VERTEX
8
0
10
27.68939375
20
17.576540625
30
0
42
0.1407252340376049
0
VERTEX
8
0
10
27.63653125
20
17.558303125000002
30
0
0
VERTEX
8
0
10
27.629365625000002
20
17.55221875
30
0
0
VERTEX
8
0
10
27.626884375000003
20
17.550446875000002
30
0
0
VERTEX
8
0
10
27.625881250000003
20
17.5492625
30
0
0
VERTEX
8
0
10
27.623890625
20
17.547571875
30
0
0
VERTEX
8
0
10
27.268159375
20
17.191840625
30
0
0
VERTEX
8
0
10
27.2527125
20
17.171993750000002
30
0
42
0.5415984942943066
0
VERTEX
8
0
10
27.32758125
20
17.0191625
30
0
0
SEQEND
0
POLYLINE
66
1
8
16_copper
10
0.0
20
0.0
30
0.0
70
1
0
VERTEX
8
0
10
54.0942
20
14.245000000000001
30
0
0
VERTEX
8
0
10
53.351600000000005
20
14.245000000000001
30
0
0
VERTEX
8
0
10
53.351600000000005
20
16.4375
30
0
0
VERTEX
8
0
10
53.351478125
20
16.438481250000002
30
0
0
VERTEX
8
0
10
53.35158125
20
16.439465625
30
0
42
0.18832012107662002
0
VERTEX
8
0
10
53.32336875
20
16.50778125
30
0
0
VERTEX
8
0
10
53.310959375
20
16.51878125
30
0
0
VERTEX
8
0
10
52.400959375
20
17.20128125
30
0
0
VERTEX
8
0
10
52.379125
20
17.2137625
30
0
42
0.8128113325975903
0
VERTEX
8
0
10
52.26663125
20
17.04971875
30
0
0
VERTEX
8
0
10
52.279040625
20
17.03871875
30
0
0
VERTEX
8
0
10
53.1484
20
16.3867
30
0
0
VERTEX
8
0
10
53.1484
20
14.245281250000001
30
0
0
VERTEX
8
0
10
52.321840625
20
15.071840625
30
0
0
VERTEX
8
0
10
52.316812500000005
20
15.075753125
30
0
42
0.14075965647395222
0
VERTEX
8
0
10
52.266528125
20
15.100246875
30
0
0
VERTEX
8
0
10
52.257165625
20
15.101012500000001
30
0
0
VERTEX
8
0
10
52.25415
20
15.101515625000001
30
0
0
VERTEX
8
0
10
52.25260625
20
15.101387500000001
30
0
0
VERTEX
8
0
10
52.25
20
15.101600000000001
30
0
0
VERTEX
8
0
10
48.54208125
20
15.101600000000001
30
0
0
VERTEX
8
0
10
47.071840625
20
16.571840625
30
0
0
VERTEX
8
0
10
47.066812500000005
20
16.575753125000002
30
0
42
0.14075965647395222
0
VERTEX
8
0
10
47.016528125
20
16.600246875
30
0
0
VERTEX
8
0
10
47.007165625
20
16.6010125
30
0
0
VERTEX
8
0
10
47.00415
20
16.601515625
30
0
0
VERTEX
8
0
10
47.00260625
20
16.6013875
30
0
0
VERTEX
8
0
10
47
20
16.6016
30
0
0
VERTEX
8
0
10
46
20
16.6016
30
0
0
VERTEX
8
0
10
45.9936625
20
16.600809375
30
0
42
0.1407252340376049
0
VERTEX
8
0
10
45.9408
20
16.582571875
30
0
0
VERTEX
8
0
10
45.933634375000004
20
16.576487500000002
30
0
0
VERTEX
8
0
10
45.931153125
20
16.574715625
30
0
0
VERTEX
8
0
10
45.930150000000005
20
16.573531250000002
30
0
0
VERTEX
8
0
10
45.928159375
20
16.571840625
30
0
0
VERTEX
8
0
10
45.707918750000005
20
16.3516
30
0
0
VERTEX
8
0
10
43.54208125
20
16.3516
30
0
0
VERTEX
8
0
10
42.821840625
20
17.071840625
30
0
0
VERTEX
8
0
10
42.821553125
20
17.072065625
30
0
0
VERTEX
8
0
10
42.821312500000005
20
17.072368750000003
30
0
0
VERTEX
8
0
10
42.808590625
20
17.083003125
30
0
0
VERTEX
8
0
10
42.655609375000004
20
17.190990625
30
0
0
VERTEX
8
0
10
42.586528125
20
17.303246875
30
0
0
VERTEX
8
0
10
42.584290625
20
17.306037500000002
30
0
0
VERTEX
8
0
10
42.582571875
20
17.3092
30
0
0
VERTEX
8
0
10
42.571840625
20
17.321840625
30
0
0
VERTEX
8
0
10
41.571840625
20
18.321840625
30
0
0
VERTEX
8
0
10
41.566812500000005
20
18.325753125000002
30
0
42
0.14075965647395222
0
VERTEX
8
0
10
41.516528125
20
18.350246875
30
0
0
VERTEX
8
0
10
41.507165625
20
18.3510125
30
0
0
VERTEX
8
0
10
41.50415
20
18.351515625
30
0
0
VERTEX
8
0
10
41.50260625
20
18.3513875
30
0
0
VERTEX
8
0
10
41.5
20
18.3516
30
0
0
VERTEX
8
0
10
37.2
20
18.3516
30
0
0
VERTEX
8
0
10
37.1936625
20
18.350809375
30
0
42
0.1407252340376049
0
VERTEX
8
0
10
37.1408
20
18.332571875
30
0
0
VERTEX
8
0
10
37.133634375
20
18.326487500000002
30
0
0
VERTEX
8
0
10
37.131153125000004
20
18.324715625
30
0
0
VERTEX
8
0
10
37.13015
20
18.323531250000002
30
0
0
VERTEX
8
0
10
37.128159375
20
18.321840625
30
0
0
VERTEX
8
0
10
36.424084375
20
17.617765625
30
0
0
VERTEX
8
0
10
36.403859375
20
17.6243375
30
0
42
0.9999999999999999
0
VERTEX
8
0
10
36.296140625
20
17.1756625
30
0
0
VERTEX
8
0
10
36.331900000000005
20
17.17
30
0
42
0.5095244921166611
0
VERTEX
8
0
10
36.5743375
20
17.453859375
30
0
0
VERTEX
8
0
10
36.567765625
20
17.474084375
30
0
0
VERTEX
8
0
10
37.24208125
20
18.148400000000002
30
0
0
VERTEX
8
0
10
41.457918750000005
20
18.148400000000002
30
0
0
VERTEX
8
0
10
42.419721875
20
17.186596875
30
0
0
VERTEX
8
0
10
42.493471875000004
20
17.066753125
30
0
0
VERTEX
8
0
10
42.5011
20
17.0572375
30
0
0
VERTEX
8
0
10
42.5086875
20
17.047631250000002
30
0
0
VERTEX
8
0
10
42.509028125
20
17.047346875000002
30
0
0
VERTEX
8
0
10
42.509203125
20
17.047128125
30
0
0
VERTEX
8
0
10
42.510096875
20
17.046453125
30
0
0
VERTEX
8
0
10
42.521409375000005
20
17.036996875
30
0
0
VERTEX
8
0
10
42.684312500000004
20
16.922006250000003
30
0
0
VERTEX
8
0
10
43.428159375
20
16.178159375
30
0
0
VERTEX
8
0
10
43.4331875
20
16.174246875
30
0
42
0.14075965647395222
0
VERTEX
8
0
10
43.483471875
20
16.149753125
30
0
0
VERTEX
8
0
10
43.492834375
20
16.1489875
30
0
0
VERTEX
8
0
10
43.495850000000004
20
16.148484375000002
30
0
0
VERTEX
8
0
10
43.49739375
20
16.148612500000002
30
0
0
VERTEX
8
0
10
43.5
20
16.148400000000002
30
0
0
VERTEX
8
0
10
45.75
20
16.148400000000002
30
0
0
VERTEX
8
0
10
45.7563375
20
16.149190625
30
0
42
0.1407252340376049
0
VERTEX
8
0
10
45.809200000000004
20
16.167428125
30
0
0
VERTEX
8
0
10
45.816365625
20
16.1735125
30
0
0
VERTEX
8
0
10
45.818846875000006
20
16.175284375
30
0
0
VERTEX
8
0
10
45.81985
20
16.17646875
30
0
0
VERTEX
8
0
10
45.821840625
20
16.178159375
30
0
0
VERTEX
8
0
10
46.04208125
20
16.398400000000002
30
0
0
VERTEX
8
0
10
46.957918750000005
20
16.398400000000002
30
0
0
VERTEX
8
0
10
48.428159375
20
14.928159375
30
0
0
VERTEX
8
0
10
48.4331875
20
14.924246875000001
30
0
42
0.14075965647395222
0
VERTEX
8
0
10
48.483471875
20
14.899753125
30
0
0
VERTEX
8
0
10
48.492834375
20
14.8989875
30
0
0
VERTEX
8
0
10
48.495850000000004
20
14.898484375
30
0
0
VERTEX
8
0
10
48.49739375
20
14.8986125
30
0
0
VERTEX
8
0
10
48.5
20
14.8984
30
0
0
VERTEX
8
0
10
52.207918750000005
20
14.8984
30
0
0
VERTEX
8
0
10
52.894200000000005
20
14.21211875
30
0
0
VERTEX
8
0
10
52.894200000000005
20
13.645000000000001
30
0
0
VERTEX
8
0
10
54.0942
20
13.645000000000001
30
0
0
SEQEND
0
POLYLINE
66
1
8
16_copper
10
0.0
20
0.0
30
0.0
70
1
0
VERTEX
8
0
10
20.2563375
20
15.899190625000001
30
0
42
0.1407252340376049
0
VERTEX
8
0
10
20.3092
20
15.917428125
30
0
0
VERTEX
8
0
10
20.316365625
20
15.923512500000001
30
0
0
VERTEX
8
0
10
20.318846875000002
20
15.925284375
30
0
0
VERTEX
8
0
10
20.319850000000002
20
15.926468750000002
30
0
0
VERTEX
8
0
10
20.321840625
20
15.928159375
30
0
0
VERTEX
8
0
10
22.292081250000003
20
17.898400000000002
30
0
0
VERTEX
8
0
10
26.45791875
20
17.898400000000002
30
0
0
VERTEX
8
0
10
27.171675
20
17.18464375
30
0
0
VERTEX
8
0
10
27.256465625
20
17.06216875
30
0
0
VERTEX
8
0
10
27.273231250000002
20
17.043421875
30
0
42
0.8128112203584197
0
VERTEX
8
0
10
27.431828125000003
20
17.163471875000003
30
0
0
VERTEX
8
0
10
27.423534375000003
20
17.17783125
30
0
0
VERTEX
8
0
10
27.333534375000003
20
17.30783125
30
0
0
VERTEX
8
0
10
27.332978125
20
17.308453125
30
0
0
VERTEX
8
0
10
27.332571875000003
20
17.3092
30
0
0
VERTEX
8
0
10
27.321840625
20
17.321840625
30
0
0
VERTEX
8
0
10
26.571840625
20
18.071840625
30
0
0
VERTEX
8
0
10
26.5668125
20
18.075753125000002
30
0
42
0.14075965647395222
0
VERTEX
8
0
10
26.516528125
20
18.100246875
30
0
0
VERTEX
8
0
10
26.507165625000003
20
18.1010125
30
0
0
VERTEX
8
0
10
26.504150000000003
20
18.101515625
30
0
0
VERTEX
8
0
10
26.502606250000003
20
18.1013875
30
0
0
VERTEX
8
0
10
26.5
20
18.1016
30
0
0
VERTEX
8
0
10
22.25
20
18.1016
30
0
0
VERTEX
8
0
10
22.243662500000003
20
18.100809375
30
0
42
0.1407252340376049
0
VERTEX
8
0
10
22.1908
20
18.082571875
30
0
0
VERTEX
8
0
10
22.183634375
20
18.076487500000002
30
0
0
VERTEX
8
0
10
22.181153125
20
18.074715625
30
0
0
VERTEX
8
0
10
22.18015
20
18.073531250000002
30
0
0
VERTEX
8
0
10
22.178159375
20
18.071840625
30
0
0
VERTEX
8
0
10
20.20791875
20
16.1016
30
0
0
VERTEX
8
0
10
16.74528125
20
16.1016
30
0
0
VERTEX
8
0
10
17.571840625
20
16.928159375
30
0
0
VERTEX
8
0
10
17.572896875
20
16.92951875
30
0
0
VERTEX
8
0
10
17.57424375
20
16.930640625000002
30
0
0
VERTEX
8
0
10
17.5845375
20
16.94364375
30
0
0
VERTEX
8
0
10
17.6645375
20
17.06364375
30
0
0
VERTEX
8
0
10
17.675790625
20
17.086134375
30
0
42
0.8128119064910809
0
VERTEX
8
0
10
17.50575625
20
17.189359375000002
30
0
0
VERTEX
8
0
10
17.495462500000002
20
17.17635625
30
0
0
VERTEX
8
0
10
17.4210375
20
17.06471875
30
0
0
VERTEX
8
0
10
16.45791875
20
16.1016
30
0
0
VERTEX
8
0
10
3.5420812500000003
20
16.1016
30
0
0
VERTEX
8
0
10
2.571840625
20
17.071840625
30
0
0
VERTEX
8
0
10
2.5699468750000003
20
17.073315625
30
0
0
VERTEX
8
0
10
2.560959375
20
17.08128125
30
0
0
VERTEX
8
0
10
2.4009593750000002
20
17.20128125
30
0
0
VERTEX
8
0
10
2.379125
20
17.2137625
30
0
42
0.8128113325975903
0
VERTEX
8
0
10
2.26663125
20
17.04971875
30
0
0
VERTEX
8
0
10
2.279040625
20
17.03871875
30
0
0
VERTEX
8
0
10
2.433278125
20
16.923040625000002
30
0
0
VERTEX
8
0
10
3.4281593750000003
20
15.928159375
30
0
0
VERTEX
8
0
10
3.4331875000000003
20
15.924246875000001
30
0
42
0.14075965647395222
0
VERTEX
8
0
10
3.483471875
20
15.899753125
30
0
0
VERTEX
8
0
10
3.492834375
20
15.8989875
30
0
0
VERTEX
8
0
10
3.4958500000000003
20
15.898484375
30
0
0
VERTEX
8
0
10
3.49739375
20
15.8986125
30
0
0
VERTEX
8
0
10
3.5
20
15.8984
30
0
0
VERTEX
8
0
10
20.25
20
15.8984
30
0
0
SEQEND
0
POLYLINE
66
1
8
16_copper
10
0.0
20
0.0
30
0.0
70
1
0
VERTEX
8
0
10
91.60633750000001
20
15.999190625
30
0
42
0.1407252340376049
0
VERTEX
8
0
10
91.6592
20
16.017428125000002
30
0
0
VERTEX
8
0
10
91.666365625
20
16.023512500000002
30
0
0
VERTEX
8
0
10
91.668846875
20
16.025284375000002
30
0
0
VERTEX
8
0
10
91.66985000000001
20
16.02646875
30
0
0
VERTEX
8
0
10
91.671840625
20
16.028159375
30
0
0
VERTEX
8
0
10
92.57184062500001
20
16.928159375
30
0
0
VERTEX
8
0
10
92.572896875
20
16.92951875
30
0
0
VERTEX
8
0
10
92.57424375000001
20
16.930640625000002
30
0
0
VERTEX
8
0
10
92.58453750000001
20
16.94364375
30
0
0
VERTEX
8
0
10
92.66453750000001
20
17.06364375
30
0
0
VERTEX
8
0
10
92.675790625
20
17.086134375
30
0
42
0.8128119064910809
0
VERTEX
8
0
10
92.50575625
20
17.189359375000002
30
0
0
VERTEX
8
0
10
92.4954625
20
17.17635625
30
0
0
VERTEX
8
0
10
92.42103750000001
20
17.06471875
30
0
0
VERTEX
8
0
10
91.55791875
20
16.2016
30
0
0
VERTEX
8
0
10
76.59528125
20
16.2016
30
0
0
VERTEX
8
0
10
77.32184062500001
20
16.928159375
30
0
0
VERTEX
8
0
10
77.323315625
20
16.930053125
30
0
0
VERTEX
8
0
10
77.33128125
20
16.939040625
30
0
0
VERTEX
8
0
10
77.42128125
20
17.059040625
30
0
0
VERTEX
8
0
10
77.4337625
20
17.080875000000002
30
0
42
0.8128113325975903
0
VERTEX
8
0
10
77.26971875000001
20
17.19336875
30
0
0
VERTEX
8
0
10
77.25871875
20
17.180959375
30
0
0
VERTEX
8
0
10
77.173040625
20
17.066721875000002
30
0
0
VERTEX
8
0
10
76.30791875
20
16.2016
30
0
0
VERTEX
8
0
10
68.69208125
20
16.2016
30
0
0
VERTEX
8
0
10
67.82184062500001
20
17.071840625
30
0
0
VERTEX
8
0
10
67.82155312500001
20
17.072065625
30
0
0
VERTEX
8
0
10
67.8213125
20
17.072368750000003
30
0
0
VERTEX
8
0
10
67.80859062500001
20
17.083003125
30
0
0
VERTEX
8
0
10
67.638590625
20
17.203003125000002
30
0
0
VERTEX
8
0
10
67.61640625
20
17.214853125
30
0
42
0.8128145246225277
0
VERTEX
8
0
10
67.50868750000001
20
17.047631250000002
30
0
0
VERTEX
8
0
10
67.521409375
20
17.036996875
30
0
0
VERTEX
8
0
10
67.6843125
20
16.922006250000003
30
0
0
VERTEX
8
0
10
68.578159375
20
16.028159375
30
0
0
VERTEX
8
0
10
68.58318750000001
20
16.024246875
30
0
42
0.14075965647395222
0
VERTEX
8
0
10
68.633471875
20
15.999753125000002
30
0
0
VERTEX
8
0
10
68.642834375
20
15.9989875
30
0
0
VERTEX
8
0
10
68.64585000000001
20
15.998484375
30
0
0
VERTEX
8
0
10
68.64739375
20
15.9986125
30
0
0
VERTEX
8
0
10
68.65
20
15.9984
30
0
0
VERTEX
8
0
10
91.60000000000001
20
15.9984
30
0
0
SEQEND
0
POLYLINE
66
1
8
1_copper
10
0.0
20
0.0
30
0.0
70
1
0
VERTEX
8
0
10
68.13723125
20
1.9809125
30
0
0
VERTEX
8
0
10
68.128825
20
1.9816
30
0
0
VERTEX
8
0
10
66.81208125
20
1.9816
30
0
0
VERTEX
8
0
10
60.471840625000006
20
8.321840625
30
0
0
VERTEX
8
0
10
60.4668125
20
8.325753125
30
0
42
0.14075965647395222
0
VERTEX
8
0
10
60.416528125000006
20
8.350246875
30
0
0
VERTEX
8
0
10
60.407165625000005
20
8.351012500000001
30
0
0
VERTEX
8
0
10
60.40415
20
8.351515625000001
30
0
0
VERTEX
8
0
10
60.402606250000005
20
8.3513875
30
0
0
VERTEX
8
0
10
60.400000000000006
20
8.351600000000001
30
0
0
VERTEX
8
0
10
52.745281250000005
20
8.351600000000001
30
0
0
VERTEX
8
0
10
54.951840625
20
10.558159375
30
0
0
VERTEX
8
0
10
54.955753125
20
10.5631875
30
0
42
0.14075965647395222
0
VERTEX
8
0
10
54.980246875000006
20
10.613471875
30
0
0
VERTEX
8
0
10
54.981012500000006
20
10.622834375
30
0
0
VERTEX
8
0
10
54.981515625
20
10.62585
30
0
0
VERTEX
8
0
10
54.981387500000004
20
10.627393750000001
30
0
0
VERTEX
8
0
10
54.9816
20
10.63
30
0
0
VERTEX
8
0
10
54.9816
20
17.12
30
0
0
VERTEX
8
0
10
54.9784875
20
17.14495625
30
0
42
0.8128116491081416
0
VERTEX
8
0
10
54.779753125
20
17.136528125
30
0
0
VERTEX
8
0
10
54.778400000000005
20
17.12
30
0
0
VERTEX
8
0
10
54.778400000000005
20
10.67208125
30
0
0
VERTEX
8
0
10
50.457918750000005
20
6.3516
30
0
0
VERTEX
8
0
10
47
20
6.3516
30
0
0
VERTEX
8
0
10
46.9936625
20
6.350809375
30
0
42
0.1407252340376049
0
VERTEX
8
0
10
46.9408
20
6.332571875
30
0
0
VERTEX
8
0
10
46.933634375000004
20
6.326487500000001
30
0
0
VERTEX
8
0
10
46.931153125
20
6.3247156250000005
30
0
0
VERTEX
8
0
10
46.930150000000005
20
6.32353125
30
0
0
VERTEX
8
0
10
46.928159375
20
6.321840625
30
0
0
VERTEX
8
0
10
42.58791875
20
1.9816
30
0
0
VERTEX
8
0
10
41.66208125
20
1.9816
30
0
0
VERTEX
8
0
10
40.071840625
20
3.571840625
30
0
0
VERTEX
8
0
10
40.066812500000005
20
3.5757531250000003
30
0
42
0.14075965647395222
0
VERTEX
8
0
10
40.016528125
20
3.6002468750000003
30
0
0
VERTEX
8
0
10
40.007165625
20
3.6010125000000004
30
0
0
VERTEX
8
0
10
40.00415
20
3.601515625
30
0
0
VERTEX
8
0
10
40.00260625
20
3.6013875
30
0
0
VERTEX
8
0
10
40
20
3.6016000000000004
30
0
0
VERTEX
8
0
10
26.042081250000003
20
3.6016000000000004
30
0
0
VERTEX
8
0
10
25.6016
20
4.04208125
30
0
0
VERTEX
8
0
10
25.6016
20
12.54363125
30
0
0
VERTEX
8
0
10
25.620546875000002
20
12.553287500000001
30
0
42
0.9999999999999999
0
VERTEX
8
0
10
25.379453125
20
12.9467125
30
0
0
VERTEX
8
0
10
25.350165625000002
20
12.925434375
30
0
42
0.509524700761689
0
VERTEX
8
0
10
25.379453125
20
12.553287500000001
30
0
0
VERTEX
8
0
10
25.398400000000002
20
12.54363125
30
0
0
VERTEX
8
0
10
25.398400000000002
20
4
30
0
0
VERTEX
8
0
10
25.399190625000003
20
3.9936625
30
0
42
0.1407252340376049
0
VERTEX
8
0
10
25.417428125
20
3.9408000000000003
30
0
0
VERTEX
8
0
10
25.4235125
20
3.933634375
30
0
0
VERTEX
8
0
10
25.425284375
20
3.9311531250000002
30
0
0
VERTEX
8
0
10
25.42646875
20
3.9301500000000003
30
0
0
VERTEX
8
0
10
25.428159375
20
3.9281593750000003
30
0
0
VERTEX
8
0
10
25.754718750000002
20
3.6016000000000004
30
0
0
VERTEX
8
0
10
19.7
20
3.6016000000000004
30
0
0
VERTEX
8
0
10
19.693662500000002
20
3.6008093750000003
30
0
42
0.1407252340376049
0
VERTEX
8
0
10
19.640800000000002
20
3.582571875
30
0
0
VERTEX
8
0
10
19.633634375
20
3.5764875000000003
30
0
0
VERTEX
8
0
10
19.631153125
20
3.574715625
30
0
0
VERTEX
8
0
10
19.63015
20
3.5735312500000003
30
0
0
VERTEX
8
0
10
19.628159375
20
3.571840625
30
0
0
VERTEX
8
0
10
18.03791875
20
1.9816
30
0
0
VERTEX
8
0
10
16.66208125
20
1.9816
30
0
0
VERTEX
8
0
10
15.351600000000001
20
3.2920812500000003
30
0
0
VERTEX
8
0
10
15.351600000000001
20
6.25
30
0
0
VERTEX
8
0
10
15.350809375
20
6.2563375
30
0
42
0.1407252340376049
0
VERTEX
8
0
10
15.332571875000001
20
6.309200000000001
30
0
0
VERTEX
8
0
10
15.3264875
20
6.316365625
30
0
0
VERTEX
8
0
10
15.324715625000001
20
6.318846875
30
0
0
VERTEX
8
0
10
15.32353125
20
6.319850000000001
30
0
0
VERTEX
8
0
10
15.321840625
20
6.321840625
30
0
0
VERTEX
8
0
10
5.1016
20
16.542081250000003
30
0
0
VERTEX
8
0
10
5.1016
20
17
30
0
0
VERTEX
8
0
10
5.100809375
20
17.0063375
30
0
42
0.1407252340376049
0
VERTEX
8
0
10
5.082571875
20
17.0592
30
0
0
VERTEX
8
0
10
5.0764875
20
17.066365625
30
0
0
VERTEX
8
0
10
5.0747156250000005
20
17.068846875000002
30
0
0
VERTEX
8
0
10
5.07353125
20
17.069850000000002
30
0
0
VERTEX
8
0
10
5.071840625
20
17.071840625
30
0
0
VERTEX
8
0
10
4.951840625
20
17.191840625
30
0
0
VERTEX
8
0
10
4.93199375
20
17.2072875
30
0
42
0.8128176307274321
0
VERTEX
8
0
10
4.797428125000001
20
17.0608
30
0
0
VERTEX
8
0
10
4.808159375
20
17.048159375
30
0
0
VERTEX
8
0
10
4.8984000000000005
20
16.95791875
30
0
0
VERTEX
8
0
10
4.8984000000000005
20
16.5
30
0
0
VERTEX
8
0
10
4.899190625
20
16.4936625
30
0
42
0.1407252340376049
0
VERTEX
8
0
10
4.917428125
20
16.4408
30
0
0
VERTEX
8
0
10
4.9235125
20
16.433634375
30
0
0
VERTEX
8
0
10
4.925284375
20
16.431153125
30
0
0
VERTEX
8
0
10
4.926468750000001
20
16.43015
30
0
0
VERTEX
8
0
10
4.928159375
20
16.428159375
30
0
0
VERTEX
8
0
10
15.1484
20
6.20791875
30
0
0
VERTEX
8
0
10
15.1484
20
3.25
30
0
0
VERTEX
8
0
10
15.149190625000001
20
3.2436625
30
0
42
0.1407252340376049
0
VERTEX
8
0
10
15.167428125
20
3.1908000000000003
30
0
0
VERTEX
8
0
10
15.173512500000001
20
3.183634375
30
0
0
VERTEX
8
0
10
15.175284375
20
3.1811531250000002
30
0
0
VERTEX
8
0
10
15.176468750000002
20
3.1801500000000003
30
0
0
VERTEX
8
0
10
15.178159375
20
3.1781593750000003
30
0
0
VERTEX
8
0
10
16.548159375
20
1.808159375
30
0
0
VERTEX
8
0
10
16.5531875
20
1.804246875
30
0
42
0.14075965647395222
0
VERTEX
8
0
10
16.603471875
20
1.779753125
30
0
0
VERTEX
8
0
10
16.612834375000002
20
1.7789875000000002
30
0
0
VERTEX
8
0
10
16.615850000000002
20
1.7784843750000001
30
0
0
VERTEX
8
0
10
16.61739375
20
1.7786125000000002
30
0
0
VERTEX
8
0
10
16.62
20
1.7784
30
0
0
VERTEX
8
0
10
18.080000000000002
20
1.7784
30
0
0
VERTEX
8
0
10
18.086337500000003
20
1.779190625
30
0
42
0.1407252340376049
0
VERTEX
8
0
10
18.139200000000002
20
1.7974281250000002
30
0
0
VERTEX
8
0
10
18.146365625
20
1.8035125
30
0
0
VERTEX
8
0
10
18.148846875
20
1.805284375
30
0
0
VERTEX
8
0
10
18.14985
20
1.80646875
30
0
0
VERTEX
8
0
10
18.151840625000002
20
1.808159375
30
0
0
VERTEX
8
0
10
19.742081250000002
20
3.3984
30
0
0
VERTEX
8
0
10
39.957918750000005
20
3.3984
30
0
0
VERTEX
8
0
10
41.548159375000004
20
1.808159375
30
0
0
VERTEX
8
0
10
41.5531875
20
1.804246875
30
0
42
0.14075965647395222
0
VERTEX
8
0
10
41.603471875000004
20
1.779753125
30
0
0
VERTEX
8
0
10
41.612834375
20
1.7789875000000002
30
0
0
VERTEX
8
0
10
41.61585
20
1.7784843750000001
30
0
0
VERTEX
8
0
10
41.617393750000005
20
1.7786125000000002
30
0
0
VERTEX
8
0
10
41.620000000000005
20
1.7784
30
0
0
VERTEX
8
0
10
42.63
20
1.7784
30
0
0
VERTEX
8
0
10
42.6363375
20
1.779190625
30
0
42
0.0474860310496077
0
VERTEX
8
0
10
42.660903125000004
20
1.783834375
30
0
0
VERTEX
8
0
10
42.667100000000005
20
1.7854156250000002
30
0
42
0.062132587094330616
0
VERTEX
8
0
10
42.6892
20
1.7974281250000002
30
0
0
VERTEX
8
0
10
42.696365625
20
1.8035125
30
0
0
VERTEX
8
0
10
42.698846875
20
1.805284375
30
0
0
VERTEX
8
0
10
42.699850000000005
20
1.80646875
30
0
0
VERTEX
8
0
10
42.701840625
20
1.808159375
30
0
0
VERTEX
8
0
10
47.04208125
20
6.1484000000000005
30
0
0
VERTEX
8
0
10
50.5
20
6.1484000000000005
30
0
0
VERTEX
8
0
10
50.5063375
20
6.149190625
30
0
42
0.1407252340376049
0
VERTEX
8
0
10
50.559200000000004
20
6.167428125000001
30
0
0
VERTEX
8
0
10
50.566365625
20
6.1735125
30
0
0
VERTEX
8
0
10
50.568846875000006
20
6.175284375
30
0
0
VERTEX
8
0
10
50.56985
20
6.176468750000001
30
0
0
VERTEX
8
0
10
50.571840625
20
6.178159375
30
0
0
VERTEX
8
0
10
52.54208125
20
8.1484
30
0
0
VERTEX
8
0
10
60.35791875
20
8.1484
30
0
0
VERTEX
8
0
10
66.698159375
20
1.808159375
30
0
0
VERTEX
8
0
10
66.7031875
20
1.804246875
30
0
42
0.14075965647395222
0
VERTEX
8
0
10
66.753471875
20
1.779753125
30
0
0
VERTEX
8
0
10
66.762834375
20
1.7789875000000002
30
0
0
VERTEX
8
0
10
66.76585
20
1.7784843750000001
30
0
0
VERTEX
8
0
10
66.76739375
20
1.7786125000000002
30
0
0
VERTEX
8
0
10
66.77000000000001
20
1.7784
30
0
0
VERTEX
8
0
10
68.07884375
20
1.7784
30
0
0
VERTEX
8
0
10
68.083928125
20
1.772815625
30
0
42
0.3453190677064737
0
VERTEX
8
0
10
68.20920000000001
20
1.7674281250000001
30
0
0
VERTEX
8
0
10
68.2209
20
1.777359375
30
0
0
VERTEX
8
0
10
68.221534375
20
1.7778500000000002
30
0
0
VERTEX
8
0
10
68.22165
20
1.7779968750000001
30
0
0
VERTEX
8
0
10
68.221840625
20
1.778159375
30
0
0
VERTEX
8
0
10
79.82184062500001
20
13.378159375000001
30
0
0
VERTEX
8
0
10
79.825753125
20
13.3831875
30
0
42
0.14075965647395222
0
VERTEX
8
0
10
79.85024687500001
20
13.433471875
30
0
0
VERTEX
8
0
10
79.85101250000001
20
13.442834375
30
0
0
VERTEX
8
0
10
79.851515625
20
13.44585
30
0
0
VERTEX
8
0
10
79.8513875
20
13.44739375
30
0
0
VERTEX
8
0
10
79.8516
20
13.450000000000001
30
0
0
VERTEX
8
0
10
79.8516
20
14.50471875
30
0
0
VERTEX
8
0
10
92.42103750000001
20
1.93528125
30
0
0
VERTEX
8
0
10
92.4954625
20
1.82364375
30
0
0
VERTEX
8
0
10
92.511896875
20
1.804603125
30
0
42
0.8128148248443416
0
VERTEX
8
0
10
92.672578125
20
1.92185625
30
0
0
VERTEX
8
0
10
92.66453750000001
20
1.93635625
30
0
0
VERTEX
8
0
10
92.58453750000001
20
2.05635625
30
0
0
VERTEX
8
0
10
92.583403125
20
2.05766875
30
0
0
VERTEX
8
0
10
92.582571875
20
2.0592
30
0
0
VERTEX
8
0
10
92.57184062500001
20
2.071840625
30
0
0
VERTEX
8
0
10
79.8516
20
14.79208125
30
0
0
VERTEX
8
0
10
79.8516
20
16.955515625
30
0
0
VERTEX
8
0
10
79.9489125
20
17.04534375
30
0
0
VERTEX
8
0
10
79.965140625
20
17.064559375
30
0
42
0.8128063889824926
0
VERTEX
8
0
10
79.82415
20
17.204871875000002
30
0
0
VERTEX
8
0
10
79.8110875
20
17.19465625
30
0
0
VERTEX
8
0
10
79.6810875
20
17.07465625
30
0
0
VERTEX
8
0
10
79.67566875
20
17.068237500000002
30
0
0
VERTEX
8
0
10
79.66972187500001
20
17.062275
30
0
42
0.12473301239534859
0
VERTEX
8
0
10
79.649753125
20
17.016528125
30
0
0
VERTEX
8
0
10
79.64929375
20
17.010903125000002
30
0
42
0.013420647583395904
0
VERTEX
8
0
10
79.64885000000001
20
17.005484375
30
0
0
VERTEX
8
0
10
79.64840000000001
20
17
30
0
0
VERTEX
8
0
10
79.64840000000001
20
13.49208125
30
0
0
SEQEND
0
POLYLINE
66
1
8
16_copper
10
0.0
20
0.0
30
0.0
70
1
0
VERTEX
8
0
10
25.553859375000002
20
12.525662500000001
30
0
42
0.4142135623730951
0
VERTEX
8
0
10
25.7243375
20
12.803859375
30
0
0
VERTEX
8
0
10
25.717765625000002
20
12.824084375
30
0
0
VERTEX
8
0
10
29.820375000000002
20
16.926693750000002
30
0
0
VERTEX
8
0
10
29.948912500000002
20
17.04534375
30
0
0
VERTEX
8
0
10
29.965140625
20
17.064559375
30
0
42
0.8128063889824926
0
VERTEX
8
0
10
29.824150000000003
20
17.204871875000002
30
0
0
VERTEX
8
0
10
29.811087500000003
20
17.19465625
30
0
0
VERTEX
8
0
10
29.6810875
20
17.07465625
30
0
0
VERTEX
8
0
10
29.680103125000002
20
17.073490625
30
0
0
VERTEX
8
0
10
29.678159375
20
17.071840625
30
0
0
VERTEX
8
0
10
25.574084375
20
12.967765625
30
0
0
VERTEX
8
0
10
25.553859375000002
20
12.9743375
30
0
42
0.9999999999999999
0
VERTEX
8
0
10
25.446140625
20
12.525662500000001
30
0
0
VERTEX
8
0
10
25.4819
20
12.520000000000001
30
0
0
VERTEX
8
0
10
25.5181
20
12.520000000000001
30
0
0
SEQEND
0
POLYLINE
66
1
8
16_copper
10
0.0
20
0.0
30
0.0
70
1
0
VERTEX
8
0
10
54.0942
20
12.975000000000001
30
0
0
VERTEX
8
0
10
53.86868125
20
12.975000000000001
30
0
0
VERTEX
8
0
10
54.04208125
20
13.1484
30
0
0
VERTEX
8
0
10
54.25
20
13.1484
30
0
0
VERTEX
8
0
10
54.2563375
20
13.149190625000001
30
0
42
0.1407252340376049
0
VERTEX
8
0
10
54.309200000000004
20
13.167428125
30
0
0
VERTEX
8
0
10
54.316365625
20
13.173512500000001
30
0
0
VERTEX
8
0
10
54.318846875000006
20
13.175284375
30
0
0
VERTEX
8
0
10
54.31985
20
13.176468750000002
30
0
0
VERTEX
8
0
10
54.321840625
20
13.178159375
30
0
0
VERTEX
8
0
10
54.821840625
20
13.678159375
30
0
0
VERTEX
8
0
10
54.825753125000006
20
13.6831875
30
0
42
0.14075965647395222
0
VERTEX
8
0
10
54.850246875
20
13.733471875000001
30
0
0
VERTEX
8
0
10
54.8510125
20
13.742834375000001
30
0
0
VERTEX
8
0
10
54.851515625000005
20
13.74585
30
0
0
VERTEX
8
0
10
54.8513875
20
13.74739375
30
0
0
VERTEX
8
0
10
54.851600000000005
20
13.75
30
0
0
VERTEX
8
0
10
54.851600000000005
20
16.955515625
30
0
0
VERTEX
8
0
10
54.948912500000006
20
17.04534375
30
0
0
VERTEX
8
0
10
54.965140625000004
20
17.064559375
30
0
42
0.8128063889824926
0
VERTEX
8
0
10
54.82415
20
17.204871875000002
30
0
0
VERTEX
8
0
10
54.8110875
20
17.19465625
30
0
0
VERTEX
8
0
10
54.681087500000004
20
17.07465625
30
0
0
VERTEX
8
0
10
54.67566875
20
17.068237500000002
30
0
0
VERTEX
8
0
10
54.669721875
20
17.062275
30
0
42
0.12473301239534859
0
VERTEX
8
0
10
54.649753125000004
20
17.016528125
30
0
0
VERTEX
8
0
10
54.649293750000005
20
17.010903125000002
30
0
42
0.013420647583395904
0
VERTEX
8
0
10
54.64885
20
17.005484375
30
0
0
VERTEX
8
0
10
54.6484
20
17
30
0
0
VERTEX
8
0
10
54.6484
20
13.79208125
30
0
0
VERTEX
8
0
10
54.207918750000005
20
13.351600000000001
30
0
0
VERTEX
8
0
10
54
20
13.351600000000001
30
0
0
VERTEX
8
0
10
53.9936625
20
13.350809375
30
0
42
0.1407252340376049
0
VERTEX
8
0
10
53.9408
20
13.332571875000001
30
0
0
VERTEX
8
0
10
53.933634375000004
20
13.3264875
30
0
0
VERTEX
8
0
10
53.931153125
20
13.324715625000001
30
0
0
VERTEX
8
0
10
53.930150000000005
20
13.32353125
30
0
0
VERTEX
8
0
10
53.928159375
20
13.321840625
30
0
0
VERTEX
8
0
10
53.58131875
20
12.975000000000001
30
0
0
VERTEX
8
0
10
52.894200000000005
20
12.975000000000001
30
0
0
VERTEX
8
0
10
52.894200000000005
20
12.375
30
0
0
VERTEX
8
0
10
54.0942
20
12.375
30
0
0
SEQEND
0
POLYLINE
66
1
8
16_copper
10
0.0
20
0.0
30
0.0
70
1
0
VERTEX
8
0
10
58.493662500000006
20
18.350809375
30
0
42
0.1407252340376049
0
VERTEX
8
0
10
58.4408
20
18.332571875
30
0
0
VERTEX
8
0
10
58.433634375000004
20
18.326487500000002
30
0
0
VERTEX
8
0
10
58.431153125
20
18.324715625
30
0
0
VERTEX
8
0
10
58.430150000000005
20
18.323531250000002
30
0
0
VERTEX
8
0
10
58.428159375
20
18.321840625
30
0
0
VERTEX
8
0
10
57.428159375
20
17.321840625
30
0
0
VERTEX
8
0
10
57.425962500000004
20
17.319015625000002
30
0
0
VERTEX
8
0
10
57.4232875
20
17.316615625
30
0
0
VERTEX
8
0
10
57.413471875000006
20
17.303246875
30
0
0
VERTEX
8
0
10
57.3924
20
17.26900625
30
0
0
VERTEX
8
0
10
57.317068750000004
20
17.3266125
30
0
0
VERTEX
8
0
10
55.071840625
20
19.571840625
30
0
0
VERTEX
8
0
10
55.066812500000005
20
19.575753125000002
30
0
42
0.14075965647395222
0
VERTEX
8
0
10
55.016528125
20
19.600246875
30
0
0
VERTEX
8
0
10
55.007165625000006
20
19.6010125
30
0
0
VERTEX
8
0
10
55.00415
20
19.601515625
30
0
0
VERTEX
8
0
10
55.00260625
20
19.6013875
30
0
0
VERTEX
8
0
10
55
20
19.6016
30
0
0
VERTEX
8
0
10
36
20
19.6016
30
0
0
VERTEX
8
0
10
35.9936625
20
19.600809375
30
0
42
0.1407252340376049
0
VERTEX
8
0
10
35.9408
20
19.582571875
30
0
0
VERTEX
8
0
10
35.933634375000004
20
19.576487500000002
30
0
0
VERTEX
8
0
10
35.931153125
20
19.574715625
30
0
0
VERTEX
8
0
10
35.930150000000005
20
19.573531250000002
30
0
0
VERTEX
8
0
10
35.928159375
20
19.571840625
30
0
0
VERTEX
8
0
10
35.457918750000005
20
19.1016
30
0
0
VERTEX
8
0
10
9.25
20
19.1016
30
0
0
VERTEX
8
0
10
9.243662500000001
20
19.100809375
30
0
42
0.1407252340376049
0
VERTEX
8
0
10
9.190800000000001
20
19.082571875
30
0
0
VERTEX
8
0
10
9.183634375
20
19.076487500000002
30
0
0
VERTEX
8
0
10
9.181153125
20
19.074715625
30
0
0
VERTEX
8
0
10
9.180150000000001
20
19.073531250000002
30
0
0
VERTEX
8
0
10
9.178159375
20
19.071840625
30
0
0
VERTEX
8
0
10
7.428159375000001
20
17.321840625
30
0
0
VERTEX
8
0
10
7.425962500000001
20
17.319015625000002
30
0
0
VERTEX
8
0
10
7.423287500000001
20
17.316615625
30
0
0
VERTEX
8
0
10
7.413471875
20
17.303246875
30
0
0
VERTEX
8
0
10
7.333471875000001
20
17.173246875
30
0
0
VERTEX
8
0
10
7.32304375
20
17.1503625
30
0
42
0.8128075885777089
0
VERTEX
8
0
10
7.4967125
20
17.053384375
30
0
0
VERTEX
8
0
10
7.506528125
20
17.066753125
30
0
0
VERTEX
8
0
10
7.580278125
20
17.186596875
30
0
0
VERTEX
8
0
10
9.29208125
20
18.898400000000002
30
0
0
VERTEX
8
0
10
18.19791875
20
18.898400000000002
30
0
0
VERTEX
8
0
10
20.048159375
20
17.048159375
30
0
0
VERTEX
8
0
10
20.06800625
20
17.032712500000002
30
0
42
0.8128176307274321
0
VERTEX
8
0
10
20.202571875
20
17.1792
30
0
0
VERTEX
8
0
10
20.191840625
20
17.191840625
30
0
0
VERTEX
8
0
10
18.48528125
20
18.898400000000002
30
0
0
VERTEX
8
0
10
35.5
20
18.898400000000002
30
0
0
VERTEX
8
0
10
35.5063375
20
18.899190625
30
0
42
0.1407252340376049
0
VERTEX
8
0
10
35.559200000000004
20
18.917428125
30
0
0
VERTEX
8
0
10
35.566365625
20
18.9235125
30
0
0
VERTEX
8
0
10
35.568846875
20
18.925284375
30
0
0
VERTEX
8
0
10
35.56985
20
18.92646875
30
0
0
VERTEX
8
0
10
35.571840625
20
18.928159375
30
0
0
VERTEX
8
0
10
36.04208125
20
19.398400000000002
30
0
0
VERTEX
8
0
10
54.957918750000005
20
19.398400000000002
30
0
0
VERTEX
8
0
10
57.178159375
20
17.178159375
30
0
0
VERTEX
8
0
10
57.180384375
20
17.176428125
30
0
0
VERTEX
8
0
10
57.188284375
20
17.16929375
30
0
0
VERTEX
8
0
10
57.2484625
20
17.123275
30
0
0
VERTEX
8
0
10
57.191409375
20
17.083003125
30
0
42
0.20081795634692054
0
VERTEX
8
0
10
57.149753125000004
20
17.016528125
30
0
0
VERTEX
8
0
10
57.1484
20
17
30
0
0
VERTEX
8
0
10
57.1484
20
15.04208125
30
0
0
VERTEX
8
0
10
54.207918750000005
20
12.101600000000001
30
0
0
VERTEX
8
0
10
54
20
12.101600000000001
30
0
0
VERTEX
8
0
10
53.9936625
20
12.100809375
30
0
42
0.1407252340376049
0
VERTEX
8
0
10
53.9408
20
12.082571875000001
30
0
0
VERTEX
8
0
10
53.933634375000004
20
12.0764875
30
0
0
VERTEX
8
0
10
53.931153125
20
12.074715625000001
30
0
0
VERTEX
8
0
10
53.930150000000005
20
12.07353125
30
0
0
VERTEX
8
0
10
53.928159375
20
12.071840625
30
0
0
VERTEX
8
0
10
53.561318750000005
20
11.705
30
0
0
VERTEX
8
0
10
52.894200000000005
20
11.705
30
0
0
VERTEX
8
0
10
52.894200000000005
20
11.105
30
0
0
VERTEX
8
0
10
54.0942
20
11.105
30
0
0
VERTEX
8
0
10
54.0942
20
11.705
30
0
0
VERTEX
8
0
10
53.848681250000006
20
11.705
30
0
0
VERTEX
8
0
10
54.04208125
20
11.8984
30
0
0
VERTEX
8
0
10
54.25
20
11.8984
30
0
0
VERTEX
8
0
10
54.2563375
20
11.899190625000001
30
0
42
0.1407252340376049
0
VERTEX
8
0
10
54.309200000000004
20
11.917428125
30
0
0
VERTEX
8
0
10
54.316365625
20
11.923512500000001
30
0
0
VERTEX
8
0
10
54.318846875000006
20
11.925284375
30
0
0
VERTEX
8
0
10
54.31985
20
11.92646875
30
0
0
VERTEX
8
0
10
54.321840625
20
11.928159375
30
0
0
VERTEX
8
0
10
57.321840625
20
14.928159375
30
0
0
VERTEX
8
0
10
57.325753125000006
20
14.9331875
30
0
42
0.14075965647395222
0
VERTEX
8
0
10
57.350246875
20
14.983471875000001
30
0
0
VERTEX
8
0
10
57.3510125
20
14.992834375000001
30
0
0
VERTEX
8
0
10
57.351515625000005
20
14.99585
30
0
0
VERTEX
8
0
10
57.3513875
20
14.99739375
30
0
0
VERTEX
8
0
10
57.351600000000005
20
15
30
0
0
VERTEX
8
0
10
57.351600000000005
20
16.947356250000002
30
0
0
VERTEX
8
0
10
57.478590625
20
17.036996875
30
0
0
VERTEX
8
0
10
57.486915625
20
17.044578125
30
0
0
VERTEX
8
0
10
57.495400000000004
20
17.051903125
30
0
42
0.004869937400531857
0
VERTEX
8
0
10
57.4967125
20
17.053384375
30
0
0
VERTEX
8
0
10
57.496971875
20
17.0537375
30
0
0
VERTEX
8
0
10
57.497184375
20
17.05393125
30
0
0
VERTEX
8
0
10
57.497815625
20
17.0548875
30
0
0
VERTEX
8
0
10
57.506528125
20
17.066753125
30
0
0
VERTEX
8
0
10
57.580278125
20
17.186596875
30
0
0
VERTEX
8
0
10
58.54208125
20
18.148400000000002
30
0
0
VERTEX
8
0
10
71.00471875000001
20
18.148400000000002
30
0
0
VERTEX
8
0
10
70.048159375
20
17.191840625
30
0
0
VERTEX
8
0
10
70.0327125
20
17.171993750000002
30
0
42
0.8128176307274321
0
VERTEX
8
0
10
70.17920000000001
20
17.037428125
30
0
0
VERTEX
8
0
10
70.191840625
20
17.048159375
30
0
0
VERTEX
8
0
10
71.29208125000001
20
18.148400000000002
30
0
0
VERTEX
8
0
10
83.20471875
20
18.148400000000002
30
0
0
VERTEX
8
0
10
82.508159375
20
17.451840625
30
0
0
VERTEX
8
0
10
82.50596250000001
20
17.449015625
30
0
0
VERTEX
8
0
10
82.5032875
20
17.446615625
30
0
0
VERTEX
8
0
10
82.493471875
20
17.433246875000002
30
0
0
VERTEX
8
0
10
82.333471875
20
17.173246875
30
0
0
VERTEX
8
0
10
82.32304375000001
20
17.1503625
30
0
42
0.8128075885777089
0
VERTEX
8
0
10
82.4967125
20
17.053384375
30
0
0
VERTEX
8
0
10
82.506528125
20
17.066753125
30
0
0
VERTEX
8
0
10
82.660278125
20
17.316596875000002
30
0
0
VERTEX
8
0
10
83.49208125
20
18.148400000000002
30
0
0
VERTEX
8
0
10
93.95791875
20
18.148400000000002
30
0
0
VERTEX
8
0
10
94.92669375
20
17.179625
30
0
0
VERTEX
8
0
10
95.04534375
20
17.0510875
30
0
0
VERTEX
8
0
10
95.064559375
20
17.034859375
30
0
42
0.8128063889824926
0
VERTEX
8
0
10
95.20487187500001
20
17.17585
30
0
0
VERTEX
8
0
10
95.19465625000001
20
17.1889125
30
0
0
VERTEX
8
0
10
95.07465625
20
17.3189125
30
0
0
VERTEX
8
0
10
95.073490625
20
17.319896875
30
0
0
VERTEX
8
0
10
95.07184062500001
20
17.321840625
30
0
0
VERTEX
8
0
10
94.07184062500001
20
18.321840625
30
0
0
VERTEX
8
0
10
94.0668125
20
18.325753125000002
30
0
42
0.14075965647395222
0
VERTEX
8
0
10
94.01652812500001
20
18.350246875
30
0
0
VERTEX
8
0
10
94.007165625
20
18.3510125
30
0
0
VERTEX
8
0
10
94.00415000000001
20
18.351515625
30
0
0
VERTEX
8
0
10
94.00260625
20
18.3513875
30
0
0
VERTEX
8
0
10
94
20
18.3516
30
0
0
VERTEX
8
0
10
58.5
20
18.3516
30
0
0
SEQEND
0
POLYLINE
66
1
8
1_copper
10
0.0
20
0.0
30
0.0
70
1
0
VERTEX
8
0
10
93.0063375
20
0.899190625
30
0
42
0.1407252340376049
0
VERTEX
8
0
10
93.0592
20
0.917428125
30
0
0
VERTEX
8
0
10
93.066365625
20
0.9235125000000001
30
0
0
VERTEX
8
0
10
93.068846875
20
0.925284375
30
0
0
VERTEX
8
0
10
93.06985
20
0.9264687500000001
30
0
0
VERTEX
8
0
10
93.07184062500001
20
0.928159375
30
0
0
VERTEX
8
0
10
93.57184062500001
20
1.4281593750000001
30
0
0
VERTEX
8
0
10
93.575753125
20
1.4331875
30
0
42
0.14075965647395222
0
VERTEX
8
0
10
93.60024687500001
20
1.483471875
30
0
0
VERTEX
8
0
10
93.60101250000001
20
1.4928343750000002
30
0
0
VERTEX
8
0
10
93.601515625
20
1.4958500000000001
30
0
0
VERTEX
8
0
10
93.6013875
20
1.49739375
30
0
0
VERTEX
8
0
10
93.6016
20
1.5
30
0
0
VERTEX
8
0
10
93.6016
20
2.95791875
30
0
0
VERTEX
8
0
10
94.04208125000001
20
3.3984
30
0
0
VERTEX
8
0
10
95.95791875
20
3.3984
30
0
0
VERTEX
8
0
10
97.428159375
20
1.9281593750000001
30
0
0
VERTEX
8
0
10
97.430053125
20
1.926684375
30
0
0
VERTEX
8
0
10
97.439040625
20
1.91871875
30
0
0
VERTEX
8
0
10
97.599040625
20
1.7987187500000001
30
0
0
VERTEX
8
0
10
97.620875
20
1.7862375000000001
30
0
42
0.8128113325975903
0
VERTEX
8
0
10
97.73336875000001
20
1.9502812500000002
30
0
0
VERTEX
8
0
10
97.720959375
20
1.96128125
30
0
0
VERTEX
8
0
10
97.566721875
20
2.076959375
30
0
0
VERTEX
8
0
10
96.07184062500001
20
3.571840625
30
0
0
VERTEX
8
0
10
96.0668125
20
3.5757531250000003
30
0
42
0.14075965647395222
0
VERTEX
8
0
10
96.01652812500001
20
3.6002468750000003
30
0
0
VERTEX
8
0
10
96.007165625
20
3.6010125000000004
30
0
0
VERTEX
8
0
10
96.00415000000001
20
3.601515625
30
0
0
VERTEX
8
0
10
96.00260625
20
3.6013875
30
0
0
VERTEX
8
0
10
96
20
3.6016000000000004
30
0
0
VERTEX
8
0
10
94
20
3.6016000000000004
30
0
0
VERTEX
8
0
10
93.9936625
20
3.6008093750000003
30
0
42
0.1407252340376049
0
VERTEX
8
0
10
93.94080000000001
20
3.582571875
30
0
0
VERTEX
8
0
10
93.93363437500001
20
3.5764875000000003
30
0
0
VERTEX
8
0
10
93.93115312500001
20
3.574715625
30
0
0
VERTEX
8
0
10
93.93015
20
3.5735312500000003
30
0
0
VERTEX
8
0
10
93.928159375
20
3.571840625
30
0
0
VERTEX
8
0
10
93.428159375
20
3.071840625
30
0
0
VERTEX
8
0
10
93.42424687500001
20
3.0668125
30
0
42
0.14075965647395222
0
VERTEX
8
0
10
93.399753125
20
3.0165281250000002
30
0
0
VERTEX
8
0
10
93.3989875
20
3.0071656250000003
30
0
0
VERTEX
8
0
10
93.39848437500001
20
3.00415
30
0
0
VERTEX
8
0
10
93.3986125
20
3.0026062500000004
30
0
0
VERTEX
8
0
10
93.39840000000001
20
3
30
0
0
VERTEX
8
0
10
93.39840000000001
20
1.54208125
30
0
0
VERTEX
8
0
10
92.95791875
20
1.1016000000000001
30
0
0
VERTEX
8
0
10
84.32528125
20
1.1016000000000001
30
0
0
VERTEX
8
0
10
85.031840625
20
1.808159375
30
0
0
VERTEX
8
0
10
85.04728750000001
20
1.82800625
30
0
42
0.8128176307274321
0
VERTEX
8
0
10
84.9008
20
1.962571875
30
0
0
VERTEX
8
0
10
84.888159375
20
1.951840625
30
0
0
VERTEX
8
0
10
84.03791875
20
1.1016000000000001
30
0
0
VERTEX
8
0
10
77.04208125000001
20
1.1016000000000001
30
0
0
VERTEX
8
0
10
76.171840625
20
1.971840625
30
0
0
VERTEX
8
0
10
76.1668125
20
1.975753125
30
0
42
0.14075965647395222
0
VERTEX
8
0
10
76.116528125
20
2.000246875
30
0
0
VERTEX
8
0
10
76.10716562500001
20
2.0010125000000003
30
0
0
VERTEX
8
0
10
76.10415
20
2.001515625
30
0
0
VERTEX
8
0
10
76.10260625000001
20
2.0013875
30
0
0
VERTEX
8
0
10
76.10000000000001
20
2.0016000000000003
30
0
0
VERTEX
8
0
10
72.68
20
2.0016000000000003
30
0
0
VERTEX
8
0
10
72.6736625
20
2.0008093750000002
30
0
42
0.1407252340376049
0
VERTEX
8
0
10
72.6208
20
1.982571875
30
0
0
VERTEX
8
0
10
72.61965625
20
1.9816
30
0
0
VERTEX
8
0
10
71.41208125
20
1.9816
30
0
0
VERTEX
8
0
10
70.57184062500001
20
2.821840625
30
0
0
VERTEX
8
0
10
70.565184375
20
2.8270218750000002
30
0
0
VERTEX
8
0
10
70.55894375
20
2.832753125
30
0
42
0.24401182287335
0
VERTEX
8
0
10
70.455303125
20
2.841240625
30
0
0
VERTEX
8
0
10
70.45401875
20
2.8404000000000003
30
0
0
VERTEX
8
0
10
69.76426875
20
2.8404000000000003
30
0
0
VERTEX
8
0
10
69.75793125
20
2.839609375
30
0
42
0.1407252340376049
0
VERTEX
8
0
10
69.70506875000001
20
2.821371875
30
0
0
VERTEX
8
0
10
69.697903125
20
2.8152875
30
0
0
VERTEX
8
0
10
69.69542187500001
20
2.813515625
30
0
0
VERTEX
8
0
10
69.69441875
20
2.81233125
30
0
0
VERTEX
8
0
10
69.692428125
20
2.810640625
30
0
0
VERTEX
8
0
10
69.23102187500001
20
2.349234375
30
0
0
VERTEX
8
0
10
69.22504375
20
2.3484875
30
0
42
0.09373325192910899
0
VERTEX
8
0
10
69.19080000000001
20
2.332571875
30
0
0
VERTEX
8
0
10
69.183634375
20
2.3264875000000003
30
0
0
VERTEX
8
0
10
69.18115312500001
20
2.324715625
30
0
0
VERTEX
8
0
10
69.18015
20
2.3235312500000003
30
0
0
VERTEX
8
0
10
69.178159375
20
2.321840625
30
0
0
VERTEX
8
0
10
67.95791875
20
1.1016000000000001
30
0
0
VERTEX
8
0
10
60.882081250000006
20
1.1016000000000001
30
0
0
VERTEX
8
0
10
60.0516
20
1.9320812500000002
30
0
0
VERTEX
8
0
10
60.0516
20
6.800000000000001
30
0
0
VERTEX
8
0
10
60.050809375
20
6.806337500000001
30
0
42
0.1407252340376049
0
VERTEX
8
0
10
60.032571875
20
6.8592
30
0
0
VERTEX
8
0
10
60.0264875
20
6.866365625
30
0
0
VERTEX
8
0
10
60.024715625000006
20
6.868846875
30
0
0
VERTEX
8
0
10
60.023531250000005
20
6.8698500000000005
30
0
0
VERTEX
8
0
10
60.021840625
20
6.871840625
30
0
0
VERTEX
8
0
10
59.071840625
20
7.821840625
30
0
0
VERTEX
8
0
10
59.066812500000005
20
7.825753125
30
0
42
0.14075965647395222
0
VERTEX
8
0
10
59.016528125
20
7.850246875000001
30
0
0
VERTEX
8
0
10
59.007165625000006
20
7.8510125
30
0
0
VERTEX
8
0
10
59.00415
20
7.851515625
30
0
0
VERTEX
8
0
10
59.00260625
20
7.8513875
30
0
0
VERTEX
8
0
10
59
20
7.8516
30
0
0
VERTEX
8
0
10
53
20
7.8516
30
0
0
VERTEX
8
0
10
52.9936625
20
7.850809375000001
30
0
42
0.1407252340376049
0
VERTEX
8
0
10
52.9408
20
7.832571875
30
0
0
VERTEX
8
0
10
52.933634375000004
20
7.826487500000001
30
0
0
VERTEX
8
0
10
52.931153125
20
7.8247156250000005
30
0
0
VERTEX
8
0
10
52.930150000000005
20
7.82353125
30
0
0
VERTEX
8
0
10
52.928159375
20
7.821840625
30
0
0
VERTEX
8
0
10
52.324084375000005
20
7.217765625
30
0
0
VERTEX
8
0
10
52.303859375
20
7.224337500000001
30
0
42
0.5600288639195065
0
VERTEX
8
0
10
52.0256625
20
6.946140625
30
0
0
VERTEX
8
0
10
52.032234375
20
6.925915625
30
0
0
VERTEX
8
0
10
51.178159375
20
6.071840625
30
0
0
VERTEX
8
0
10
51.174246875
20
6.0668125
30
0
42
0.14075965647395222
0
VERTEX
8
0
10
51.149753125000004
20
6.016528125000001
30
0
0
VERTEX
8
0
10
51.148987500000004
20
6.007165625000001
30
0
0
VERTEX
8
0
10
51.148484375
20
6.00415
30
0
0
VERTEX
8
0
10
51.148612500000006
20
6.00260625
30
0
0
VERTEX
8
0
10
51.1484
20
6
30
0
0
VERTEX
8
0
10
51.1484
20
5.54208125
30
0
0
VERTEX
8
0
10
47.678159375
20
2.071840625
30
0
0
VERTEX
8
0
10
47.676684375
20
2.0699468750000003
30
0
0
VERTEX
8
0
10
47.668718750000004
20
2.060959375
30
0
0
VERTEX
8
0
10
47.57871875
20
1.940959375
30
0
0
VERTEX
8
0
10
47.5662375
20
1.9191250000000002
30
0
42
0.8128113325975903
0
VERTEX
8
0
10
47.730281250000004
20
1.8066312500000001
30
0
0
VERTEX
8
0
10
47.74128125
20
1.8190406250000002
30
0
0
VERTEX
8
0
10
47.826959375
20
1.9332781250000002
30
0
0
VERTEX
8
0
10
51.321840625
20
5.428159375
30
0
0
VERTEX
8
0
10
51.325753125000006
20
5.4331875
30
0
42
0.14075965647395222
0
VERTEX
8
0
10
51.350246875
20
5.483471875
30
0
0
VERTEX
8
0
10
51.3510125
20
5.492834375
30
0
0
VERTEX
8
0
10
51.351515625000005
20
5.49585
30
0
0
VERTEX
8
0
10
51.3513875
20
5.4973937500000005
30
0
0
VERTEX
8
0
10
51.351600000000005
20
5.5
30
0
0
VERTEX
8
0
10
51.351600000000005
20
5.95791875
30
0
0
VERTEX
8
0
10
52.175915625
20
6.782234375000001
30
0
0
VERTEX
8
0
10
52.196140625000005
20
6.7756625
30
0
42
0.5600288639195065
0
VERTEX
8
0
10
52.474337500000004
20
7.053859375
30
0
0
VERTEX
8
0
10
52.467765625000006
20
7.074084375
30
0
0
VERTEX
8
0
10
53.04208125
20
7.6484000000000005
30
0
0
VERTEX
8
0
10
58.957918750000005
20
7.6484000000000005
30
0
0
VERTEX
8
0
10
59.848400000000005
20
6.75791875
30
0
0
VERTEX
8
0
10
59.848400000000005
20
1.885715625
30
0
0
VERTEX
8
0
10
59.849306250000005
20
1.8784625000000001
30
0
0
VERTEX
8
0
10
59.849446875000005
20
1.871175
30
0
42
0.20756383448159293
0
VERTEX
8
0
10
59.892109375000004
20
1.8026312500000001
30
0
0
VERTEX
8
0
10
59.894484375000005
20
1.800621875
30
0
0
VERTEX
8
0
10
59.896412500000004
20
1.7996812500000001
30
0
0
VERTEX
8
0
10
59.897128125
20
1.799190625
30
0
0
VERTEX
8
0
10
60.768159375
20
0.928159375
30
0
0
VERTEX
8
0
10
60.773187500000006
20
0.924246875
30
0
42
0.14075965647395222
0
VERTEX
8
0
10
60.823471875
20
0.899753125
30
0
0
VERTEX
8
0
10
60.832834375000004
20
0.8989875
30
0
0
VERTEX
8
0
10
60.83585
20
0.898484375
30
0
0
VERTEX
8
0
10
60.837393750000004
20
0.8986125
30
0
0
VERTEX
8
0
10
60.84
20
0.8984000000000001
30
0
0
VERTEX
8
0
10
68
20
0.8984000000000001
30
0
0
VERTEX
8
0
10
68.0063375
20
0.899190625
30
0
42
0.1407252340376049
0
VERTEX
8
0
10
68.0592
20
0.917428125
30
0
0
VERTEX
8
0
10
68.066365625
20
0.9235125000000001
30
0
0
VERTEX
8
0
10
68.068846875
20
0.925284375
30
0
0
VERTEX
8
0
10
68.06985
20
0.9264687500000001
30
0
0
VERTEX
8
0
10
68.07184062500001
20
0.928159375
30
0
0
VERTEX
8
0
10
69.294446875
20
2.150765625
30
0
0
VERTEX
8
0
10
69.300425
20
2.1515125
30
0
42
0.08136357002729055
0
VERTEX
8
0
10
69.33466875
20
2.1674281250000003
30
0
0
VERTEX
8
0
10
69.341834375
20
2.1735125
30
0
0
VERTEX
8
0
10
69.34431562500001
20
2.175284375
30
0
0
VERTEX
8
0
10
69.34531875
20
2.17646875
30
0
0
VERTEX
8
0
10
69.34730937500001
20
2.178159375
30
0
0
VERTEX
8
0
10
69.80635000000001
20
2.6372
30
0
0
VERTEX
8
0
10
70.46911875
20
2.6372
30
0
0
VERTEX
8
0
10
71.298159375
20
1.808159375
30
0
0
VERTEX
8
0
10
71.3031875
20
1.804246875
30
0
42
0.14075965647395222
0
VERTEX
8
0
10
71.353471875
20
1.779753125
30
0
0
VERTEX
8
0
10
71.362834375
20
1.7789875000000002
30
0
0
VERTEX
8
0
10
71.36585000000001
20
1.7784843750000001
30
0
0
VERTEX
8
0
10
71.36739375
20
1.7786125000000002
30
0
0
VERTEX
8
0
10
71.37
20
1.7784
30
0
0
VERTEX
8
0
10
72.66
20
1.7784
30
0
0
VERTEX
8
0
10
72.6663375
20
1.779190625
30
0
42
0.11998477293312815
0
VERTEX
8
0
10
72.7192
20
1.7974281250000002
30
0
0
VERTEX
8
0
10
72.72034375
20
1.7984
30
0
0
VERTEX
8
0
10
76.05791875
20
1.7984
30
0
0
VERTEX
8
0
10
76.928159375
20
0.928159375
30
0
0
VERTEX
8
0
10
76.9331875
20
0.924246875
30
0
42
0.14075965647395222
0
VERTEX
8
0
10
76.983471875
20
0.899753125
30
0
0
VERTEX
8
0
10
76.992834375
20
0.8989875
30
0
0
VERTEX
8
0
10
76.99585
20
0.898484375
30
0
0
VERTEX
8
0
10
76.99739375
20
0.8986125
30
0
0
VERTEX
8
0
10
77
20
0.8984000000000001
30
0
0
VERTEX
8
0
10
93
20
0.8984000000000001
30
0
0
SEQEND
0
POLYLINE
66
1
8
1_copper
10
0.0
20
0.0
30
0.0
70
1
0
VERTEX
8
0
10
19.0063375
20
0.899190625
30
0
42
0.1407252340376049
0
VERTEX
8
0
10
19.0592
20
0.917428125
30
0
0
VERTEX
8
0
10
19.066365625
20
0.9235125000000001
30
0
0
VERTEX
8
0
10
19.068846875000002
20
0.925284375
30
0
0
VERTEX
8
0
10
19.069850000000002
20
0.9264687500000001
30
0
0
VERTEX
8
0
10
19.071840625
20
0.928159375
30
0
0
VERTEX
8
0
10
19.321840625
20
1.1781593750000001
30
0
0
VERTEX
8
0
10
19.325753125000002
20
1.1831875
30
0
42
0.14075965647395222
0
VERTEX
8
0
10
19.350246875
20
1.233471875
30
0
0
VERTEX
8
0
10
19.3510125
20
1.2428343750000002
30
0
0
VERTEX
8
0
10
19.351515625
20
1.2458500000000001
30
0
0
VERTEX
8
0
10
19.3513875
20
1.24739375
30
0
0
VERTEX
8
0
10
19.3516
20
1.25
30
0
0
VERTEX
8
0
10
19.3516
20
2.20791875
30
0
0
VERTEX
8
0
10
19.792081250000003
20
2.6484
30
0
0
VERTEX
8
0
10
21.95791875
20
2.6484
30
0
0
VERTEX
8
0
10
22.398400000000002
20
2.20791875
30
0
0
VERTEX
8
0
10
22.398400000000002
20
2
30
0
0
VERTEX
8
0
10
22.398521875
20
1.99901875
30
0
0
VERTEX
8
0
10
22.39841875
20
1.998034375
30
0
42
0.18832012107662002
0
VERTEX
8
0
10
22.42663125
20
1.9297187500000001
30
0
0
VERTEX
8
0
10
22.439040625
20
1.91871875
30
0
0
VERTEX
8
0
10
22.599040625
20
1.7987187500000001
30
0
0
VERTEX
8
0
10
22.620875
20
1.7862375000000001
30
0
42
0.8128113325975903
0
VERTEX
8
0
10
22.73336875
20
1.9502812500000002
30
0
0
VERTEX
8
0
10
22.720959375
20
1.96128125
30
0
0
VERTEX
8
0
10
22.6016
20
2.0508
30
0
0
VERTEX
8
0
10
22.6016
20
2.25
30
0
0
VERTEX
8
0
10
22.600809375
20
2.2563375000000003
30
0
42
0.1407252340376049
0
VERTEX
8
0
10
22.582571875000003
20
2.3092
30
0
0
VERTEX
8
0
10
22.576487500000002
20
2.316365625
30
0
0
VERTEX
8
0
10
22.574715625
20
2.318846875
30
0
0
VERTEX
8
0
10
22.573531250000002
20
2.31985
30
0
0
VERTEX
8
0
10
22.571840625
20
2.321840625
30
0
0
VERTEX
8
0
10
22.071840625
20
2.821840625
30
0
0
VERTEX
8
0
10
22.0668125
20
2.8257531250000003
30
0
42
0.14075965647395222
0
VERTEX
8
0
10
22.016528125
20
2.8502468750000003
30
0
0
VERTEX
8
0
10
22.007165625000003
20
2.8510125
30
0
0
VERTEX
8
0
10
22.004150000000003
20
2.851515625
30
0
0
VERTEX
8
0
10
22.00260625
20
2.8513875
30
0
0
VERTEX
8
0
10
22
20
2.8516000000000004
30
0
0
VERTEX
8
0
10
19.75
20
2.8516000000000004
30
0
0
VERTEX
8
0
10
19.7436625
20
2.8508093750000003
30
0
42
0.1407252340376049
0
VERTEX
8
0
10
19.6908
20
2.832571875
30
0
0
VERTEX
8
0
10
19.683634375
20
2.8264875000000003
30
0
0
VERTEX
8
0
10
19.681153125
20
2.824715625
30
0
0
VERTEX
8
0
10
19.68015
20
2.8235312500000003
30
0
0
VERTEX
8
0
10
19.678159375
20
2.821840625
30
0
0
VERTEX
8
0
10
19.178159375
20
2.321840625
30
0
0
VERTEX
8
0
10
19.174246875
20
2.3168125
30
0
42
0.14075965647395222
0
VERTEX
8
0
10
19.149753125
20
2.2665281250000002
30
0
0
VERTEX
8
0
10
19.1489875
20
2.2571656250000003
30
0
0
VERTEX
8
0
10
19.148484375000002
20
2.25415
30
0
0
VERTEX
8
0
10
19.148612500000002
20
2.25260625
30
0
0
VERTEX
8
0
10
19.148400000000002
20
2.25
30
0
0
VERTEX
8
0
10
19.148400000000002
20
1.29208125
30
0
0
VERTEX
8
0
10
18.95791875
20
1.1016000000000001
30
0
0
VERTEX
8
0
10
10.88208125
20
1.1016000000000001
30
0
0
VERTEX
8
0
10
10.031840625000001
20
1.951840625
30
0
0
VERTEX
8
0
10
10.01199375
20
1.9672875
30
0
42
0.8128176307274321
0
VERTEX
8
0
10
9.877428125
20
1.8208000000000002
30
0
0
VERTEX
8
0
10
9.888159375
20
1.808159375
30
0
0
VERTEX
8
0
10
10.768159375
20
0.928159375
30
0
0
VERTEX
8
0
10
10.7731875
20
0.924246875
30
0
42
0.14075965647395222
0
VERTEX
8
0
10
10.823471875000001
20
0.899753125
30
0
0
VERTEX
8
0
10
10.832834375000001
20
0.8989875
30
0
0
VERTEX
8
0
10
10.83585
20
0.898484375
30
0
0
VERTEX
8
0
10
10.83739375
20
0.8986125
30
0
0
VERTEX
8
0
10
10.84
20
0.8984000000000001
30
0
0
VERTEX
8
0
10
19
20
0.8984000000000001
30
0
0
SEQEND
0
POLYLINE
66
1
8
16_copper
10
0.0
20
0.0
30
0.0
70
1
0
VERTEX
8
0
10
34.9939875
20
1.784253125
30
0
42
0.18831378819264744
0
VERTEX
8
0
10
35.049875
20
1.8326187500000002
30
0
0
VERTEX
8
0
10
35.0563875
20
1.847871875
30
0
0
VERTEX
8
0
10
35.088803125
20
1.9451218750000001
30
0
0
VERTEX
8
0
10
36.29208125
20
3.1484
30
0
0
VERTEX
8
0
10
47
20
3.1484
30
0
0
VERTEX
8
0
10
47.0063375
20
3.149190625
30
0
42
0.1407252340376049
0
VERTEX
8
0
10
47.059200000000004
20
3.1674281250000003
30
0
0
VERTEX
8
0
10
47.066365625
20
3.1735125
30
0
0
VERTEX
8
0
10
47.068846875000006
20
3.175284375
30
0
0
VERTEX
8
0
10
47.06985
20
3.17646875
30
0
0
VERTEX
8
0
10
47.071840625
20
3.1781593750000003
30
0
0
VERTEX
8
0
10
49.79208125
20
5.8984000000000005
30
0
0
VERTEX
8
0
10
51.25
20
5.8984000000000005
30
0
0
VERTEX
8
0
10
51.2563375
20
5.899190625
30
0
42
0.1407252340376049
0
VERTEX
8
0
10
51.309200000000004
20
5.917428125000001
30
0
0
VERTEX
8
0
10
51.316365625
20
5.9235125
30
0
0
VERTEX
8
0
10
51.318846875000006
20
5.925284375
30
0
0
VERTEX
8
0
10
51.31985
20
5.926468750000001
30
0
0
VERTEX
8
0
10
51.321840625
20
5.928159375
30
0
0
VERTEX
8
0
10
52.175915625
20
6.782234375000001
30
0
0
VERTEX
8
0
10
52.196140625000005
20
6.7756625
30
0
42
0.8540798954791192
0
VERTEX
8
0
10
52.370546875
20
7.1967125
30
0
0
VERTEX
8
0
10
52.351600000000005
20
7.20636875
30
0
0
VERTEX
8
0
10
52.351600000000005
20
8.957918750000001
30
0
0
VERTEX
8
0
10
53.22868125
20
9.835
30
0
0
VERTEX
8
0
10
54.0942
20
9.835
30
0
0
VERTEX
8
0
10
54.0942
20
10.435
30
0
0
VERTEX
8
0
10
52.894200000000005
20
10.435
30
0
0
VERTEX
8
0
10
52.894200000000005
20
9.835
30
0
0
VERTEX
8
0
10
52.94131875
20
9.835
30
0
0
VERTEX
8
0
10
52.178159375
20
9.071840625
30
0
0
VERTEX
8
0
10
52.174246875
20
9.066812500000001
30
0
42
0.14075965647395222
0
VERTEX
8
0
10
52.149753125000004
20
9.016528125
30
0
0
VERTEX
8
0
10
52.148987500000004
20
9.007165625
30
0
0
VERTEX
8
0
10
52.148484375
20
9.004150000000001
30
0
0
VERTEX
8
0
10
52.148612500000006
20
9.002606250000001
30
0
0
VERTEX
8
0
10
52.1484
20
9
30
0
0
VERTEX
8
0
10
52.1484
20
7.20636875
30
0
0
VERTEX
8
0
10
52.129453125000005
20
7.1967125
30
0
42
0.32491919122640284
0
VERTEX
8
0
10
52.0256625
20
6.946140625
30
0
0
VERTEX
8
0
10
52.032234375
20
6.925915625
30
0
0
VERTEX
8
0
10
51.207918750000005
20
6.1016
30
0
0
VERTEX
8
0
10
49.75
20
6.1016
30
0
0
VERTEX
8
0
10
49.7436625
20
6.100809375
30
0
42
0.1407252340376049
0
VERTEX
8
0
10
49.6908
20
6.082571875
30
0
0
VERTEX
8
0
10
49.683634375000004
20
6.076487500000001
30
0
0
VERTEX
8
0
10
49.681153125
20
6.0747156250000005
30
0
0
VERTEX
8
0
10
49.680150000000005
20
6.07353125
30
0
0
VERTEX
8
0
10
49.678159375
20
6.071840625
30
0
0
VERTEX
8
0
10
46.957918750000005
20
3.3516000000000004
30
0
0
VERTEX
8
0
10
36.25
20
3.3516000000000004
30
0
0
VERTEX
8
0
10
36.2436625
20
3.3508093750000003
30
0
42
0.1407252340376049
0
VERTEX
8
0
10
36.1908
20
3.332571875
30
0
0
VERTEX
8
0
10
36.183634375000004
20
3.3264875000000003
30
0
0
VERTEX
8
0
10
36.181153125
20
3.324715625
30
0
0
VERTEX
8
0
10
36.180150000000005
20
3.3235312500000003
30
0
0
VERTEX
8
0
10
36.178159375
20
3.321840625
30
0
0
VERTEX
8
0
10
34.928159375
20
2.071840625
30
0
0
VERTEX
8
0
10
34.926534375
20
2.069753125
30
0
0
VERTEX
8
0
10
34.924515625000005
20
2.0680062500000003
30
0
42
0.062121428785063756
0
VERTEX
8
0
10
34.910125
20
2.04738125
30
0
0
VERTEX
8
0
10
34.9036125
20
2.0321281250000003
30
0
0
VERTEX
8
0
10
34.8636125
20
1.9121281250000002
30
0
0
VERTEX
8
0
10
34.858675000000005
20
1.88746875
30
0
42
0.4638672096764615
0
VERTEX
8
0
10
34.969428125
20
1.7788375
30
0
0
SEQEND
0
POLYLINE
66
1
8
1_copper
10
0.0
20
0.0
30
0.0
70
1
0
VERTEX
8
0
10
47.156959375
20
0.949359375
30
0
42
0.15676404749847475
0
VERTEX
8
0
10
47.212271875
20
0.920953125
30
0
0
VERTEX
8
0
10
47.221634375
20
0.9201875
30
0
0
VERTEX
8
0
10
47.224650000000004
20
0.919684375
30
0
0
VERTEX
8
0
10
47.22619375
20
0.9198125
30
0
0
VERTEX
8
0
10
47.2288
20
0.9196000000000001
30
0
0
VERTEX
8
0
10
55.23573125
20
0.9196000000000001
30
0
0
VERTEX
8
0
10
55.24206875
20
0.920390625
30
0
42
0.1407252340376049
0
VERTEX
8
0
10
55.294931250000005
20
0.938628125
30
0
0
VERTEX
8
0
10
55.302096875000004
20
0.9447125000000001
30
0
0
VERTEX
8
0
10
55.304578125000006
20
0.946484375
30
0
0
VERTEX
8
0
10
55.30558125
20
0.9476687500000001
30
0
0
VERTEX
8
0
10
55.307571875
20
0.949359375
30
0
0
VERTEX
8
0
10
56.1708
20
1.8125875
30
0
0
VERTEX
8
0
10
57.343731250000005
20
1.8125875
30
0
0
VERTEX
8
0
10
57.348159375
20
1.808159375
30
0
42
0.36712936063997265
0
VERTEX
8
0
10
57.479200000000006
20
1.7974281250000002
30
0
0
VERTEX
8
0
10
57.48034375
20
1.7984
30
0
0
VERTEX
8
0
10
58.23318125
20
1.7984
30
0
0
VERTEX
8
0
10
59.509821875
20
0.521759375
30
0
0
VERTEX
8
0
10
59.51485
20
0.517846875
30
0
42
0.14075965647395222
0
VERTEX
8
0
10
59.565134375
20
0.493353125
30
0
0
VERTEX
8
0
10
59.574496875
20
0.4925875
30
0
0
VERTEX
8
0
10
59.577512500000005
20
0.492084375
30
0
0
VERTEX
8
0
10
59.57905625
20
0.4922125
30
0
0
VERTEX
8
0
10
59.5816625
20
0.49200000000000005
30
0
0
VERTEX
8
0
10
69
20
0.49200000000000005
30
0
0
VERTEX
8
0
10
69.0063375
20
0.49279062500000004
30
0
42
0.1407252340376049
0
VERTEX
8
0
10
69.0592
20
0.511028125
30
0
0
VERTEX
8
0
10
69.066365625
20
0.5171125
30
0
0
VERTEX
8
0
10
69.068846875
20
0.5188843750000001
30
0
0
VERTEX
8
0
10
69.06985
20
0.5200687500000001
30
0
0
VERTEX
8
0
10
69.07184062500001
20
0.521759375
30
0
0
VERTEX
8
0
10
70.191840625
20
1.6417593750000001
30
0
0
VERTEX
8
0
10
70.19575312500001
20
1.6467875
30
0
42
0.14075965647395222
0
VERTEX
8
0
10
70.220246875
20
1.697071875
30
0
0
VERTEX
8
0
10
70.2210125
20
1.7064343750000002
30
0
0
VERTEX
8
0
10
70.22151562500001
20
1.7094500000000001
30
0
0
VERTEX
8
0
10
70.2213875
20
1.71099375
30
0
0
VERTEX
8
0
10
70.22160000000001
20
1.7136
30
0
0
VERTEX
8
0
10
70.22160000000001
20
1.8800000000000001
30
0
0
VERTEX
8
0
10
70.21848750000001
20
1.9049562500000001
30
0
42
0.8128116491081416
0
VERTEX
8
0
10
70.01975312500001
20
1.8965281250000001
30
0
0
VERTEX
8
0
10
70.0184
20
1.8800000000000001
30
0
0
VERTEX
8
0
10
70.0184
20
1.75568125
30
0
0
VERTEX
8
0
10
68.95791875
20
0.6952
30
0
0
VERTEX
8
0
10
59.62374375
20
0.6952
30
0
0
VERTEX
8
0
10
58.347103125000004
20
1.971840625
30
0
0
VERTEX
8
0
10
58.342075
20
1.975753125
30
0
42
0.14075965647395222
0
VERTEX
8
0
10
58.291790625000004
20
2.000246875
30
0
0
VERTEX
8
0
10
58.282428125
20
2.0010125000000003
30
0
0
VERTEX
8
0
10
58.2794125
20
2.001515625
30
0
0
VERTEX
8
0
10
58.27786875
20
2.0013875
30
0
0
VERTEX
8
0
10
58.275262500000004
20
2.0016000000000003
30
0
0
VERTEX
8
0
10
57.440000000000005
20
2.0016000000000003
30
0
0
VERTEX
8
0
10
57.437971875
20
2.0013468750000003
30
0
0
VERTEX
8
0
10
57.43780625
20
2.001475
30
0
0
VERTEX
8
0
10
57.431962500000004
20
2.0040375
30
0
0
VERTEX
8
0
10
57.426459375
20
2.007303125
30
0
42
0.06212569315776047
0
VERTEX
8
0
10
57.402340625
20
2.014434375
30
0
0
VERTEX
8
0
10
57.392978125000006
20
2.0152
30
0
0
VERTEX
8
0
10
57.3899625
20
2.015703125
30
0
0
VERTEX
8
0
10
57.38841875
20
2.015575
30
0
0
VERTEX
8
0
10
57.3858125
20
2.0157875
30
0
0
VERTEX
8
0
10
56.128718750000004
20
2.0157875
30
0
0
VERTEX
8
0
10
56.122381250000004
20
2.014996875
30
0
42
0.1407252340376049
0
VERTEX
8
0
10
56.06951875
20
1.9967593750000001
30
0
0
VERTEX
8
0
10
56.062353125
20
1.9906750000000002
30
0
0
VERTEX
8
0
10
56.059871875000006
20
1.988903125
30
0
0
VERTEX
8
0
10
56.05886875
20
1.9877187500000002
30
0
0
VERTEX
8
0
10
56.056878125000004
20
1.986028125
30
0
0
VERTEX
8
0
10
55.193650000000005
20
1.1228
30
0
0
VERTEX
8
0
10
47.27088125
20
1.1228
30
0
0
VERTEX
8
0
10
46.441840625000005
20
1.951840625
30
0
0
VERTEX
8
0
10
46.4368125
20
1.9557531250000002
30
0
42
0.14075965647395222
0
VERTEX
8
0
10
46.386528125000005
20
1.9802468750000002
30
0
0
VERTEX
8
0
10
46.377165625
20
1.9810125
30
0
0
VERTEX
8
0
10
46.37415
20
1.9815156250000001
30
0
0
VERTEX
8
0
10
46.372606250000004
20
1.9813875
30
0
0
VERTEX
8
0
10
46.370000000000005
20
1.9816
30
0
0
VERTEX
8
0
10
43.88
20
1.9816
30
0
0
VERTEX
8
0
10
43.8736625
20
1.9808093750000002
30
0
42
0.1407252340376049
0
VERTEX
8
0
10
43.820800000000006
20
1.962571875
30
0
0
VERTEX
8
0
10
43.813634375
20
1.9564875000000002
30
0
0
VERTEX
8
0
10
43.811153125000004
20
1.9547156250000002
30
0
0
VERTEX
8
0
10
43.81015
20
1.9535312500000002
30
0
0
VERTEX
8
0
10
43.808159375
20
1.951840625
30
0
0
VERTEX
8
0
10
42.957918750000005
20
1.1016000000000001
30
0
0
VERTEX
8
0
10
34.04208125
20
1.1016000000000001
30
0
0
VERTEX
8
0
10
33.191840625000005
20
1.951840625
30
0
0
VERTEX
8
0
10
33.1868125
20
1.9557531250000002
30
0
42
0.14075965647395222
0
VERTEX
8
0
10
33.136528125
20
1.9802468750000002
30
0
0
VERTEX
8
0
10
33.127165625
20
1.9810125
30
0
0
VERTEX
8
0
10
33.12415
20
1.9815156250000001
30
0
0
VERTEX
8
0
10
33.122606250000004
20
1.9813875
30
0
0
VERTEX
8
0
10
33.120000000000005
20
1.9816
30
0
0
VERTEX
8
0
10
32.460046875
20
1.9816
30
0
0
VERTEX
8
0
10
32.456903125000004
20
1.983465625
30
0
42
0.10917360152534003
0
VERTEX
8
0
10
32.416528125
20
2.000246875
30
0
0
VERTEX
8
0
10
32.407165625000005
20
2.0010125000000003
30
0
0
VERTEX
8
0
10
32.40415
20
2.001515625
30
0
0
VERTEX
8
0
10
32.40260625
20
2.0013875
30
0
0
VERTEX
8
0
10
32.4
20
2.0016000000000003
30
0
0
VERTEX
8
0
10
31.900000000000002
20
2.0016000000000003
30
0
0
VERTEX
8
0
10
31.8936625
20
2.0008093750000002
30
0
42
0.1407252340376049
0
VERTEX
8
0
10
31.8408
20
1.982571875
30
0
0
VERTEX
8
0
10
31.833634375000003
20
1.9764875000000002
30
0
0
VERTEX
8
0
10
31.831153125
20
1.9747156250000002
30
0
0
VERTEX
8
0
10
31.830150000000003
20
1.9735312500000002
30
0
0
VERTEX
8
0
10
31.828159375000002
20
1.971840625
30
0
0
VERTEX
8
0
10
30.97911875
20
1.1228
30
0
0
VERTEX
8
0
10
22.34635
20
1.1228
30
0
0
VERTEX
8
0
10
21.517309375
20
1.951840625
30
0
0
VERTEX
8
0
10
21.51228125
20
1.9557531250000002
30
0
42
0.14075965647395222
0
VERTEX
8
0
10
21.461996875
20
1.9802468750000002
30
0
0
VERTEX
8
0
10
21.452634375000002
20
1.9810125
30
0
0
VERTEX
8
0
10
21.449618750000003
20
1.9815156250000001
30
0
0
VERTEX
8
0
10
21.448075
20
1.9813875
30
0
0
VERTEX
8
0
10
21.44546875
20
1.9816
30
0
0
VERTEX
8
0
10
20.12
20
1.9816
30
0
0
VERTEX
8
0
10
20.111646875
20
1.9805593750000001
30
0
0
VERTEX
8
0
10
20.103250000000003
20
1.980209375
30
0
42
0.12472684400237541
0
VERTEX
8
0
10
20.057550000000003
20
1.9601406250000002
30
0
0
VERTEX
8
0
10
20.053390625000002
20
1.956315625
30
0
42
0.013385976399399266
0
VERTEX
8
0
10
20.049400000000002
20
1.95264375
30
0
0
VERTEX
8
0
10
20.04534375
20
1.9489125
30
0
0
VERTEX
8
0
10
19.92534375
20
1.8189125000000002
30
0
0
VERTEX
8
0
10
19.92280625
20
1.8153687500000002
30
0
0
VERTEX
8
0
10
19.919721875
20
1.812275
30
0
42
0.12473301239534859
0
VERTEX
8
0
10
19.899753125
20
1.766528125
30
0
0
VERTEX
8
0
10
19.898421875
20
1.75025
30
0
0
VERTEX
8
0
10
19.898400000000002
20
1.7500875
30
0
0
VERTEX
8
0
10
19.898403125
20
1.750053125
30
0
0
VERTEX
8
0
10
19.898400000000002
20
1.75
30
0
0
VERTEX
8
0
10
19.898400000000002
20
1.04208125
30
0
0
VERTEX
8
0
10
19.45791875
20
0.6016
30
0
0
VERTEX
8
0
10
8.84208125
20
0.6016
30
0
0
VERTEX
8
0
10
7.491840625
20
1.951840625
30
0
0
VERTEX
8
0
10
7.47199375
20
1.9672875
30
0
42
0.8128176307274321
0
VERTEX
8
0
10
7.337428125000001
20
1.8208000000000002
30
0
0
VERTEX
8
0
10
7.348159375000001
20
1.808159375
30
0
0
VERTEX
8
0
10
8.728159375
20
0.428159375
30
0
0
VERTEX
8
0
10
8.7331875
20
0.424246875
30
0
42
0.14075965647395222
0
VERTEX
8
0
10
8.783471875
20
0.39975312500000004
30
0
0
VERTEX
8
0
10
8.792834375
20
0.3989875
30
0
0
VERTEX
8
0
10
8.79585
20
0.398484375
30
0
0
VERTEX
8
0
10
8.797393750000001
20
0.39861250000000004
30
0
0
VERTEX
8
0
10
8.8
20
0.39840000000000003
30
0
0
VERTEX
8
0
10
19.5
20
0.39840000000000003
30
0
0
VERTEX
8
0
10
19.5063375
20
0.399190625
30
0
42
0.1407252340376049
0
VERTEX
8
0
10
19.5592
20
0.41742812500000004
30
0
0
VERTEX
8
0
10
19.566365625
20
0.4235125
30
0
0
VERTEX
8
0
10
19.568846875000002
20
0.42528437500000005
30
0
0
VERTEX
8
0
10
19.569850000000002
20
0.42646875
30
0
0
VERTEX
8
0
10
19.571840625
20
0.428159375
30
0
0
VERTEX
8
0
10
20.071840625
20
0.928159375
30
0
0
VERTEX
8
0
10
20.075753125000002
20
0.9331875000000001
30
0
42
0.14075965647395222
0
VERTEX
8
0
10
20.100246875
20
0.983471875
30
0
0
VERTEX
8
0
10
20.1010125
20
0.992834375
30
0
0
VERTEX
8
0
10
20.101515625
20
0.99585
30
0
0
VERTEX
8
0
10
20.1013875
20
0.9973937500000001
30
0
0
VERTEX
8
0
10
20.1016
20
1
30
0
0
VERTEX
8
0
10
20.1016
20
1.710278125
30
0
0
VERTEX
8
0
10
20.164484375
20
1.7784
30
0
0
VERTEX
8
0
10
21.4033875
20
1.7784
30
0
0
VERTEX
8
0
10
22.232428125000002
20
0.949359375
30
0
0
VERTEX
8
0
10
22.23745625
20
0.945446875
30
0
42
0.14075965647395222
0
VERTEX
8
0
10
22.287740625
20
0.920953125
30
0
0
VERTEX
8
0
10
22.297103125
20
0.9201875
30
0
0
VERTEX
8
0
10
22.30011875
20
0.919684375
30
0
0
VERTEX
8
0
10
22.301662500000003
20
0.9198125
30
0
0
VERTEX
8
0
10
22.304268750000002
20
0.9196000000000001
30
0
0
VERTEX
8
0
10
31.0212
20
0.9196000000000001
30
0
0
VERTEX
8
0
10
31.0275375
20
0.920390625
30
0
42
0.1407252340376049
0
VERTEX
8
0
10
31.0804
20
0.938628125
30
0
0
VERTEX
8
0
10
31.087565625
20
0.9447125000000001
30
0
0
VERTEX
8
0
10
31.090046875000002
20
0.946484375
30
0
0
VERTEX
8
0
10
31.091050000000003
20
0.9476687500000001
30
0
0
VERTEX
8
0
10
31.093040625
20
0.949359375
30
0
0
VERTEX
8
0
10
31.94208125
20
1.7984
30
0
0
VERTEX
8
0
10
32.359953125000004
20
1.7984
30
0
0
VERTEX
8
0
10
32.363096875000004
20
1.796534375
30
0
42
0.09313533105760095
0
VERTEX
8
0
10
32.403471875
20
1.779753125
30
0
0
VERTEX
8
0
10
32.412834375
20
1.7789875000000002
30
0
0
VERTEX
8
0
10
32.41585
20
1.7784843750000001
30
0
0
VERTEX
8
0
10
32.41739375
20
1.7786125000000002
30
0
0
VERTEX
8
0
10
32.42
20
1.7784
30
0
0
VERTEX
8
0
10
33.07791875
20
1.7784
30
0
0
VERTEX
8
0
10
33.928159375
20
0.928159375
30
0
0
VERTEX
8
0
10
33.9331875
20
0.924246875
30
0
42
0.14075965647395222
0
VERTEX
8
0
10
33.983471875
20
0.899753125
30
0
0
VERTEX
8
0
10
33.992834375
20
0.8989875
30
0
0
VERTEX
8
0
10
33.995850000000004
20
0.898484375
30
0
0
VERTEX
8
0
10
33.99739375
20
0.8986125
30
0
0
VERTEX
8
0
10
34
20
0.8984000000000001
30
0
0
VERTEX
8
0
10
43
20
0.8984000000000001
30
0
0
VERTEX
8
0
10
43.0063375
20
0.899190625
30
0
42
0.1407252340376049
0
VERTEX
8
0
10
43.059200000000004
20
0.917428125
30
0
0
VERTEX
8
0
10
43.066365625
20
0.9235125000000001
30
0
0
VERTEX
8
0
10
43.068846875000006
20
0.925284375
30
0
0
VERTEX
8
0
10
43.06985
20
0.9264687500000001
30
0
0
VERTEX
8
0
10
43.071840625
20
0.928159375
30
0
0
VERTEX
8
0
10
43.922081250000005
20
1.7784
30
0
0
VERTEX
8
0
10
46.32791875
20
1.7784
30
0
0
SEQEND
0
POLYLINE
66
1
8
16_copper
10
0.0
20
0.0
30
0.0
70
1
0
VERTEX
8
0
10
82.178446875
20
1.9279343750000002
30
0
0
VERTEX
8
0
10
82.17868750000001
20
1.9276312500000001
30
0
0
VERTEX
8
0
10
82.191409375
20
1.9169968750000002
30
0
0
VERTEX
8
0
10
82.36140937500001
20
1.796996875
30
0
0
VERTEX
8
0
10
82.38359375
20
1.7851468750000001
30
0
42
0.8128145246225277
0
VERTEX
8
0
10
82.4913125
20
1.95236875
30
0
0
VERTEX
8
0
10
82.47859062500001
20
1.9630031250000002
30
0
0
VERTEX
8
0
10
82.31568750000001
20
2.07799375
30
0
0
VERTEX
8
0
10
81.74528125
20
2.6484
30
0
0
VERTEX
8
0
10
94.20791875
20
2.6484
30
0
0
VERTEX
8
0
10
95.04815937500001
20
1.808159375
30
0
0
VERTEX
8
0
10
95.06800625000001
20
1.7927125000000002
30
0
42
0.8128176307274321
0
VERTEX
8
0
10
95.202571875
20
1.9392
30
0
0
VERTEX
8
0
10
95.191840625
20
1.951840625
30
0
0
VERTEX
8
0
10
94.32184062500001
20
2.821840625
30
0
0
VERTEX
8
0
10
94.3168125
20
2.8257531250000003
30
0
42
0.14075965647395222
0
VERTEX
8
0
10
94.26652812500001
20
2.8502468750000003
30
0
0
VERTEX
8
0
10
94.257165625
20
2.8510125
30
0
0
VERTEX
8
0
10
94.25415000000001
20
2.851515625
30
0
0
VERTEX
8
0
10
94.25260625
20
2.8513875
30
0
0
VERTEX
8
0
10
94.25
20
2.8516000000000004
30
0
0
VERTEX
8
0
10
81.54208125000001
20
2.8516000000000004
30
0
0
VERTEX
8
0
10
81.07184062500001
20
3.321840625
30
0
0
VERTEX
8
0
10
81.0668125
20
3.3257531250000003
30
0
42
0.14075965647395222
0
VERTEX
8
0
10
81.01652812500001
20
3.3502468750000003
30
0
0
VERTEX
8
0
10
81.007165625
20
3.3510125
30
0
0
VERTEX
8
0
10
81.00415000000001
20
3.351515625
30
0
0
VERTEX
8
0
10
81.00260625
20
3.3513875
30
0
0
VERTEX
8
0
10
81
20
3.3516000000000004
30
0
0
VERTEX
8
0
10
64.04208125000001
20
3.3516000000000004
30
0
0
VERTEX
8
0
10
59.071840625
20
8.321840625
30
0
0
VERTEX
8
0
10
59.066812500000005
20
8.325753125
30
0
42
0.14075965647395222
0
VERTEX
8
0
10
59.016528125
20
8.350246875
30
0
0
VERTEX
8
0
10
59.007165625000006
20
8.351012500000001
30
0
0
VERTEX
8
0
10
59.00415
20
8.351515625000001
30
0
0
VERTEX
8
0
10
59.00260625
20
8.3513875
30
0
0
VERTEX
8
0
10
59
20
8.351600000000001
30
0
0
VERTEX
8
0
10
54.04208125
20
8.351600000000001
30
0
0
VERTEX
8
0
10
53.82868125
20
8.565000000000001
30
0
0
VERTEX
8
0
10
54.0942
20
8.565000000000001
30
0
0
VERTEX
8
0
10
54.0942
20
9.165000000000001
30
0
0
VERTEX
8
0
10
52.894200000000005
20
9.165000000000001
30
0
0
VERTEX
8
0
10
52.894200000000005
20
8.565000000000001
30
0
0
VERTEX
8
0
10
53.54131875
20
8.565000000000001
30
0
0
VERTEX
8
0
10
53.928159375
20
8.178159375
30
0
0
VERTEX
8
0
10
53.9331875
20
8.174246875
30
0
42
0.14075965647395222
0
VERTEX
8
0
10
53.983471875
20
8.149753125
30
0
0
VERTEX
8
0
10
53.992834375
20
8.1489875
30
0
0
VERTEX
8
0
10
53.995850000000004
20
8.148484375
30
0
0
VERTEX
8
0
10
53.99739375
20
8.1486125
30
0
0
VERTEX
8
0
10
54
20
8.1484
30
0
0
VERTEX
8
0
10
58.957918750000005
20
8.1484
30
0
0
VERTEX
8
0
10
63.928159375
20
3.1781593750000003
30
0
0
VERTEX
8
0
10
63.9331875
20
3.174246875
30
0
42
0.14075965647395222
0
VERTEX
8
0
10
63.983471875000006
20
3.149753125
30
0
0
VERTEX
8
0
10
63.992834375
20
3.1489875
30
0
0
VERTEX
8
0
10
63.995850000000004
20
3.1484843750000002
30
0
0
VERTEX
8
0
10
63.99739375
20
3.1486125
30
0
0
VERTEX
8
0
10
64
20
3.1484
30
0
0
VERTEX
8
0
10
79.75471875000001
20
3.1484
30
0
0
VERTEX
8
0
10
77.70791875
20
1.1016000000000001
30
0
0
VERTEX
8
0
10
71.04208125000001
20
1.1016000000000001
30
0
0
VERTEX
8
0
10
70.191840625
20
1.951840625
30
0
0
VERTEX
8
0
10
70.17199375
20
1.9672875
30
0
42
0.8128176307274321
0
VERTEX
8
0
10
70.037428125
20
1.8208000000000002
30
0
0
VERTEX
8
0
10
70.048159375
20
1.808159375
30
0
0
VERTEX
8
0
10
70.928159375
20
0.928159375
30
0
0
VERTEX
8
0
10
70.9331875
20
0.924246875
30
0
42
0.14075965647395222
0
VERTEX
8
0
10
70.983471875
20
0.899753125
30
0
0
VERTEX
8
0
10
70.992834375
20
0.8989875
30
0
0
VERTEX
8
0
10
70.99585
20
0.898484375
30
0
0
VERTEX
8
0
10
70.99739375
20
0.8986125
30
0
0
VERTEX
8
0
10
71
20
0.8984000000000001
30
0
0
VERTEX
8
0
10
77.75
20
0.8984000000000001
30
0
0
VERTEX
8
0
10
77.7563375
20
0.899190625
30
0
42
0.1407252340376049
0
VERTEX
8
0
10
77.8092
20
0.917428125
30
0
0
VERTEX
8
0
10
77.816365625
20
0.9235125000000001
30
0
0
VERTEX
8
0
10
77.818846875
20
0.925284375
30
0
0
VERTEX
8
0
10
77.81985
20
0.9264687500000001
30
0
0
VERTEX
8
0
10
77.82184062500001
20
0.928159375
30
0
0
VERTEX
8
0
10
80.04208125000001
20
3.1484
30
0
0
VERTEX
8
0
10
80.95791875
20
3.1484
30
0
0
VERTEX
8
0
10
82.178159375
20
1.9281593750000001
30
0
0
SEQEND
0
POLYLINE
66
1
8
1_copper
10
0.0
20
0.0
30
0.0
70
1
0
VERTEX
8
0
10
54.904871875000005
20
1.781490625
30
0
42
0.5415873802595239
0
VERTEX
8
0
10
54.960140625
20
1.94245
30
0
0
VERTEX
8
0
10
54.948912500000006
20
1.95465625
30
0
0
VERTEX
8
0
10
54.851600000000005
20
2.044484375
30
0
0
VERTEX
8
0
10
54.851600000000005
20
6.75
30
0
0
VERTEX
8
0
10
54.850809375000004
20
6.7563375
30
0
42
0.1407252340376049
0
VERTEX
8
0
10
54.832571875
20
6.809200000000001
30
0
0
VERTEX
8
0
10
54.826487500000006
20
6.816365625
30
0
0
VERTEX
8
0
10
54.824715625
20
6.818846875
30
0
0
VERTEX
8
0
10
54.82353125
20
6.819850000000001
30
0
0
VERTEX
8
0
10
54.821840625
20
6.821840625
30
0
0
VERTEX
8
0
10
54.717765625000006
20
6.925915625
30
0
0
VERTEX
8
0
10
54.724337500000004
20
6.946140625
30
0
42
0.9999999999999999
0
VERTEX
8
0
10
54.2756625
20
7.053859375
30
0
0
VERTEX
8
0
10
54.27
20
7.0181000000000004
30
0
42
0.5095244921166611
0
VERTEX
8
0
10
54.553859375
20
6.7756625
30
0
0
VERTEX
8
0
10
54.574084375000005
20
6.782234375000001
30
0
0
VERTEX
8
0
10
54.6484
20
6.70791875
30
0
0
VERTEX
8
0
10
54.6484
20
2
30
0
0
VERTEX
8
0
10
54.649440625000004
20
1.991646875
30
0
0
VERTEX
8
0
10
54.649790625
20
1.9832500000000002
30
0
42
0.12472684400237541
0
VERTEX
8
0
10
54.669859375
20
1.93755
30
0
0
VERTEX
8
0
10
54.673684375
20
1.9333906250000001
30
0
42
0.013385976399399266
0
VERTEX
8
0
10
54.67735625
20
1.9294
30
0
0
VERTEX
8
0
10
54.681087500000004
20
1.9253437500000001
30
0
0
VERTEX
8
0
10
54.8110875
20
1.80534375
30
0
0
VERTEX
8
0
10
54.8315375
20
1.790703125
30
0
42
0.12473328772497974
0
VERTEX
8
0
10
54.8799125
20
1.7784
30
0
0
SEQEND
0
POLYLINE
66
1
8
1_copper
10
0.0
20
0.0
30
0.0
70
1
0
VERTEX
8
0
10
40.060915625
20
1.780575
30
0
42
0.5415938989604304
0
VERTEX
8
0
10
40.122571875
20
1.9392
30
0
0
VERTEX
8
0
10
40.111840625
20
1.951840625
30
0
0
VERTEX
8
0
10
39.241840625
20
2.821840625
30
0
0
VERTEX
8
0
10
39.2368125
20
2.8257531250000003
30
0
42
0.14075965647395222
0
VERTEX
8
0
10
39.186528125
20
2.8502468750000003
30
0
0
VERTEX
8
0
10
39.177165625
20
2.8510125
30
0
0
VERTEX
8
0
10
39.174150000000004
20
2.851515625
30
0
0
VERTEX
8
0
10
39.17260625
20
2.8513875
30
0
0
VERTEX
8
0
10
39.17
20
2.8516000000000004
30
0
0
VERTEX
8
0
10
31.75
20
2.8516000000000004
30
0
0
VERTEX
8
0
10
31.743662500000003
20
2.8508093750000003
30
0
42
0.1407252340376049
0
VERTEX
8
0
10
31.690800000000003
20
2.832571875
30
0
0
VERTEX
8
0
10
31.683634375
20
2.8264875000000003
30
0
0
VERTEX
8
0
10
31.681153125
20
2.824715625
30
0
0
VERTEX
8
0
10
31.68015
20
2.8235312500000003
30
0
0
VERTEX
8
0
10
31.678159375
20
2.821840625
30
0
0
VERTEX
8
0
10
30.95791875
20
2.1016
30
0
0
VERTEX
8
0
10
30
20
2.1016
30
0
0
VERTEX
8
0
10
29.993662500000003
20
2.1008093750000003
30
0
42
0.1407252340376049
0
VERTEX
8
0
10
29.940800000000003
20
2.082571875
30
0
0
VERTEX
8
0
10
29.933634375
20
2.0764875000000003
30
0
0
VERTEX
8
0
10
29.931153125
20
2.074715625
30
0
0
VERTEX
8
0
10
29.93015
20
2.0735312500000003
30
0
0
VERTEX
8
0
10
29.928159375
20
2.071840625
30
0
0
VERTEX
8
0
10
29.808159375000002
20
1.951840625
30
0
0
VERTEX
8
0
10
29.7927125
20
1.9319937500000002
30
0
42
0.8128176307274321
0
VERTEX
8
0
10
29.939200000000003
20
1.7974281250000002
30
0
0
VERTEX
8
0
10
29.951840625000003
20
1.808159375
30
0
0
VERTEX
8
0
10
30.042081250000003
20
1.8984
30
0
0
VERTEX
8
0
10
31
20
1.8984
30
0
0
VERTEX
8
0
10
31.0063375
20
1.8991906250000001
30
0
42
0.1407252340376049
0
VERTEX
8
0
10
31.0592
20
1.917428125
30
0
0
VERTEX
8
0
10
31.066365625000003
20
1.9235125000000002
30
0
0
VERTEX
8
0
10
31.068846875000002
20
1.9252843750000002
30
0
0
VERTEX
8
0
10
31.069850000000002
20
1.9264687500000002
30
0
0
VERTEX
8
0
10
31.071840625
20
1.9281593750000001
30
0
0
VERTEX
8
0
10
31.792081250000003
20
2.6484
30
0
0
VERTEX
8
0
10
39.12791875
20
2.6484
30
0
0
VERTEX
8
0
10
39.968159375
20
1.808159375
30
0
0
VERTEX
8
0
10
39.988006250000005
20
1.7927125000000002
30
0
42
0.12473219768671386
0
VERTEX
8
0
10
40.03585
20
1.7784843750000001
30
0
0
SEQEND
0
POLYLINE
66
1
8
16_copper
10
0.0
20
0.0
30
0.0
70
1
0
VERTEX
8
0
10
54.553859375
20
6.7756625
30
0
42
0.9999999999999999
0
VERTEX
8
0
10
54.446140625000005
20
7.224337500000001
30
0
0
VERTEX
8
0
10
54.411709375
20
7.213150000000001
30
0
42
0.15838217860281115
0
VERTEX
8
0
10
54.3032875
20
7.1205468750000005
30
0
0
VERTEX
8
0
10
54.293631250000004
20
7.1016
30
0
0
VERTEX
8
0
10
54.04208125
20
7.1016
30
0
0
VERTEX
8
0
10
53.848681250000006
20
7.295
30
0
0
VERTEX
8
0
10
54.0942
20
7.295
30
0
0
VERTEX
8
0
10
54.0942
20
7.8950000000000005
30
0
0
VERTEX
8
0
10
52.894200000000005
20
7.8950000000000005
30
0
0
VERTEX
8
0
10
52.894200000000005
20
7.295
30
0
0
VERTEX
8
0
10
53.561318750000005
20
7.295
30
0
0
VERTEX
8
0
10
53.928159375
20
6.928159375
30
0
0
VERTEX
8
0
10
53.9331875
20
6.924246875000001
30
0
42
0.14075965647395222
0
VERTEX
8
0
10
53.983471875
20
6.899753125
30
0
0
VERTEX
8
0
10
53.992834375
20
6.8989875000000005
30
0
0
VERTEX
8
0
10
53.995850000000004
20
6.898484375000001
30
0
0
VERTEX
8
0
10
53.99739375
20
6.8986125000000005
30
0
0
VERTEX
8
0
10
54
20
6.8984000000000005
30
0
0
VERTEX
8
0
10
54.293631250000004
20
6.8984000000000005
30
0
0
VERTEX
8
0
10
54.3032875
20
6.879453125
30
0
42
0.28202624769580686
0
VERTEX
8
0
10
54.518100000000004
20
6.7700000000000005
30
0
0
SEQEND
0
POLYLINE
66
1
8
16_copper
10
0.0
20
0.0
30
0.0
70
1
0
VERTEX
8
0
10
88.7063375
20
0.34919062500000003
30
0
42
0.1407252340376049
0
VERTEX
8
0
10
88.7592
20
0.367428125
30
0
0
VERTEX
8
0
10
88.766365625
20
0.3735125
30
0
0
VERTEX
8
0
10
88.76884687500001
20
0.375284375
30
0
0
VERTEX
8
0
10
88.76985
20
0.37646875
30
0
0
VERTEX
8
0
10
88.77184062500001
20
0.378159375
30
0
0
VERTEX
8
0
10
90.07184062500001
20
1.6781593750000001
30
0
0
VERTEX
8
0
10
90.074196875
20
1.6811843750000002
30
0
0
VERTEX
8
0
10
90.07704375
20
1.68376875
30
0
42
0.06212310762021846
0
VERTEX
8
0
10
90.090953125
20
1.7047218750000002
30
0
0
VERTEX
8
0
10
90.09710625000001
20
1.720121875
30
0
0
VERTEX
8
0
10
90.13710625
20
1.8501218750000001
30
0
0
VERTEX
8
0
10
90.14147187500001
20
1.8748906250000001
30
0
42
0.8128054666573057
0
VERTEX
8
0
10
89.94904687500001
20
1.9252781250000002
30
0
0
VERTEX
8
0
10
89.94289375000001
20
1.909878125
30
0
0
VERTEX
8
0
10
89.91031562500001
20
1.8039968750000002
30
0
0
VERTEX
8
0
10
88.65791875000001
20
0.5516
30
0
0
VERTEX
8
0
10
78.69528125000001
20
0.5516
30
0
0
VERTEX
8
0
10
79.951840625
20
1.808159375
30
0
0
VERTEX
8
0
10
79.9672875
20
1.82800625
30
0
42
0.8128176307274321
0
VERTEX
8
0
10
79.8208
20
1.962571875
30
0
0
VERTEX
8
0
10
79.808159375
20
1.951840625
30
0
0
VERTEX
8
0
10
78.40791875000001
20
0.5516
30
0
0
VERTEX
8
0
10
63.94528125
20
0.5516
30
0
0
VERTEX
8
0
10
65.07184062500001
20
1.6781593750000001
30
0
0
VERTEX
8
0
10
65.074196875
20
1.6811843750000002
30
0
0
VERTEX
8
0
10
65.07704375
20
1.68376875
30
0
42
0.06212310762021846
0
VERTEX
8
0
10
65.090953125
20
1.7047218750000002
30
0
0
VERTEX
8
0
10
65.09710625000001
20
1.720121875
30
0
0
VERTEX
8
0
10
65.13710625
20
1.8501218750000001
30
0
0
VERTEX
8
0
10
65.14147187500001
20
1.8748906250000001
30
0
42
0.8128054666573057
0
VERTEX
8
0
10
64.94904687500001
20
1.9252781250000002
30
0
0
VERTEX
8
0
10
64.94289375
20
1.909878125
30
0
0
VERTEX
8
0
10
64.91031562500001
20
1.8039968750000002
30
0
0
VERTEX
8
0
10
63.65791875
20
0.5516
30
0
0
VERTEX
8
0
10
56.34208125
20
0.5516
30
0
0
VERTEX
8
0
10
55.07330625
20
1.820375
30
0
0
VERTEX
8
0
10
54.95465625
20
1.9489125
30
0
0
VERTEX
8
0
10
54.935440625000005
20
1.965140625
30
0
42
0.8128063889824926
0
VERTEX
8
0
10
54.795128125000005
20
1.8241500000000002
30
0
0
VERTEX
8
0
10
54.805343750000006
20
1.8110875000000002
30
0
0
VERTEX
8
0
10
54.92534375
20
1.6810875
30
0
0
VERTEX
8
0
10
54.926509375
20
1.680103125
30
0
0
VERTEX
8
0
10
54.928159375
20
1.6781593750000001
30
0
0
VERTEX
8
0
10
56.05471875
20
0.5516
30
0
0
VERTEX
8
0
10
41.59208125
20
0.5516
30
0
0
VERTEX
8
0
10
40.321840625
20
1.821840625
30
0
0
VERTEX
8
0
10
40.319128125
20
1.823953125
30
0
0
VERTEX
8
0
10
40.31681875
20
1.8265375000000001
30
0
0
VERTEX
8
0
10
40.303478125000005
20
1.8363875
30
0
0
VERTEX
8
0
10
40.093478125000004
20
1.9663875000000002
30
0
0
VERTEX
8
0
10
40.07061875
20
1.9768750000000002
30
0
42
0.8128105129697704
0
VERTEX
8
0
10
39.97318125
20
1.8034625000000002
30
0
0
VERTEX
8
0
10
39.986521875
20
1.7936125
30
0
0
VERTEX
8
0
10
40.18650625
20
1.6698125000000001
30
0
0
VERTEX
8
0
10
41.30471875
20
0.5516
30
0
0
VERTEX
8
0
10
16.59208125
20
0.5516
30
0
0
VERTEX
8
0
10
15.321840625
20
1.821840625
30
0
0
VERTEX
8
0
10
15.319128125
20
1.823953125
30
0
0
VERTEX
8
0
10
15.316818750000001
20
1.8265375000000001
30
0
0
VERTEX
8
0
10
15.303478125000002
20
1.8363875
30
0
0
VERTEX
8
0
10
15.093478125
20
1.9663875000000002
30
0
0
VERTEX
8
0
10
15.070618750000001
20
1.9768750000000002
30
0
42
0.8128105129697704
0
VERTEX
8
0
10
14.973181250000001
20
1.8034625000000002
30
0
0
VERTEX
8
0
10
14.986521875000001
20
1.7936125
30
0
0
VERTEX
8
0
10
15.18650625
20
1.6698125000000001
30
0
0
VERTEX
8
0
10
16.30471875
20
0.5516
30
0
0
VERTEX
8
0
10
6.342081250000001
20
0.5516
30
0
0
VERTEX
8
0
10
5.07330625
20
1.820375
30
0
0
VERTEX
8
0
10
4.95465625
20
1.9489125
30
0
0
VERTEX
8
0
10
4.935440625
20
1.965140625
30
0
42
0.8128063889824926
0
VERTEX
8
0
10
4.795128125000001
20
1.8241500000000002
30
0
0
VERTEX
8
0
10
4.8053437500000005
20
1.8110875000000002
30
0
0
VERTEX
8
0
10
4.925343750000001
20
1.6810875
30
0
0
VERTEX
8
0
10
4.926509375
20
1.680103125
30
0
0
VERTEX
8
0
10
4.928159375
20
1.6781593750000001
30
0
0
VERTEX
8
0
10
6.228159375000001
20
0.378159375
30
0
0
VERTEX
8
0
10
6.2331875000000005
20
0.37424687500000003
30
0
42
0.14075965647395222
0
VERTEX
8
0
10
6.283471875
20
0.349753125
30
0
0
VERTEX
8
0
10
6.292834375
20
0.3489875
30
0
0
VERTEX
8
0
10
6.295850000000001
20
0.348484375
30
0
0
VERTEX
8
0
10
6.29739375
20
0.3486125
30
0
0
VERTEX
8
0
10
6.300000000000001
20
0.34840000000000004
30
0
0
VERTEX
8
0
10
16.45
20
0.34840000000000004
30
0
0
VERTEX
8
0
10
16.4563375
20
0.34919062500000003
30
0
42
0.031049659548048978
0
VERTEX
8
0
10
16.468775
20
0.35074062500000003
30
0
0
VERTEX
8
0
10
16.47495625
20
0.3515125
30
0
42
0.03181250142312219
0
VERTEX
8
0
10
16.498384375
20
0.3606625
30
0
0
VERTEX
8
0
10
16.500018750000002
20
0.36183125
30
0
0
VERTEX
8
0
10
16.50385
20
0.36015
30
0
42
0.07792991678423435
0
VERTEX
8
0
10
16.533471875
20
0.349753125
30
0
0
VERTEX
8
0
10
16.542834375
20
0.3489875
30
0
0
VERTEX
8
0
10
16.54585
20
0.348484375
30
0
0
VERTEX
8
0
10
16.54739375
20
0.3486125
30
0
0
VERTEX
8
0
10
16.55
20
0.34840000000000004
30
0
0
VERTEX
8
0
10
88.7
20
0.34840000000000004
30
0
0
SEQEND
0
POLYLINE
66
1
8
1_copper
10
0.0
20
0.0
30
0.0
70
1
0
VERTEX
8
0
10
52.37134375
20
1.78335625
30
0
42
0.4638592448229313
0
VERTEX
8
0
10
52.4301125
20
1.926925
30
0
0
VERTEX
8
0
10
52.42128125
20
1.940959375
30
0
0
VERTEX
8
0
10
52.33128125
20
2.060959375
30
0
0
VERTEX
8
0
10
52.32959375
20
2.0627093750000003
30
0
0
VERTEX
8
0
10
52.321840625
20
2.071840625
30
0
0
VERTEX
8
0
10
51.851600000000005
20
2.5420812500000003
30
0
0
VERTEX
8
0
10
51.851600000000005
20
5.45791875
30
0
0
VERTEX
8
0
10
52.175915625
20
5.782234375000001
30
0
0
VERTEX
8
0
10
52.196140625000005
20
5.7756625
30
0
42
0.9999999999999999
0
VERTEX
8
0
10
52.303859375
20
6.2243375
30
0
0
VERTEX
8
0
10
52.268100000000004
20
6.23
30
0
42
0.5095244921166611
0
VERTEX
8
0
10
52.0256625
20
5.946140625
30
0
0
VERTEX
8
0
10
52.032234375
20
5.925915625
30
0
0
VERTEX
8
0
10
51.678159375
20
5.571840625
30
0
0
VERTEX
8
0
10
51.674246875
20
5.5668125
30
0
42
0.14075965647395222
0
VERTEX
8
0
10
51.649753125000004
20
5.516528125000001
30
0
0
VERTEX
8
0
10
51.648987500000004
20
5.507165625
30
0
0
VERTEX
8
0
10
51.648484375
20
5.50415
30
0
0
VERTEX
8
0
10
51.648612500000006
20
5.50260625
30
0
0
VERTEX
8
0
10
51.6484
20
5.5
30
0
0
VERTEX
8
0
10
51.6484
20
2.5
30
0
0
VERTEX
8
0
10
51.649190625
20
2.4936625
30
0
42
0.1407252340376049
0
VERTEX
8
0
10
51.667428125
20
2.4408000000000003
30
0
0
VERTEX
8
0
10
51.6735125
20
2.433634375
30
0
0
VERTEX
8
0
10
51.675284375000004
20
2.4311531250000002
30
0
0
VERTEX
8
0
10
51.676468750000005
20
2.4301500000000003
30
0
0
VERTEX
8
0
10
51.678159375
20
2.428159375
30
0
0
VERTEX
8
0
10
52.173040625000006
20
1.9332781250000002
30
0
0
VERTEX
8
0
10
52.25871875
20
1.8190406250000002
30
0
0
VERTEX
8
0
10
52.276184375
20
1.8009406250000002
30
0
42
0.1883164232360086
0
VERTEX
8
0
10
52.346643750000005
20
1.7786187500000001
30
0
0
SEQEND
0
POLYLINE
66
1
8
1_copper
10
0.0
20
0.0
30
0.0
70
1
0
VERTEX
8
0
10
77.363353125
20
1.78111875
30
0
0
VERTEX
8
0
10
77.386925
20
1.7898875
30
0
0
VERTEX
8
0
10
77.400959375
20
1.7987187500000001
30
0
0
VERTEX
8
0
10
77.56095937500001
20
1.91871875
30
0
0
VERTEX
8
0
10
77.562709375
20
1.92040625
30
0
0
VERTEX
8
0
10
77.57184062500001
20
1.9281593750000001
30
0
0
VERTEX
8
0
10
79.04208125000001
20
3.3984
30
0
0
VERTEX
8
0
10
86.95791875
20
3.3984
30
0
0
VERTEX
8
0
10
87.39840000000001
20
2.95791875
30
0
0
VERTEX
8
0
10
87.39840000000001
20
1.8800000000000001
30
0
0
VERTEX
8
0
10
87.40151250000001
20
1.85504375
30
0
42
0.8128116491081416
0
VERTEX
8
0
10
87.60024687500001
20
1.863471875
30
0
0
VERTEX
8
0
10
87.6016
20
1.8800000000000001
30
0
0
VERTEX
8
0
10
87.6016
20
3
30
0
0
VERTEX
8
0
10
87.600809375
20
3.0063375000000003
30
0
42
0.1407252340376049
0
VERTEX
8
0
10
87.582571875
20
3.0592
30
0
0
VERTEX
8
0
10
87.5764875
20
3.066365625
30
0
0
VERTEX
8
0
10
87.57471562500001
20
3.068846875
30
0
0
VERTEX
8
0
10
87.57353125
20
3.06985
30
0
0
VERTEX
8
0
10
87.57184062500001
20
3.071840625
30
0
0
VERTEX
8
0
10
87.07184062500001
20
3.571840625
30
0
0
VERTEX
8
0
10
87.0668125
20
3.5757531250000003
30
0
42
0.14075965647395222
0
VERTEX
8
0
10
87.01652812500001
20
3.6002468750000003
30
0
0
VERTEX
8
0
10
87.007165625
20
3.6010125000000004
30
0
0
VERTEX
8
0
10
87.00415000000001
20
3.601515625
30
0
0
VERTEX
8
0
10
87.00260625
20
3.6013875
30
0
0
VERTEX
8
0
10
87
20
3.6016000000000004
30
0
0
VERTEX
8
0
10
79
20
3.6016000000000004
30
0
0
VERTEX
8
0
10
78.9936625
20
3.6008093750000003
30
0
42
0.1407252340376049
0
VERTEX
8
0
10
78.94080000000001
20
3.582571875
30
0
0
VERTEX
8
0
10
78.933634375
20
3.5764875000000003
30
0
0
VERTEX
8
0
10
78.93115312500001
20
3.574715625
30
0
0
VERTEX
8
0
10
78.93015
20
3.5735312500000003
30
0
0
VERTEX
8
0
10
78.928159375
20
3.571840625
30
0
0
VERTEX
8
0
10
77.433278125
20
2.076959375
30
0
0
VERTEX
8
0
10
77.27904062500001
20
1.96128125
30
0
0
VERTEX
8
0
10
77.260940625
20
1.943815625
30
0
42
0.6247340515633164
0
VERTEX
8
0
10
77.338346875
20
1.7784125000000002
30
0
0
SEQEND
0
POLYLINE
66
1
8
16_copper
10
0.0
20
0.0
30
0.0
70
1
0
VERTEX
8
0
10
52.303859375
20
5.7756625
30
0
42
0.19891034504702793
0
VERTEX
8
0
10
52.446712500000004
20
5.879453125
30
0
0
VERTEX
8
0
10
52.45636875
20
5.8984000000000005
30
0
0
VERTEX
8
0
10
53
20
5.8984000000000005
30
0
0
VERTEX
8
0
10
53.0063375
20
5.899190625
30
0
42
0.1407252340376049
0
VERTEX
8
0
10
53.059200000000004
20
5.917428125000001
30
0
0
VERTEX
8
0
10
53.066365625
20
5.9235125
30
0
0
VERTEX
8
0
10
53.068846875000006
20
5.925284375
30
0
0
VERTEX
8
0
10
53.06985
20
5.926468750000001
30
0
0
VERTEX
8
0
10
53.071840625
20
5.928159375
30
0
0
VERTEX
8
0
10
53.168681250000006
20
6.025
30
0
0
VERTEX
8
0
10
54.0942
20
6.025
30
0
0
VERTEX
8
0
10
54.0942
20
6.625
30
0
0
VERTEX
8
0
10
52.894200000000005
20
6.625
30
0
0
VERTEX
8
0
10
52.894200000000005
20
6.1016
30
0
0
VERTEX
8
0
10
52.45636875
20
6.1016
30
0
0
VERTEX
8
0
10
52.446712500000004
20
6.1205468750000005
30
0
42
0.9999999999999999
0
VERTEX
8
0
10
52.0532875
20
5.879453125
30
0
0
VERTEX
8
0
10
52.074565625000005
20
5.850165625000001
30
0
42
0.2400778096533642
0
VERTEX
8
0
10
52.268100000000004
20
5.7700000000000005
30
0
0
SEQEND
0
POLYLINE
66
1
8
16_copper
10
0.0
20
0.0
30
0.0
70
1
0
VERTEX
8
0
10
38.29208125
20
2.6484
30
0
0
VERTEX
8
0
10
53.00471875
20
2.6484
30
0
0
VERTEX
8
0
10
52.433278125
20
2.076959375
30
0
0
VERTEX
8
0
10
52.279040625
20
1.96128125
30
0
0
VERTEX
8
0
10
52.260940625
20
1.943815625
30
0
42
0.8128061230196819
0
VERTEX
8
0
10
52.386925000000005
20
1.7898875
30
0
0
VERTEX
8
0
10
52.400959375
20
1.7987187500000001
30
0
0
VERTEX
8
0
10
52.560959375
20
1.91871875
30
0
0
VERTEX
8
0
10
52.562709375000004
20
1.92040625
30
0
0
VERTEX
8
0
10
52.571840625
20
1.9281593750000001
30
0
0
VERTEX
8
0
10
53.29208125
20
2.6484
30
0
0
VERTEX
8
0
10
61.707918750000005
20
2.6484
30
0
0
VERTEX
8
0
10
62.3984
20
1.9579187500000002
30
0
0
VERTEX
8
0
10
62.3984
20
1.8800000000000001
30
0
0
VERTEX
8
0
10
62.4015125
20
1.85504375
30
0
42
0.8128116491081416
0
VERTEX
8
0
10
62.600246875
20
1.863471875
30
0
0
VERTEX
8
0
10
62.601600000000005
20
1.8800000000000001
30
0
0
VERTEX
8
0
10
62.601600000000005
20
2
30
0
0
VERTEX
8
0
10
62.600809375000004
20
2.0063375
30
0
42
0.1407252340376049
0
VERTEX
8
0
10
62.582571875000006
20
2.0592
30
0
0
VERTEX
8
0
10
62.576487500000006
20
2.066365625
30
0
0
VERTEX
8
0
10
62.574715625
20
2.068846875
30
0
0
VERTEX
8
0
10
62.57353125
20
2.06985
30
0
0
VERTEX
8
0
10
62.571840625
20
2.071840625
30
0
0
VERTEX
8
0
10
61.995281250000005
20
2.6484
30
0
0
VERTEX
8
0
10
76.45791875
20
2.6484
30
0
0
VERTEX
8
0
10
77.173040625
20
1.9332781250000002
30
0
0
VERTEX
8
0
10
77.25871875
20
1.8190406250000002
30
0
0
VERTEX
8
0
10
77.276184375
20
1.8009406250000002
30
0
42
0.8128061230196819
0
VERTEX
8
0
10
77.4301125
20
1.926925
30
0
0
VERTEX
8
0
10
77.42128125
20
1.940959375
30
0
0
VERTEX
8
0
10
77.33128125
20
2.060959375
30
0
0
VERTEX
8
0
10
77.32959375
20
2.0627093750000003
30
0
0
VERTEX
8
0
10
77.32184062500001
20
2.071840625
30
0
0
VERTEX
8
0
10
76.57184062500001
20
2.821840625
30
0
0
VERTEX
8
0
10
76.5668125
20
2.8257531250000003
30
0
42
0.14075965647395222
0
VERTEX
8
0
10
76.51652812500001
20
2.8502468750000003
30
0
0
VERTEX
8
0
10
76.507165625
20
2.8510125
30
0
0
VERTEX
8
0
10
76.50415000000001
20
2.851515625
30
0
0
VERTEX
8
0
10
76.50260625
20
2.8513875
30
0
0
VERTEX
8
0
10
76.5
20
2.8516000000000004
30
0
0
VERTEX
8
0
10
38.25
20
2.8516000000000004
30
0
0
VERTEX
8
0
10
38.2436625
20
2.8508093750000003
30
0
42
0.1407252340376049
0
VERTEX
8
0
10
38.1908
20
2.832571875
30
0
0
VERTEX
8
0
10
38.183634375000004
20
2.8264875000000003
30
0
0
VERTEX
8
0
10
38.181153125
20
2.824715625
30
0
0
VERTEX
8
0
10
38.180150000000005
20
2.8235312500000003
30
0
0
VERTEX
8
0
10
38.178159375
20
2.821840625
30
0
0
VERTEX
8
0
10
37.428159375
20
2.071840625
30
0
0
VERTEX
8
0
10
37.424246875
20
2.0668125
30
0
42
0.14075965647395222
0
VERTEX
8
0
10
37.399753125000004
20
2.0165281250000002
30
0
0
VERTEX
8
0
10
37.398987500000004
20
2.0071656250000003
30
0
0
VERTEX
8
0
10
37.398484375
20
2.00415
30
0
0
VERTEX
8
0
10
37.3986125
20
2.00260625
30
0
0
VERTEX
8
0
10
37.3984
20
2
30
0
0
VERTEX
8
0
10
37.3984
20
1.79208125
30
0
0
VERTEX
8
0
10
36.707918750000005
20
1.1016000000000001
30
0
0
VERTEX
8
0
10
29.542081250000003
20
1.1016000000000001
30
0
0
VERTEX
8
0
10
28.571840625
20
2.071840625
30
0
0
VERTEX
8
0
10
28.5668125
20
2.0757531250000003
30
0
42
0.14075965647395222
0
VERTEX
8
0
10
28.516528125
20
2.1002468750000003
30
0
0
VERTEX
8
0
10
28.507165625000003
20
2.1010125
30
0
0
VERTEX
8
0
10
28.504150000000003
20
2.101515625
30
0
0
VERTEX
8
0
10
28.502606250000003
20
2.1013875
30
0
0
VERTEX
8
0
10
28.5
20
2.1016
30
0
0
VERTEX
8
0
10
27.5
20
2.1016
30
0
0
VERTEX
8
0
10
27.488396875000003
20
2.1001531250000003
30
0
0
VERTEX
8
0
10
27.476646875
20
2.0988812500000003
30
0
42
0.06212381287000741
0
VERTEX
8
0
10
27.453075000000002
20
2.0901125
30
0
0
VERTEX
8
0
10
27.452215625
20
2.0895718750000003
30
0
0
VERTEX
8
0
10
27.451615625000002
20
2.0893375
30
0
0
VERTEX
8
0
10
27.449934375
20
2.0881375
30
0
0
VERTEX
8
0
10
27.439040625
20
2.08128125
30
0
0
VERTEX
8
0
10
27.36031875
20
2.0222406250000002
30
0
0
VERTEX
8
0
10
27.33128125
20
2.060959375
30
0
0
VERTEX
8
0
10
27.32959375
20
2.0627093750000003
30
0
0
VERTEX
8
0
10
27.321840625
20
2.071840625
30
0
0
VERTEX
8
0
10
26.571840625
20
2.821840625
30
0
0
VERTEX
8
0
10
26.5668125
20
2.8257531250000003
30
0
42
0.14075965647395222
0
VERTEX
8
0
10
26.516528125
20
2.8502468750000003
30
0
0
VERTEX
8
0
10
26.507165625000003
20
2.8510125
30
0
0
VERTEX
8
0
10
26.504150000000003
20
2.851515625
30
0
0
VERTEX
8
0
10
26.502606250000003
20
2.8513875
30
0
0
VERTEX
8
0
10
26.5
20
2.8516000000000004
30
0
0
VERTEX
8
0
10
3.25
20
2.8516000000000004
30
0
0
VERTEX
8
0
10
3.2436625
20
2.8508093750000003
30
0
42
0.1407252340376049
0
VERTEX
8
0
10
3.1908000000000003
20
2.832571875
30
0
0
VERTEX
8
0
10
3.183634375
20
2.8264875000000003
30
0
0
VERTEX
8
0
10
3.1811531250000002
20
2.824715625
30
0
0
VERTEX
8
0
10
3.1801500000000003
20
2.8235312500000003
30
0
0
VERTEX
8
0
10
3.1781593750000003
20
2.821840625
30
0
0
VERTEX
8
0
10
2.433278125
20
2.076959375
30
0
0
VERTEX
8
0
10
2.279040625
20
1.96128125
30
0
0
VERTEX
8
0
10
2.260940625
20
1.943815625
30
0
42
0.8128061230196819
0
VERTEX
8
0
10
2.386925
20
1.7898875
30
0
0
VERTEX
8
0
10
2.4009593750000002
20
1.7987187500000001
30
0
0
VERTEX
8
0
10
2.560959375
20
1.91871875
30
0
0
VERTEX
8
0
10
2.5627093750000003
20
1.92040625
30
0
0
VERTEX
8
0
10
2.571840625
20
1.9281593750000001
30
0
0
VERTEX
8
0
10
3.2920812500000003
20
2.6484
30
0
0
VERTEX
8
0
10
11.707918750000001
20
2.6484
30
0
0
VERTEX
8
0
10
12.3984
20
1.9579187500000002
30
0
0
VERTEX
8
0
10
12.3984
20
1.8800000000000001
30
0
0
VERTEX
8
0
10
12.4015125
20
1.85504375
30
0
42
0.8128116491081416
0
VERTEX
8
0
10
12.600246875
20
1.863471875
30
0
0
VERTEX
8
0
10
12.601600000000001
20
1.8800000000000001
30
0
0
VERTEX
8
0
10
12.601600000000001
20
2
30
0
0
VERTEX
8
0
10
12.600809375
20
2.0063375
30
0
42
0.1407252340376049
0
VERTEX
8
0
10
12.582571875000001
20
2.0592
30
0
0
VERTEX
8
0
10
12.5764875
20
2.066365625
30
0
0
VERTEX
8
0
10
12.574715625000001
20
2.068846875
30
0
0
VERTEX
8
0
10
12.57353125
20
2.06985
30
0
0
VERTEX
8
0
10
12.571840625
20
2.071840625
30
0
0
VERTEX
8
0
10
11.995281250000001
20
2.6484
30
0
0
VERTEX
8
0
10
26.45791875
20
2.6484
30
0
0
VERTEX
8
0
10
27.173040625000002
20
1.9332781250000002
30
0
0
VERTEX
8
0
10
27.25871875
20
1.8190406250000002
30
0
0
VERTEX
8
0
10
27.264593750000003
20
1.8129531250000002
30
0
0
VERTEX
8
0
10
27.269946875000002
20
1.8064125
30
0
42
0.3205749095033648
0
VERTEX
8
0
10
27.386925
20
1.7898875
30
0
0
VERTEX
8
0
10
27.39163125
20
1.7928468750000002
30
0
42
0.013474324041029249
0
VERTEX
8
0
10
27.396250000000002
20
1.7957562500000002
30
0
0
VERTEX
8
0
10
27.400959375000003
20
1.7987187500000001
30
0
0
VERTEX
8
0
10
27.53386875
20
1.8984
30
0
0
VERTEX
8
0
10
28.45791875
20
1.8984
30
0
0
VERTEX
8
0
10
29.428159375
20
0.928159375
30
0
0
VERTEX
8
0
10
29.433187500000003
20
0.924246875
30
0
42
0.14075965647395222
0
VERTEX
8
0
10
29.483471875000003
20
0.899753125
30
0
0
VERTEX
8
0
10
29.492834375
20
0.8989875
30
0
0
VERTEX
8
0
10
29.49585
20
0.898484375
30
0
0
VERTEX
8
0
10
29.49739375
20
0.8986125
30
0
0
VERTEX
8
0
10
29.5
20
0.8984000000000001
30
0
0
VERTEX
8
0
10
36.75
20
0.8984000000000001
30
0
0
VERTEX
8
0
10
36.7563375
20
0.899190625
30
0
42
0.1407252340376049
0
VERTEX
8
0
10
36.809200000000004
20
0.917428125
30
0
0
VERTEX
8
0
10
36.816365625
20
0.9235125000000001
30
0
0
VERTEX
8
0
10
36.818846875
20
0.925284375
30
0
0
VERTEX
8
0
10
36.81985
20
0.9264687500000001
30
0
0
VERTEX
8
0
10
36.821840625
20
0.928159375
30
0
0
VERTEX
8
0
10
37.571840625
20
1.6781593750000001
30
0
0
VERTEX
8
0
10
37.575753125
20
1.6831875
30
0
42
0.14075965647395222
0
VERTEX
8
0
10
37.600246875
20
1.733471875
30
0
0
VERTEX
8
0
10
37.6010125
20
1.7428343750000002
30
0
0
VERTEX
8
0
10
37.601515625000005
20
1.7458500000000001
30
0
0
VERTEX
8
0
10
37.6013875
20
1.74739375
30
0
0
VERTEX
8
0
10
37.601600000000005
20
1.75
30
0
0
VERTEX
8
0
10
37.601600000000005
20
1.9579187500000002
30
0
0
SEQEND
0
POLYLINE
66
1
8
1_copper
10
0.0
20
0.0
30
0.0
70
1
0
VERTEX
8
0
10
45.303859375
20
30.525662500000003
30
0
42
0.9999999999999999
0
VERTEX
8
0
10
45.196140625000005
20
30.9743375
30
0
0
VERTEX
8
0
10
45.175915625
20
30.967765625000002
30
0
0
VERTEX
8
0
10
44.601600000000005
20
31.542081250000003
30
0
0
VERTEX
8
0
10
44.601600000000005
20
35.5
30
0
0
VERTEX
8
0
10
44.600809375000004
20
35.5063375
30
0
42
0.1407252340376049
0
VERTEX
8
0
10
44.582571875
20
35.559200000000004
30
0
0
VERTEX
8
0
10
44.5764875
20
35.566365625
30
0
0
VERTEX
8
0
10
44.574715625
20
35.568846875
30
0
0
VERTEX
8
0
10
44.57353125
20
35.56985
30
0
0
VERTEX
8
0
10
44.571840625
20
35.571840625
30
0
0
VERTEX
8
0
10
44.2016
20
35.94208125
30
0
0
VERTEX
8
0
10
44.2016
20
41.293631250000004
30
0
0
VERTEX
8
0
10
44.220546875000004
20
41.3032875
30
0
42
0.9999999999999999
0
VERTEX
8
0
10
43.979453125
20
41.696712500000004
30
0
0
VERTEX
8
0
10
43.950165625000004
20
41.675434375
30
0
42
0.509524700761689
0
VERTEX
8
0
10
43.979453125
20
41.3032875
30
0
0
VERTEX
8
0
10
43.998400000000004
20
41.293631250000004
30
0
0
VERTEX
8
0
10
43.998400000000004
20
35.9
30
0
0
VERTEX
8
0
10
43.999190625000004
20
35.893662500000005
30
0
42
0.1407252340376049
0
VERTEX
8
0
10
44.017428125
20
35.8408
30
0
0
VERTEX
8
0
10
44.0235125
20
35.833634375
30
0
0
VERTEX
8
0
10
44.025284375000005
20
35.831153125
30
0
0
VERTEX
8
0
10
44.02646875
20
35.83015
30
0
0
VERTEX
8
0
10
44.028159375
20
35.828159375
30
0
0
VERTEX
8
0
10
44.3984
20
35.457918750000005
30
0
0
VERTEX
8
0
10
44.3984
20
31.5
30
0
0
VERTEX
8
0
10
44.399190625
20
31.493662500000003
30
0
42
0.1407252340376049
0
VERTEX
8
0
10
44.417428125
20
31.440800000000003
30
0
0
VERTEX
8
0
10
44.4235125
20
31.433634375
30
0
0
VERTEX
8
0
10
44.425284375000004
20
31.431153125
30
0
0
VERTEX
8
0
10
44.426468750000005
20
31.43015
30
0
0
VERTEX
8
0
10
44.428159375
20
31.428159375
30
0
0
VERTEX
8
0
10
45.032234375
20
30.824084375
30
0
0
VERTEX
8
0
10
45.0256625
20
30.803859375000002
30
0
42
0.5095244921166611
0
VERTEX
8
0
10
45.268100000000004
20
30.520000000000003
30
0
0
SEQEND
0
POLYLINE
66
1
8
16_copper
10
0.0
20
0.0
30
0.0
70
1
0
VERTEX
8
0
10
44.153859375
20
41.2756625
30
0
42
0.4142135623730951
0
VERTEX
8
0
10
44.3243375
20
41.553859375
30
0
0
VERTEX
8
0
10
44.317765625
20
41.574084375000005
30
0
0
VERTEX
8
0
10
45.642081250000004
20
42.8984
30
0
0
VERTEX
8
0
10
45.9058
20
42.8984
30
0
0
VERTEX
8
0
10
45.9058
20
42.755
30
0
0
VERTEX
8
0
10
47.1058
20
42.755
30
0
0
VERTEX
8
0
10
47.1058
20
43.355000000000004
30
0
0
VERTEX
8
0
10
45.9058
20
43.355000000000004
30
0
0
VERTEX
8
0
10
45.9058
20
43.101600000000005
30
0
0
VERTEX
8
0
10
45.6
20
43.101600000000005
30
0
0
VERTEX
8
0
10
45.5936625
20
43.100809375000004
30
0
42
0.1407252340376049
0
VERTEX
8
0
10
45.540800000000004
20
43.082571875
30
0
0
VERTEX
8
0
10
45.533634375000005
20
43.0764875
30
0
0
VERTEX
8
0
10
45.531153125
20
43.074715625
30
0
0
VERTEX
8
0
10
45.53015
20
43.07353125
30
0
0
VERTEX
8
0
10
45.528159375
20
43.071840625
30
0
0
VERTEX
8
0
10
44.174084375
20
41.717765625000006
30
0
0
VERTEX
8
0
10
44.153859375
20
41.724337500000004
30
0
42
0.9999999999999999
0
VERTEX
8
0
10
44.046140625
20
41.2756625
30
0
0
VERTEX
8
0
10
44.081900000000005
20
41.27
30
0
0
VERTEX
8
0
10
44.118100000000005
20
41.27
30
0
0
SEQEND
0
POLYLINE
66
1
8
16_copper
10
0.0
20
0.0
30
0.0
70
1
0
VERTEX
8
0
10
47.1058
20
30.705000000000002
30
0
0
VERTEX
8
0
10
46.43868125
20
30.705000000000002
30
0
0
VERTEX
8
0
10
46.321840625
20
30.821840625
30
0
0
VERTEX
8
0
10
46.316812500000005
20
30.825753125000002
30
0
42
0.14075965647395222
0
VERTEX
8
0
10
46.266528125
20
30.850246875
30
0
0
VERTEX
8
0
10
46.257165625
20
30.851012500000003
30
0
0
VERTEX
8
0
10
46.25415
20
30.851515625
30
0
0
VERTEX
8
0
10
46.25260625
20
30.8513875
30
0
0
VERTEX
8
0
10
46.25
20
30.8516
30
0
0
VERTEX
8
0
10
45.45636875
20
30.8516
30
0
0
VERTEX
8
0
10
45.446712500000004
20
30.870546875000002
30
0
42
0.9999999999999999
0
VERTEX
8
0
10
45.0532875
20
30.629453125
30
0
0
VERTEX
8
0
10
45.074565625000005
20
30.600165625000002
30
0
42
0.509524700761689
0
VERTEX
8
0
10
45.446712500000004
20
30.629453125
30
0
0
VERTEX
8
0
10
45.45636875
20
30.648400000000002
30
0
0
VERTEX
8
0
10
45.9058
20
30.648400000000002
30
0
0
VERTEX
8
0
10
45.9058
20
30.105
30
0
0
VERTEX
8
0
10
47.1058
20
30.105
30
0
0
SEQEND
0
CIRCLE
8
drills_NPTH
10
3
20
66.5
30
0
40
1.5
0
CIRCLE
8
drills_NPTH
10
3
20
9.5
30
0
40
1.5
0
CIRCLE
8
drills_NPTH
10
97
20
9.5
30
0
40
1.5
0
CIRCLE
8
drills_NPTH
10
97
20
66.5
30
0
40
1.5
0
CIRCLE
8
drills_PTH
10
2.3400000000000003
20
58.88
30
0
40
0.3
0
CIRCLE
8
drills_PTH
10
4.88
20
58.88
30
0
40
0.3
0
CIRCLE
8
drills_PTH
10
7.42
20
58.88
30
0
40
0.3
0
CIRCLE
8
drills_PTH
10
9.96
20
58.88
30
0
40
0.3
0
CIRCLE
8
drills_PTH
10
12.5
20
58.88
30
0
40
0.3
0
CIRCLE
8
drills_PTH
10
15.040000000000001
20
58.88
30
0
40
0.3
0
CIRCLE
8
drills_PTH
10
17.580000000000002
20
58.88
30
0
40
0.3
0
CIRCLE
8
drills_PTH
10
20.12
20
58.88
30
0
40
0.3
0
CIRCLE
8
drills_PTH
10
22.66
20
58.88
30
0
40
0.3
0
CIRCLE
8
drills_PTH
10
22.66
20
74.12
30
0
40
0.3
0
CIRCLE
8
drills_PTH
10
20.12
20
74.12
30
0
40
0.3
0
CIRCLE
8
drills_PTH
10
17.580000000000002
20
74.12
30
0
40
0.3
0
CIRCLE
8
drills_PTH
10
15.040000000000001
20
74.12
30
0
40
0.3
0
CIRCLE
8
drills_PTH
10
12.5
20
74.12
30
0
40
0.3
0
CIRCLE
8
drills_PTH
10
9.96
20
74.12
30
0
40
0.3
0
CIRCLE
8
drills_PTH
10
7.42
20
74.12
30
0
40
0.3
0
CIRCLE
8
drills_PTH
10
4.88
20
74.12
30
0
40
0.3
0
CIRCLE
8
drills_PTH
10
2.3400000000000003
20
74.12
30
0
40
0.3
0
CIRCLE
8
drills_PTH
10
2.3400000000000003
20
39.88
30
0
40
0.3
0
CIRCLE
8
drills_PTH
10
4.88
20
39.88
30
0
40
0.3
0
CIRCLE
8
drills_PTH
10
7.42
20
39.88
30
0
40
0.3
0
CIRCLE
8
drills_PTH
10
9.96
20
39.88
30
0
40
0.3
0
CIRCLE
8
drills_PTH
10
12.5
20
39.88
30
0
40
0.3
0
CIRCLE
8
drills_PTH
10
15.040000000000001
20
39.88
30
0
40
0.3
0
CIRCLE
8
drills_PTH
10
17.580000000000002
20
39.88
30
0
40
0.3
0
CIRCLE
8
drills_PTH
10
20.12
20
39.88
30
0
40
0.3
0
CIRCLE
8
drills_PTH
10
22.66
20
39.88
30
0
40
0.3
0
CIRCLE
8
drills_PTH
10
22.66
20
55.120000000000005
30
0
40
0.3
0
CIRCLE
8
drills_PTH
10
20.12
20
55.120000000000005
30
0
40
0.3
0
CIRCLE
8
drills_PTH
10
17.580000000000002
20
55.120000000000005
30
0
40
0.3
0
CIRCLE
8
drills_PTH
10
15.040000000000001
20
55.120000000000005
30
0
40
0.3
0
CIRCLE
8
drills_PTH
10
12.5
20
55.120000000000005
30
0
40
0.3
0
CIRCLE
8
drills_PTH
10
9.96
20
55.120000000000005
30
0
40
0.3
0
CIRCLE
8
drills_PTH
10
7.42
20
55.120000000000005
30
0
40
0.3
0
CIRCLE
8
drills_PTH
10
4.88
20
55.120000000000005
30
0
40
0.3
0
CIRCLE
8
drills_PTH
10
2.3400000000000003
20
55.120000000000005
30
0
40
0.3
0
CIRCLE
8
drills_PTH
10
2.3400000000000003
20
20.880000000000003
30
0
40
0.3
0
CIRCLE
8
drills_PTH
10
4.88
20
20.880000000000003
30
0
40
0.3
0
CIRCLE
8
drills_PTH
10
7.42
20
20.880000000000003
30
0
40
0.3
0
CIRCLE
8
drills_PTH
10
9.96
20
20.880000000000003
30
0
40
0.3
0
CIRCLE
8
drills_PTH
10
12.5
20
20.880000000000003
30
0
40
0.3
0
CIRCLE
8
drills_PTH
10
15.040000000000001
20
20.880000000000003
30
0
40
0.3
0
CIRCLE
8
drills_PTH
10
17.580000000000002
20
20.880000000000003
30
0
40
0.3
0
CIRCLE
8
drills_PTH
10
20.12
20
20.880000000000003
30
0
40
0.3
0
CIRCLE
8
drills_PTH
10
22.66
20
20.880000000000003
30
0
40
0.3
0
CIRCLE
8
drills_PTH
10
22.66
20
36.120000000000005
30
0
40
0.3
0
CIRCLE
8
drills_PTH
10
20.12
20
36.120000000000005
30
0
40
0.3
0
CIRCLE
8
drills_PTH
10
17.580000000000002
20
36.120000000000005
30
0
40
0.3
0
CIRCLE
8
drills_PTH
10
15.040000000000001
20
36.120000000000005
30
0
40
0.3
0
CIRCLE
8
drills_PTH
10
12.5
20
36.120000000000005
30
0
40
0.3
0
CIRCLE
8
drills_PTH
10
9.96
20
36.120000000000005
30
0
40
0.3
0
CIRCLE
8
drills_PTH
10
7.42
20
36.120000000000005
30
0
40
0.3
0
CIRCLE
8
drills_PTH
10
4.88
20
36.120000000000005
30
0
40
0.3
0
CIRCLE
8
drills_PTH
10
2.3400000000000003
20
36.120000000000005
30
0
40
0.3
0
CIRCLE
8
drills_PTH
10
2.3400000000000003
20
1.8800000000000001
30
0
40
0.3
0
CIRCLE
8
drills_PTH
10
4.88
20
1.8800000000000001
30
0
40
0.3
0
CIRCLE
8
drills_PTH
10
7.42
20
1.8800000000000001
30
0
40
0.3
0
CIRCLE
8
drills_PTH
10
9.96
20
1.8800000000000001
30
0
40
0.3
0
CIRCLE
8
drills_PTH
10
12.5
20
1.8800000000000001
30
0
40
0.3
0
CIRCLE
8
drills_PTH
10
15.040000000000001
20
1.8800000000000001
30
0
40
0.3
0
CIRCLE
8
drills_PTH
10
17.580000000000002
20
1.8800000000000001
30
0
40
0.3
0
CIRCLE
8
drills_PTH
10
20.12
20
1.8800000000000001
30
0
40
0.3
0
CIRCLE
8
drills_PTH
10
22.66
20
1.8800000000000001
30
0
40
0.3
0
CIRCLE
8
drills_PTH
10
22.66
20
17.12
30
0
40
0.3
0
CIRCLE
8
drills_PTH
10
20.12
20
17.12
30
0
40
0.3
0
CIRCLE
8
drills_PTH
10
17.580000000000002
20
17.12
30
0
40
0.3
0
CIRCLE
8
drills_PTH
10
15.040000000000001
20
17.12
30
0
40
0.3
0
CIRCLE
8
drills_PTH
10
12.5
20
17.12
30
0
40
0.3
0
CIRCLE
8
drills_PTH
10
9.96
20
17.12
30
0
40
0.3
0
CIRCLE
8
drills_PTH
10
7.42
20
17.12
30
0
40
0.3
0
CIRCLE
8
drills_PTH
10
4.88
20
17.12
30
0
40
0.3
0
CIRCLE
8
drills_PTH
10
2.3400000000000003
20
17.12
30
0
40
0.3
0
CIRCLE
8
drills_PTH
10
27.34
20
58.88
30
0
40
0.3
0
CIRCLE
8
drills_PTH
10
29.880000000000003
20
58.88
30
0
40
0.3
0
CIRCLE
8
drills_PTH
10
32.42
20
58.88
30
0
40
0.3
0
CIRCLE
8
drills_PTH
10
34.96
20
58.88
30
0
40
0.3
0
CIRCLE
8
drills_PTH
10
37.5
20
58.88
30
0
40
0.3
0
CIRCLE
8
drills_PTH
10
40.04
20
58.88
30
0
40
0.3
0
CIRCLE
8
drills_PTH
10
42.580000000000005
20
58.88
30
0
40
0.3
0
CIRCLE
8
drills_PTH
10
45.120000000000005
20
58.88
30
0
40
0.3
0
CIRCLE
8
drills_PTH
10
47.660000000000004
20
58.88
30
0
40
0.3
0
CIRCLE
8
drills_PTH
10
47.660000000000004
20
74.12
30
0
40
0.3
0
CIRCLE
8
drills_PTH
10
45.120000000000005
20
74.12
30
0
40
0.3
0
CIRCLE
8
drills_PTH
10
42.580000000000005
20
74.12
30
0
40
0.3
0
CIRCLE
8
drills_PTH
10
40.04
20
74.12
30
0
40
0.3
0
CIRCLE
8
drills_PTH
10
37.5
20
74.12
30
0
40
0.3
0
CIRCLE
8
drills_PTH
10
34.96
20
74.12
30
0
40
0.3
0
CIRCLE
8
drills_PTH
10
32.42
20
74.12
30
0
40
0.3
0
CIRCLE
8
drills_PTH
10
29.880000000000003
20
74.12
30
0
40
0.3
0
CIRCLE
8
drills_PTH
10
27.34
20
74.12
30
0
40
0.3
0
CIRCLE
8
drills_PTH
10
27.34
20
39.88
30
0
40
0.3
0
CIRCLE
8
drills_PTH
10
29.880000000000003
20
39.88
30
0
40
0.3
0
CIRCLE
8
drills_PTH
10
32.42
20
39.88
30
0
40
0.3
0
CIRCLE
8
drills_PTH
10
34.96
20
39.88
30
0
40
0.3
0
CIRCLE
8
drills_PTH
10
37.5
20
39.88
30
0
40
0.3
0
CIRCLE
8
drills_PTH
10
40.04
20
39.88
30
0
40
0.3
0
CIRCLE
8
drills_PTH
10
42.580000000000005
20
39.88
30
0
40
0.3
0
CIRCLE
8
drills_PTH
10
45.120000000000005
20
39.88
30
0
40
0.3
0
CIRCLE
8
drills_PTH
10
47.660000000000004
20
39.88
30
0
40
0.3
0
CIRCLE
8
drills_PTH
10
47.660000000000004
20
55.120000000000005
30
0
40
0.3
0
CIRCLE
8
drills_PTH
10
45.120000000000005
20
55.120000000000005
30
0
40
0.3
0
CIRCLE
8
drills_PTH
10
42.580000000000005
20
55.120000000000005
30
0
40
0.3
0
CIRCLE
8
drills_PTH
10
40.04
20
55.120000000000005
30
0
40
0.3
0
CIRCLE
8
drills_PTH
10
37.5
20
55.120000000000005
30
0
40
0.3
0
CIRCLE
8
drills_PTH
10
34.96
20
55.120000000000005
30
0
40
0.3
0
CIRCLE
8
drills_PTH
10
32.42
20
55.120000000000005
30
0
40
0.3
0
CIRCLE
8
drills_PTH
10
29.880000000000003
20
55.120000000000005
30
0
40
0.3
0
CIRCLE
8
drills_PTH
10
27.34
20
55.120000000000005
30
0
40
0.3
0
CIRCLE
8
drills_PTH
10
27.34
20
20.880000000000003
30
0
40
0.3
0
CIRCLE
8
drills_PTH
10
29.880000000000003
20
20.880000000000003
30
0
40
0.3
0
CIRCLE
8
drills_PTH
10
32.42
20
20.880000000000003
30
0
40
0.3
0
CIRCLE
8
drills_PTH
10
34.96
20
20.880000000000003
30
0
40
0.3
0
CIRCLE
8
drills_PTH
10
37.5
20
20.880000000000003
30
0
40
0.3
0
CIRCLE
8
drills_PTH
10
40.04
20
20.880000000000003
30
0
40
0.3
0
CIRCLE
8
drills_PTH
10
42.580000000000005
20
20.880000000000003
30
0
40
0.3
0
CIRCLE
8
drills_PTH
10
45.120000000000005
20
20.880000000000003
30
0
40
0.3
0
CIRCLE
8
drills_PTH
10
47.660000000000004
20
20.880000000000003
30
0
40
0.3
0
CIRCLE
8
drills_PTH
10
47.660000000000004
20
36.120000000000005
30
0
40
0.3
0
CIRCLE
8
drills_PTH
10
45.120000000000005
20
36.120000000000005
30
0
40
0.3
0
CIRCLE
8
drills_PTH
10
42.580000000000005
20
36.120000000000005
30
0
40
0.3
0
CIRCLE
8
drills_PTH
10
40.04
20
36.120000000000005
30
0
40
0.3
0
CIRCLE
8
drills_PTH
10
37.5
20
36.120000000000005
30
0
40
0.3
0
CIRCLE
8
drills_PTH
10
34.96
20
36.120000000000005
30
0
40
0.3
0
CIRCLE
8
drills_PTH
10
32.42
20
36.120000000000005
30
0
40
0.3
0
CIRCLE
8
drills_PTH
10
29.880000000000003
20
36.120000000000005
30
0
40
0.3
0
CIRCLE
8
drills_PTH
10
27.34
20
36.120000000000005
30
0
40
0.3
0
CIRCLE
8
drills_PTH
10
27.34
20
1.8800000000000001
30
0
40
0.3
0
CIRCLE
8
drills_PTH
10
29.880000000000003
20
1.8800000000000001
30
0
40
0.3
0
CIRCLE
8
drills_PTH
10
32.42
20
1.8800000000000001
30
0
40
0.3
0
CIRCLE
8
drills_PTH
10
34.96
20
1.8800000000000001
30
0
40
0.3
0
CIRCLE
8
drills_PTH
10
37.5
20
1.8800000000000001
30
0
40
0.3
0
CIRCLE
8
drills_PTH
10
40.04
20
1.8800000000000001
30
0
40
0.3
0
CIRCLE
8
drills_PTH
10
42.580000000000005
20
1.8800000000000001
30
0
40
0.3
0
CIRCLE
8
drills_PTH
10
45.120000000000005
20
1.8800000000000001
30
0
40
0.3
0
CIRCLE
8
drills_PTH
10
47.660000000000004
20
1.8800000000000001
30
0
40
0.3
0
CIRCLE
8
drills_PTH
10
47.660000000000004
20
17.12
30
0
40
0.3
0
CIRCLE
8
drills_PTH
10
45.120000000000005
20
17.12
30
0
40
0.3
0
CIRCLE
8
drills_PTH
10
42.580000000000005
20
17.12
30
0
40
0.3
0
CIRCLE
8
drills_PTH
10
40.04
20
17.12
30
0
40
0.3
0
CIRCLE
8
drills_PTH
10
37.5
20
17.12
30
0
40
0.3
0
CIRCLE
8
drills_PTH
10
34.96
20
17.12
30
0
40
0.3
0
CIRCLE
8
drills_PTH
10
32.42
20
17.12
30
0
40
0.3
0
CIRCLE
8
drills_PTH
10
29.880000000000003
20
17.12
30
0
40
0.3
0
CIRCLE
8
drills_PTH
10
27.34
20
17.12
30
0
40
0.3
0
CIRCLE
8
drills_PTH
10
52.34
20
58.88
30
0
40
0.3
0
CIRCLE
8
drills_PTH
10
54.88
20
58.88
30
0
40
0.3
0
CIRCLE
8
drills_PTH
10
57.42
20
58.88
30
0
40
0.3
0
CIRCLE
8
drills_PTH
10
59.96
20
58.88
30
0
40
0.3
0
CIRCLE
8
drills_PTH
10
62.5
20
58.88
30
0
40
0.3
0
CIRCLE
8
drills_PTH
10
65.04
20
58.88
30
0
40
0.3
0
CIRCLE
8
drills_PTH
10
67.58
20
58.88
30
0
40
0.3
0
CIRCLE
8
drills_PTH
10
70.12
20
58.88
30
0
40
0.3
0
CIRCLE
8
drills_PTH
10
72.66
20
58.88
30
0
40
0.3
0
CIRCLE
8
drills_PTH
10
72.66
20
74.12
30
0
40
0.3
0
CIRCLE
8
drills_PTH
10
70.12
20
74.12
30
0
40
0.3
0
CIRCLE
8
drills_PTH
10
67.58
20
74.12
30
0
40
0.3
0
CIRCLE
8
drills_PTH
10
65.04
20
74.12
30
0
40
0.3
0
CIRCLE
8
drills_PTH
10
62.5
20
74.12
30
0
40
0.3
0
CIRCLE
8
drills_PTH
10
59.96
20
74.12
30
0
40
0.3
0
CIRCLE
8
drills_PTH
10
57.42
20
74.12
30
0
40
0.3
0
CIRCLE
8
drills_PTH
10
54.88
20
74.12
30
0
40
0.3
0
CIRCLE
8
drills_PTH
10
52.34
20
74.12
30
0
40
0.3
0
CIRCLE
8
drills_PTH
10
77.34
20
58.88
30
0
40
0.3
0
CIRCLE
8
drills_PTH
10
79.88000000000001
20
58.88
30
0
40
0.3
0
CIRCLE
8
drills_PTH
10
82.42
20
58.88
30
0
40
0.3
0
CIRCLE
8
drills_PTH
10
84.96000000000001
20
58.88
30
0
40
0.3
0
CIRCLE
8
drills_PTH
10
87.5
20
58.88
30
0
40
0.3
0
CIRCLE
8
drills_PTH
10
90.04
20
58.88
30
0
40
0.3
0
CIRCLE
8
drills_PTH
10
92.58
20
58.88
30
0
40
0.3
0
CIRCLE
8
drills_PTH
10
95.12
20
58.88
30
0
40
0.3
0
CIRCLE
8
drills_PTH
10
97.66000000000001
20
58.88
30
0
40
0.3
0
CIRCLE
8
drills_PTH
10
97.66000000000001
20
74.12
30
0
40
0.3
0
CIRCLE
8
drills_PTH
10
95.12
20
74.12
30
0
40
0.3
0
CIRCLE
8
drills_PTH
10
92.58
20
74.12
30
0
40
0.3
0
CIRCLE
8
drills_PTH
10
90.04
20
74.12
30
0
40
0.3
0
CIRCLE
8
drills_PTH
10
87.5
20
74.12
30
0
40
0.3
0
CIRCLE
8
drills_PTH
10
84.96000000000001
20
74.12
30
0
40
0.3
0
CIRCLE
8
drills_PTH
10
82.42
20
74.12
30
0
40
0.3
0
CIRCLE
8
drills_PTH
10
79.88000000000001
20
74.12
30
0
40
0.3
0
CIRCLE
8
drills_PTH
10
77.34
20
74.12
30
0
40
0.3
0
CIRCLE
8
drills_PTH
10
52.34
20
39.88
30
0
40
0.3
0
CIRCLE
8
drills_PTH
10
54.88
20
39.88
30
0
40
0.3
0
CIRCLE
8
drills_PTH
10
57.42
20
39.88
30
0
40
0.3
0
CIRCLE
8
drills_PTH
10
59.96
20
39.88
30
0
40
0.3
0
CIRCLE
8
drills_PTH
10
62.5
20
39.88
30
0
40
0.3
0
CIRCLE
8
drills_PTH
10
65.04
20
39.88
30
0
40
0.3
0
CIRCLE
8
drills_PTH
10
67.58
20
39.88
30
0
40
0.3
0
CIRCLE
8
drills_PTH
10
70.12
20
39.88
30
0
40
0.3
0
CIRCLE
8
drills_PTH
10
72.66
20
39.88
30
0
40
0.3
0
CIRCLE
8
drills_PTH
10
72.66
20
55.120000000000005
30
0
40
0.3
0
CIRCLE
8
drills_PTH
10
70.12
20
55.120000000000005
30
0
40
0.3
0
CIRCLE
8
drills_PTH
10
67.58
20
55.120000000000005
30
0
40
0.3
0
CIRCLE
8
drills_PTH
10
65.04
20
55.120000000000005
30
0
40
0.3
0
CIRCLE
8
drills_PTH
10
62.5
20
55.120000000000005
30
0
40
0.3
0
CIRCLE
8
drills_PTH
10
59.96
20
55.120000000000005
30
0
40
0.3
0
CIRCLE
8
drills_PTH
10
57.42
20
55.120000000000005
30
0
40
0.3
0
CIRCLE
8
drills_PTH
10
54.88
20
55.120000000000005
30
0
40
0.3
0
CIRCLE
8
drills_PTH
10
52.34
20
55.120000000000005
30
0
40
0.3
0
CIRCLE
8
drills_PTH
10
77.34
20
39.88
30
0
40
0.3
0
CIRCLE
8
drills_PTH
10
79.88000000000001
20
39.88
30
0
40
0.3
0
CIRCLE
8
drills_PTH
10
82.42
20
39.88
30
0
40
0.3
0
CIRCLE
8
drills_PTH
10
84.96000000000001
20
39.88
30
0
40
0.3
0
CIRCLE
8
drills_PTH
10
87.5
20
39.88
30
0
40
0.3
0
CIRCLE
8
drills_PTH
10
90.04
20
39.88
30
0
40
0.3
0
CIRCLE
8
drills_PTH
10
92.58
20
39.88
30
0
40
0.3
0
CIRCLE
8
drills_PTH
10
95.12
20
39.88
30
0
40
0.3
0
CIRCLE
8
drills_PTH
10
97.66000000000001
20
39.88
30
0
40
0.3
0
CIRCLE
8
drills_PTH
10
97.66000000000001
20
55.120000000000005
30
0
40
0.3
0
CIRCLE
8
drills_PTH
10
95.12
20
55.120000000000005
30
0
40
0.3
0
CIRCLE
8
drills_PTH
10
92.58
20
55.120000000000005
30
0
40
0.3
0
CIRCLE
8
drills_PTH
10
90.04
20
55.120000000000005
30
0
40
0.3
0
CIRCLE
8
drills_PTH
10
87.5
20
55.120000000000005
30
0
40
0.3
0
CIRCLE
8
drills_PTH
10
84.96000000000001
20
55.120000000000005
30
0
40
0.3
0
CIRCLE
8
drills_PTH
10
82.42
20
55.120000000000005
30
0
40
0.3
0
CIRCLE
8
drills_PTH
10
79.88000000000001
20
55.120000000000005
30
0
40
0.3
0
CIRCLE
8
drills_PTH
10
77.34
20
55.120000000000005
30
0
40
0.3
0
CIRCLE
8
drills_PTH
10
52.34
20
20.880000000000003
30
0
40
0.3
0
CIRCLE
8
drills_PTH
10
54.88
20
20.880000000000003
30
0
40
0.3
0
CIRCLE
8
drills_PTH
10
57.42
20
20.880000000000003
30
0
40
0.3
0
CIRCLE
8
drills_PTH
10
59.96
20
20.880000000000003
30
0
40
0.3
0
CIRCLE
8
drills_PTH
10
62.5
20
20.880000000000003
30
0
40
0.3
0
CIRCLE
8
drills_PTH
10
65.04
20
20.880000000000003
30
0
40
0.3
0
CIRCLE
8
drills_PTH
10
67.58
20
20.880000000000003
30
0
40
0.3
0
CIRCLE
8
drills_PTH
10
70.12
20
20.880000000000003
30
0
40
0.3
0
CIRCLE
8
drills_PTH
10
72.66
20
20.880000000000003
30
0
40
0.3
0
CIRCLE
8
drills_PTH
10
72.66
20
36.120000000000005
30
0
40
0.3
0
CIRCLE
8
drills_PTH
10
70.12
20
36.120000000000005
30
0
40
0.3
0
CIRCLE
8
drills_PTH
10
67.58
20
36.120000000000005
30
0
40
0.3
0
CIRCLE
8
drills_PTH
10
65.04
20
36.120000000000005
30
0
40
0.3
0
CIRCLE
8
drills_PTH
10
62.5
20
36.120000000000005
30
0
40
0.3
0
CIRCLE
8
drills_PTH
10
59.96
20
36.120000000000005
30
0
40
0.3
0
CIRCLE
8
drills_PTH
10
57.42
20
36.120000000000005
30
0
40
0.3
0
CIRCLE
8
drills_PTH
10
54.88
20
36.120000000000005
30
0
40
0.3
0
CIRCLE
8
drills_PTH
10
52.34
20
36.120000000000005
30
0
40
0.3
0
CIRCLE
8
drills_PTH
10
77.34
20
20.880000000000003
30
0
40
0.3
0
CIRCLE
8
drills_PTH
10
79.88000000000001
20
20.880000000000003
30
0
40
0.3
0
CIRCLE
8
drills_PTH
10
82.42
20
20.880000000000003
30
0
40
0.3
0
CIRCLE
8
drills_PTH
10
84.96000000000001
20
20.880000000000003
30
0
40
0.3
0
CIRCLE
8
drills_PTH
10
87.5
20
20.880000000000003
30
0
40
0.3
0
CIRCLE
8
drills_PTH
10
90.04
20
20.880000000000003
30
0
40
0.3
0
CIRCLE
8
drills_PTH
10
92.58
20
20.880000000000003
30
0
40
0.3
0
CIRCLE
8
drills_PTH
10
95.12
20
20.880000000000003
30
0
40
0.3
0
CIRCLE
8
drills_PTH
10
97.66000000000001
20
20.880000000000003
30
0
40
0.3
0
CIRCLE
8
drills_PTH
10
97.66000000000001
20
36.120000000000005
30
0
40
0.3
0
CIRCLE
8
drills_PTH
10
95.12
20
36.120000000000005
30
0
40
0.3
0
CIRCLE
8
drills_PTH
10
92.58
20
36.120000000000005
30
0
40
0.3
0
CIRCLE
8
drills_PTH
10
90.04
20
36.120000000000005
30
0
40
0.3
0
CIRCLE
8
drills_PTH
10
87.5
20
36.120000000000005
30
0
40
0.3
0
CIRCLE
8
drills_PTH
10
84.96000000000001
20
36.120000000000005
30
0
40
0.3
0
CIRCLE
8
drills_PTH
10
82.42
20
36.120000000000005
30
0
40
0.3
0
CIRCLE
8
drills_PTH
10
79.88000000000001
20
36.120000000000005
30
0
40
0.3
0
CIRCLE
8
drills_PTH
10
77.34
20
36.120000000000005
30
0
40
0.3
0
CIRCLE
8
drills_PTH
10
52.34
20
1.8800000000000001
30
0
40
0.3
0
CIRCLE
8
drills_PTH
10
54.88
20
1.8800000000000001
30
0
40
0.3
0
CIRCLE
8
drills_PTH
10
57.42
20
1.8800000000000001
30
0
40
0.3
0
CIRCLE
8
drills_PTH
10
59.96
20
1.8800000000000001
30
0
40
0.3
0
CIRCLE
8
drills_PTH
10
62.5
20
1.8800000000000001
30
0
40
0.3
0
CIRCLE
8
drills_PTH
10
65.04
20
1.8800000000000001
30
0
40
0.3
0
CIRCLE
8
drills_PTH
10
67.58
20
1.8800000000000001
30
0
40
0.3
0
CIRCLE
8
drills_PTH
10
70.12
20
1.8800000000000001
30
0
40
0.3
0
CIRCLE
8
drills_PTH
10
72.66
20
1.8800000000000001
30
0
40
0.3
0
CIRCLE
8
drills_PTH
10
72.66
20
17.12
30
0
40
0.3
0
CIRCLE
8
drills_PTH
10
70.12
20
17.12
30
0
40
0.3
0
CIRCLE
8
drills_PTH
10
67.58
20
17.12
30
0
40
0.3
0
CIRCLE
8
drills_PTH
10
65.04
20
17.12
30
0
40
0.3
0
CIRCLE
8
drills_PTH
10
62.5
20
17.12
30
0
40
0.3
0
CIRCLE
8
drills_PTH
10
59.96
20
17.12
30
0
40
0.3
0
CIRCLE
8
drills_PTH
10
57.42
20
17.12
30
0
40
0.3
0
CIRCLE
8
drills_PTH
10
54.88
20
17.12
30
0
40
0.3
0
CIRCLE
8
drills_PTH
10
52.34
20
17.12
30
0
40
0.3
0
CIRCLE
8
drills_PTH
10
77.34
20
1.8800000000000001
30
0
40
0.3
0
CIRCLE
8
drills_PTH
10
79.88000000000001
20
1.8800000000000001
30
0
40
0.3
0
CIRCLE
8
drills_PTH
10
82.42
20
1.8800000000000001
30
0
40
0.3
0
CIRCLE
8
drills_PTH
10
84.96000000000001
20
1.8800000000000001
30
0
40
0.3
0
CIRCLE
8
drills_PTH
10
87.5
20
1.8800000000000001
30
0
40
0.3
0
CIRCLE
8
drills_PTH
10
90.04
20
1.8800000000000001
30
0
40
0.3
0
CIRCLE
8
drills_PTH
10
92.58
20
1.8800000000000001
30
0
40
0.3
0
CIRCLE
8
drills_PTH
10
95.12
20
1.8800000000000001
30
0
40
0.3
0
CIRCLE
8
drills_PTH
10
97.66000000000001
20
1.8800000000000001
30
0
40
0.3
0
CIRCLE
8
drills_PTH
10
97.66000000000001
20
17.12
30
0
40
0.3
0
CIRCLE
8
drills_PTH
10
95.12
20
17.12
30
0
40
0.3
0
CIRCLE
8
drills_PTH
10
92.58
20
17.12
30
0
40
0.3
0
CIRCLE
8
drills_PTH
10
90.04
20
17.12
30
0
40
0.3
0
CIRCLE
8
drills_PTH
10
87.5
20
17.12
30
0
40
0.3
0
CIRCLE
8
drills_PTH
10
84.96000000000001
20
17.12
30
0
40
0.3
0
CIRCLE
8
drills_PTH
10
82.42
20
17.12
30
0
40
0.3
0
CIRCLE
8
drills_PTH
10
79.88000000000001
20
17.12
30
0
40
0.3
0
CIRCLE
8
drills_PTH
10
77.34
20
17.12
30
0
40
0.3
0
CIRCLE
8
drills_via_1_16
10
43.75
20
69.8754
30
0
40
0.17500000000000002
0
CIRCLE
8
drills_via_1_16
10
52.105000000000004
20
62.055
30
0
40
0.17500000000000002
0
CIRCLE
8
drills_via_1_16
10
52.155
20
43.055
30
0
40
0.17500000000000002
0
CIRCLE
8
drills_via_1_16
10
43.7
20
50.800000000000004
30
0
40
0.17500000000000002
0
CIRCLE
8
drills_via_1_16
10
52
20
24.05
30
0
40
0.17500000000000002
0
CIRCLE
8
drills_via_1_16
10
43.7
20
31.875400000000003
30
0
40
0.17500000000000002
0
CIRCLE
8
drills_via_1_16
10
52.650000000000006
20
4.2
30
0
40
0.17500000000000002
0
CIRCLE
8
drills_via_1_16
10
43.7
20
12.7254
30
0
40
0.17500000000000002
0
CIRCLE
8
drills_via_1_16
10
22.150000000000002
20
14.4
30
0
40
0.17500000000000002
0
CIRCLE
8
drills_via_1_16
10
19.1
20
14.4
30
0
40
0.17500000000000002
0
CIRCLE
8
drills_via_1_16
10
17.400000000000002
20
5.05
30
0
40
0.17500000000000002
0
CIRCLE
8
drills_via_1_16
10
14.5
20
4
30
0
40
0.17500000000000002
0
CIRCLE
8
drills_via_1_16
10
5.081
20
12.8056
30
0
40
0.17500000000000002
0
CIRCLE
8
drills_via_1_16
10
4.9754000000000005
20
13.950000000000001
30
0
40
0.17500000000000002
0
CIRCLE
8
drills_via_1_16
10
9
20
27.35
30
0
40
0.17500000000000002
0
CIRCLE
8
drills_via_1_16
10
8.950000000000001
20
46.400000000000006
30
0
40
0.17500000000000002
0
CIRCLE
8
drills_via_1_16
10
7.5
20
65.5
30
0
40
0.17500000000000002
0
CIRCLE
8
drills_via_1_16
10
8.9
20
15.05
30
0
40
0.17500000000000002
0
CIRCLE
8
drills_via_1_16
10
46.150000000000006
20
15.450000000000001
30
0
40
0.17500000000000002
0
CIRCLE
8
drills_via_1_16
10
46
20
34
30
0
40
0.17500000000000002
0
CIRCLE
8
drills_via_1_16
10
46
20
53
30
0
40
0.17500000000000002
0
CIRCLE
8
drills_via_1_16
10
46
20
72
30
0
40
0.17500000000000002
0
CIRCLE
8
drills_via_1_16
10
7
20
69
30
0
40
0.17500000000000002
0
CIRCLE
8
drills_via_1_16
10
7
20
50
30
0
40
0.17500000000000002
0
CIRCLE
8
drills_via_1_16
10
7
20
31
30
0
40
0.17500000000000002
0
CIRCLE
8
drills_via_1_16
10
12.75
20
34
30
0
40
0.1
0
CIRCLE
8
drills_via_1_16
10
13.75
20
51.25
30
0
40
0.1
0
CIRCLE
8
drills_via_1_16
10
17.25
20
53.25
30
0
40
0.1
0
CIRCLE
8
drills_via_1_16
10
18.25
20
68
30
0
40
0.1
0
CIRCLE
8
drills_via_1_16
10
41
20
14.25
30
0
40
0.1
0
CIRCLE
8
drills_via_1_16
10
48.5
20
13.25
30
0
40
0.1
0
CIRCLE
8
drills_via_1_16
10
56
20
12.5
30
0
40
0.1
0
CIRCLE
8
drills_via_1_16
10
88.75
20
14.5
30
0
40
0.1
0
CIRCLE
8
drills_via_1_16
10
99
20
34.5
30
0
40
0.1
0
CIRCLE
8
drills_via_1_16
10
40
20
13.5
30
0
40
0.1
0
CIRCLE
8
drills_via_1_16
10
64.25
20
72
30
0
40
0.1
0
CIRCLE
8
drills_via_1_16
10
35
20
12
30
0
40
0.1
0
CIRCLE
8
drills_via_1_16
10
27.75
20
10.25
30
0
40
0.1
0
CIRCLE
8
drills_via_1_16
10
27.8
20
7.5
30
0
40
0.1
0
CIRCLE
8
drills_via_1_16
10
63.75
20
10.25
30
0
40
0.1
0
CIRCLE
8
drills_via_1_16
10
75.25
20
12.25
30
0
40
0.1
0
CIRCLE
8
drills_via_1_16
10
74
20
41.75
30
0
40
0.1
0
CIRCLE
8
drills_via_1_16
10
36.5
20
10.25
30
0
40
0.1
0
CIRCLE
8
drills_via_1_16
10
45
20
5.5
30
0
40
0.1
0
CIRCLE
8
drills_via_1_16
10
62.75
20
7.75
30
0
40
0.1
0
CIRCLE
8
drills_via_1_16
10
54
20
72
30
0
40
0.1
0
CIRCLE
8
drills_via_1_16
10
38.25
20
7.25
30
0
40
0.1
0
CIRCLE
8
drills_via_1_16
10
38
20
12.25
30
0
40
0.1
0
CIRCLE
8
drills_via_1_16
10
49.75
20
13.75
30
0
40
0.1
0
CIRCLE
8
drills_via_1_16
10
35
20
4.75
30
0
40
0.1
0
CIRCLE
8
drills_via_1_16
10
27
20
12.75
30
0
40
0.1
0
CIRCLE
8
drills_via_1_16
10
12.25
20
32
30
0
40
0.1
0
CIRCLE
8
drills_via_1_16
10
7.5
20
47.5
30
0
40
0.1
0
CIRCLE
8
drills_via_1_16
10
2.35
20
28.3
30
0
40
0.1
0
CIRCLE
8
drills_via_1_16
10
7.5
20
71.25
30
0
40
0.1
0
CIRCLE
8
drills_via_1_16
10
22.25
20
11.5
30
0
40
0.1
0
CIRCLE
8
drills_via_1_16
10
24
20
23.75
30
0
40
0.1
0
CIRCLE
8
drills_via_1_16
10
45.25
20
49.5
30
0
40
0.1
0
CIRCLE
8
drills_via_1_16
10
44.15
20
60.5
30
0
40
0.1
0
CIRCLE
8
drills_via_1_16
10
48.25
20
7
30
0
40
0.1
0
CIRCLE
8
drills_via_1_16
10
50.300000000000004
20
23.6
30
0
40
0.1
0
CIRCLE
8
drills_via_1_16
10
11
20
9.5
30
0
40
0.1
0
CIRCLE
8
drills_via_1_16
10
12.25
20
25.25
30
0
40
0.1
0
CIRCLE
8
drills_via_1_16
10
39
20
8.5
30
0
40
0.1
0
CIRCLE
8
drills_via_1_16
10
18.5
20
45
30
0
40
0.1
0
CIRCLE
8
drills_via_1_16
10
19
20
64
30
0
40
0.1
0
CIRCLE
8
drills_via_1_16
10
24.25
20
43.75
30
0
40
0.1
0
CIRCLE
8
drills_via_1_16
10
24.25
20
61
30
0
40
0.1
0
CIRCLE
8
drills_via_1_16
10
42.75
20
8.25
30
0
40
0.1
0
CIRCLE
8
drills_via_1_16
10
13.25
20
9.25
30
0
40
0.1
0
CIRCLE
8
drills_via_1_16
10
21.5
20
25.75
30
0
40
0.1
0
CIRCLE
8
drills_via_1_16
10
2.5500000000000003
20
14.9
30
0
40
0.1
0
CIRCLE
8
drills_via_1_16
10
2.5
20
47.95
30
0
40
0.1
0
CIRCLE
8
drills_via_1_16
10
41
20
9.5
30
0
40
0.1
0
CIRCLE
8
drills_via_1_16
10
12.5
20
11
30
0
40
0.1
0
CIRCLE
8
drills_via_1_16
10
12.75
20
29
30
0
40
0.1
0
CIRCLE
8
drills_via_1_16
10
15.75
20
46.25
30
0
40
0.1
0
CIRCLE
8
drills_via_1_16
10
33.5
20
66.5
30
0
40
0.1
0
CIRCLE
8
drills_via_1_16
10
33.5
20
48
30
0
40
0.1
0
CIRCLE
8
drills_via_1_16
10
25
20
48.75
30
0
40
0.1
0
CIRCLE
8
drills_via_1_16
10
25
20
67.25
30
0
40
0.1
0
CIRCLE
8
drills_via_1_16
10
44.650000000000006
20
12
30
0
40
0.1
0
CIRCLE
8
drills_via_1_16
10
47.5
20
27.25
30
0
40
0.1
0
CIRCLE
8
drills_via_1_16
10
20.75
20
34
30
0
40
0.1
0
CIRCLE
8
drills_via_1_16
10
36.5
20
4.5
30
0
40
0.1
0
CIRCLE
8
drills_via_1_16
10
7.75
20
6.5
30
0
40
0.1
0
CIRCLE
8
drills_via_1_16
10
2.75
20
22.25
30
0
40
0.1
0
CIRCLE
8
drills_via_1_16
10
3.25
20
41.5
30
0
40
0.1
0
CIRCLE
8
drills_via_1_16
10
3.3000000000000003
20
60.35
30
0
40
0.1
0
CIRCLE
8
drills_via_1_16
10
8
20
12
30
0
40
0.1
0
CIRCLE
8
drills_via_1_16
10
4
20
25.400000000000002
30
0
40
0.1
0
CIRCLE
8
drills_via_1_16
10
5
20
43.5
30
0
40
0.1
0
CIRCLE
8
drills_via_1_16
10
5.2
20
62.25
30
0
40
0.1
0
CIRCLE
8
drills_via_1_16
10
49.5
20
72.25
30
0
40
0.1
0
CIRCLE
8
drills_via_1_16
10
54.5
20
70.25
30
0
40
0.1
0
CIRCLE
8
drills_via_1_16
10
47.75
20
66.25
30
0
40
0.1
0
CIRCLE
8
drills_via_1_16
10
73.75
20
60.5
30
0
40
0.1
0
CIRCLE
8
drills_via_1_16
10
54.75
20
69
30
0
40
0.1
0
CIRCLE
8
drills_via_1_16
10
48.25
20
62.5
30
0
40
0.1
0
CIRCLE
8
drills_via_1_16
10
54.5
20
65.25
30
0
40
0.1
0
CIRCLE
8
drills_via_1_16
10
45.95
20
60.35
30
0
40
0.1
0
CIRCLE
8
drills_via_1_16
10
54.5
20
64
30
0
40
0.1
0
CIRCLE
8
drills_via_1_16
10
35
20
49.75
30
0
40
0.1
0
CIRCLE
8
drills_via_1_16
10
16.5
20
56.25
30
0
40
0.1
0
CIRCLE
8
drills_via_1_16
10
54.5
20
51.25
30
0
40
0.1
0
CIRCLE
8
drills_via_1_16
10
47.75
20
47.25
30
0
40
0.1
0
CIRCLE
8
drills_via_1_16
10
51.5
20
55.75
30
0
40
0.1
0
CIRCLE
8
drills_via_1_16
10
48.25
20
43
30
0
40
0.1
0
CIRCLE
8
drills_via_1_16
10
54.5
20
46.25
30
0
40
0.1
0
CIRCLE
8
drills_via_1_16
10
38.5
20
46
30
0
40
0.1
0
CIRCLE
8
drills_via_1_16
10
54.5
20
45
30
0
40
0.1
0
CIRCLE
8
drills_via_1_16
10
45.25
20
31.75
30
0
40
0.1
0
CIRCLE
8
drills_via_1_16
10
24.25
20
33
30
0
40
0.1
0
CIRCLE
8
drills_via_1_16
10
52
20
33.75
30
0
40
0.1
0
CIRCLE
8
drills_via_1_16
10
25
20
36
30
0
40
0.1
0
CIRCLE
8
drills_via_1_16
10
54.5
20
32.25
30
0
40
0.1
0
CIRCLE
8
drills_via_1_16
10
59.25
20
29.25
30
0
40
0.1
0
CIRCLE
8
drills_via_1_16
10
54.5
20
31
30
0
40
0.1
0
CIRCLE
8
drills_via_1_16
10
54.5
20
28.5
30
0
40
0.1
0
CIRCLE
8
drills_via_1_16
10
48.25
20
26.5
30
0
40
0.1
0
CIRCLE
8
drills_via_1_16
10
47.5
20
24.75
30
0
40
0.1
0
CIRCLE
8
drills_via_1_16
10
54.5
20
26
30
0
40
0.1
0
CIRCLE
8
drills_via_1_16
10
16
20
18.25
30
0
40
0.1
0
CIRCLE
8
drills_via_1_16
10
47.5
20
12
30
0
40
0.1
0
CIRCLE
8
drills_via_1_16
10
36.35
20
17.400000000000002
30
0
40
0.1
0
CIRCLE
8
drills_via_1_16
10
25.5
20
12.75
30
0
40
0.1
0
CIRCLE
8
drills_via_1_16
10
52.25
20
7
30
0
40
0.1
0
CIRCLE
8
drills_via_1_16
10
54.5
20
7
30
0
40
0.1
0
CIRCLE
8
drills_via_1_16
10
52.25
20
6
30
0
40
0.1
0
CIRCLE
8
drills_via_1_16
10
45.25
20
30.75
30
0
40
0.1
0
CIRCLE
8
drills_via_1_16
10
44.1
20
41.5
30
0
40
0.1
0
ENDSEC
0
EOF